# WaveFront *.obj file (generated by Autodesk ATF)

mtllib Spotify Display.mtl

g Body1

v 2.100000 -0.150000 1.900000
v 2.100000 -0.150000 -1.900000
v 2.100241 -0.154901 -1.900241
v 2.100961 -0.159755 -1.900961
v 2.103806 -0.169134 -1.903806
v 2.108427 -0.177779 -1.908427
v 2.114645 -0.185355 -1.914645
v 2.122222 -0.191573 -1.922222
v 2.130866 -0.196194 -1.930866
v 2.140246 -0.199039 -1.940246
v 2.150000 -0.200000 -1.950000
v 2.150000 -0.200000 1.950000
v 2.140246 -0.199039 1.940246
v 2.130866 -0.196194 1.930866
v 2.122222 -0.191573 1.922222
v 2.114645 -0.185355 1.914645
v 2.108427 -0.177779 1.908427
v 2.103806 -0.169134 1.903806
v 2.100961 -0.159755 1.900961
v 2.100241 -0.154901 1.900241
v 2.101704 -0.162941 -1.671429
v 2.101704 -0.162941 -1.392857
v 2.101704 -0.162941 -1.114286
v 2.101704 -0.162941 -0.835714
v 2.101704 -0.162941 -0.557143
v 2.101704 -0.162941 -0.278571
v 2.101704 -0.162941 -0.000000
v 2.101704 -0.162941 0.278571
v 2.101704 -0.162941 0.557143
v 2.101704 -0.162941 0.835714
v 2.101704 -0.162941 1.114286
v 2.101704 -0.162941 1.392857
v 2.101704 -0.162941 1.671429
v 2.106699 -0.175000 -1.671429
v 2.106699 -0.175000 -1.392857
v 2.106699 -0.175000 -1.114286
v 2.106699 -0.175000 -0.835714
v 2.106699 -0.175000 -0.557143
v 2.106699 -0.175000 -0.278571
v 2.106699 -0.175000 -0.000000
v 2.106699 -0.175000 0.278571
v 2.106699 -0.175000 0.557143
v 2.106699 -0.175000 0.835714
v 2.106699 -0.175000 1.114286
v 2.106699 -0.175000 1.392857
v 2.106699 -0.175000 1.671429
v 2.114645 -0.185355 -1.671429
v 2.114645 -0.185355 -1.392857
v 2.114645 -0.185355 -1.114286
v 2.114645 -0.185355 -0.835714
v 2.114645 -0.185355 -0.557143
v 2.114645 -0.185355 -0.278571
v 2.114645 -0.185355 -0.000000
v 2.114645 -0.185355 0.278571
v 2.114645 -0.185355 0.557143
v 2.114645 -0.185355 0.835714
v 2.114645 -0.185355 1.114286
v 2.114645 -0.185355 1.392857
v 2.114645 -0.185355 1.671429
v 2.125000 -0.193301 -1.671429
v 2.125000 -0.193301 -1.392857
v 2.125000 -0.193301 -1.114286
v 2.125000 -0.193301 -0.835714
v 2.125000 -0.193301 -0.557143
v 2.125000 -0.193301 -0.278571
v 2.125000 -0.193301 -0.000000
v 2.125000 -0.193301 0.278571
v 2.125000 -0.193301 0.557143
v 2.125000 -0.193301 0.835714
v 2.125000 -0.193301 1.114286
v 2.125000 -0.193301 1.392857
v 2.125000 -0.193301 1.671429
v 2.137059 -0.198296 -1.671429
v 2.137059 -0.198296 -1.392857
v 2.137059 -0.198296 -1.114286
v 2.137059 -0.198296 -0.835714
v 2.137059 -0.198296 -0.557143
v 2.137059 -0.198296 -0.278571
v 2.137059 -0.198296 -0.000000
v 2.137059 -0.198296 0.278571
v 2.137059 -0.198296 0.557143
v 2.137059 -0.198296 0.835714
v 2.137059 -0.198296 1.114286
v 2.137059 -0.198296 1.392857
v 2.137059 -0.198296 1.671429
v -2.250000 -0.150000 -1.900000
v -2.250241 -0.154901 -1.900241
v -2.250961 -0.159755 -1.900961
v -2.253806 -0.169134 -1.903806
v -2.258426 -0.177779 -1.908427
v -2.264645 -0.185355 -1.914645
v -2.272221 -0.191573 -1.922222
v -2.280866 -0.196194 -1.930866
v -2.290245 -0.199039 -1.940246
v -2.300000 -0.200000 -1.950000
v -2.021875 -0.162941 -1.901704
v -1.743750 -0.162941 -1.901704
v -1.465625 -0.162941 -1.901704
v -1.187500 -0.162941 -1.901704
v -0.909375 -0.162941 -1.901704
v -0.631250 -0.162941 -1.901704
v -0.353125 -0.162941 -1.901704
v -0.075000 -0.162941 -1.901704
v 0.203125 -0.162941 -1.901704
v 0.481250 -0.162941 -1.901704
v 0.759375 -0.162941 -1.901704
v 1.037500 -0.162941 -1.901704
v 1.315625 -0.162941 -1.901704
v 1.593750 -0.162941 -1.901704
v 1.871875 -0.162941 -1.901704
v -2.021875 -0.175000 -1.906699
v -1.743750 -0.175000 -1.906699
v -1.465625 -0.175000 -1.906699
v -1.187500 -0.175000 -1.906699
v -0.909375 -0.175000 -1.906699
v -0.631250 -0.175000 -1.906699
v -0.353125 -0.175000 -1.906699
v -0.075000 -0.175000 -1.906699
v 0.203125 -0.175000 -1.906699
v 0.481250 -0.175000 -1.906699
v 0.759375 -0.175000 -1.906699
v 1.037500 -0.175000 -1.906699
v 1.315625 -0.175000 -1.906699
v 1.593750 -0.175000 -1.906699
v 1.871875 -0.175000 -1.906699
v -2.021875 -0.185355 -1.914645
v -1.743750 -0.185355 -1.914645
v -1.465625 -0.185355 -1.914645
v -1.187500 -0.185355 -1.914645
v -0.909375 -0.185355 -1.914645
v -0.631250 -0.185355 -1.914645
v -0.353125 -0.185355 -1.914645
v -0.075000 -0.185355 -1.914645
v 0.203125 -0.185355 -1.914645
v 0.481250 -0.185355 -1.914645
v 0.759375 -0.185355 -1.914645
v 1.037500 -0.185355 -1.914645
v 1.315625 -0.185355 -1.914645
v 1.593750 -0.185355 -1.914645
v 1.871875 -0.185355 -1.914645
v -2.021875 -0.193301 -1.925000
v -1.743750 -0.193301 -1.925000
v -1.465625 -0.193301 -1.925000
v -1.187500 -0.193301 -1.925000
v -0.909375 -0.193301 -1.925000
v -0.631250 -0.193301 -1.925000
v -0.353125 -0.193301 -1.925000
v -0.075000 -0.193301 -1.925000
v 0.203125 -0.193301 -1.925000
v 0.481250 -0.193301 -1.925000
v 0.759375 -0.193301 -1.925000
v 1.037500 -0.193301 -1.925000
v 1.315625 -0.193301 -1.925000
v 1.593750 -0.193301 -1.925000
v 1.871875 -0.193301 -1.925000
v -2.021875 -0.198296 -1.937059
v -1.743750 -0.198296 -1.937059
v -1.465625 -0.198296 -1.937059
v -1.187500 -0.198296 -1.937059
v -0.909375 -0.198296 -1.937059
v -0.631250 -0.198296 -1.937059
v -0.353125 -0.198296 -1.937059
v -0.075000 -0.198296 -1.937059
v 0.203125 -0.198296 -1.937059
v 0.481250 -0.198296 -1.937059
v 0.759375 -0.198296 -1.937059
v 1.037500 -0.198296 -1.937059
v 1.315625 -0.198296 -1.937059
v 1.593750 -0.198296 -1.937059
v 1.871875 -0.198296 -1.937059
v -2.300000 -0.200000 1.950000
v -2.250000 -0.150000 1.900000
v -2.250241 -0.154901 1.900241
v -2.250961 -0.159755 1.900961
v -2.253806 -0.169134 1.903806
v -2.258426 -0.177779 1.908427
v -2.264645 -0.185355 1.914645
v -2.272221 -0.191573 1.922222
v -2.280866 -0.196194 1.930866
v -2.290245 -0.199039 1.940246
v -2.287059 -0.198296 -1.671429
v -2.287059 -0.198296 -1.392857
v -2.287059 -0.198296 -1.114286
v -2.287059 -0.198296 -0.835714
v -2.287059 -0.198296 -0.557143
v -2.287059 -0.198296 -0.278571
v -2.287059 -0.198296 0.000000
v -2.287059 -0.198296 0.278571
v -2.287059 -0.198296 0.557143
v -2.287059 -0.198296 0.835714
v -2.287059 -0.198296 1.114286
v -2.287059 -0.198296 1.392857
v -2.287059 -0.198296 1.671429
v -2.275000 -0.193301 -1.671429
v -2.275000 -0.193301 -1.392857
v -2.275000 -0.193301 -1.114286
v -2.275000 -0.193301 -0.835714
v -2.275000 -0.193301 -0.557143
v -2.275000 -0.193301 -0.278571
v -2.275000 -0.193301 0.000000
v -2.275000 -0.193301 0.278571
v -2.275000 -0.193301 0.557143
v -2.275000 -0.193301 0.835714
v -2.275000 -0.193301 1.114286
v -2.275000 -0.193301 1.392857
v -2.275000 -0.193301 1.671429
v -2.264645 -0.185355 -1.671429
v -2.264645 -0.185355 -1.392857
v -2.264645 -0.185355 -1.114286
v -2.264645 -0.185355 -0.835714
v -2.264645 -0.185355 -0.557143
v -2.264645 -0.185355 -0.278571
v -2.264645 -0.185355 0.000000
v -2.264645 -0.185355 0.278571
v -2.264645 -0.185355 0.557143
v -2.264645 -0.185355 0.835714
v -2.264645 -0.185355 1.114286
v -2.264645 -0.185355 1.392857
v -2.264645 -0.185355 1.671429
v -2.256699 -0.175000 -1.671429
v -2.256699 -0.175000 -1.392857
v -2.256699 -0.175000 -1.114286
v -2.256699 -0.175000 -0.835714
v -2.256699 -0.175000 -0.557143
v -2.256699 -0.175000 -0.278571
v -2.256699 -0.175000 0.000000
v -2.256699 -0.175000 0.278571
v -2.256699 -0.175000 0.557143
v -2.256699 -0.175000 0.835714
v -2.256699 -0.175000 1.114286
v -2.256699 -0.175000 1.392857
v -2.256699 -0.175000 1.671429
v -2.251704 -0.162941 -1.671429
v -2.251704 -0.162941 -1.392857
v -2.251704 -0.162941 -1.114286
v -2.251704 -0.162941 -0.835714
v -2.251704 -0.162941 -0.557143
v -2.251704 -0.162941 -0.278571
v -2.251704 -0.162941 0.000000
v -2.251704 -0.162941 0.278571
v -2.251704 -0.162941 0.557143
v -2.251704 -0.162941 0.835714
v -2.251704 -0.162941 1.114286
v -2.251704 -0.162941 1.392857
v -2.251704 -0.162941 1.671429
v 1.871875 -0.162941 1.901704
v 1.593750 -0.162941 1.901704
v 1.315625 -0.162941 1.901704
v 1.037500 -0.162941 1.901704
v 0.759375 -0.162941 1.901704
v 0.481250 -0.162941 1.901704
v 0.203125 -0.162941 1.901704
v -0.075000 -0.162941 1.901704
v -0.353125 -0.162941 1.901704
v -0.631250 -0.162941 1.901704
v -0.909375 -0.162941 1.901704
v -1.187500 -0.162941 1.901704
v -1.465625 -0.162941 1.901704
v -1.743750 -0.162941 1.901704
v -2.021875 -0.162941 1.901704
v 1.871875 -0.175000 1.906699
v 1.593750 -0.175000 1.906699
v 1.315625 -0.175000 1.906699
v 1.037500 -0.175000 1.906699
v 0.759375 -0.175000 1.906699
v 0.481250 -0.175000 1.906699
v 0.203125 -0.175000 1.906699
v -0.075000 -0.175000 1.906699
v -0.353125 -0.175000 1.906699
v -0.631250 -0.175000 1.906699
v -0.909375 -0.175000 1.906699
v -1.187500 -0.175000 1.906699
v -1.465625 -0.175000 1.906699
v -1.743750 -0.175000 1.906699
v -2.021875 -0.175000 1.906699
v 1.871875 -0.185355 1.914645
v 1.593750 -0.185355 1.914645
v 1.315625 -0.185355 1.914645
v 1.037500 -0.185355 1.914645
v 0.759375 -0.185355 1.914645
v 0.481250 -0.185355 1.914645
v 0.203125 -0.185355 1.914645
v -0.075000 -0.185355 1.914645
v -0.353125 -0.185355 1.914645
v -0.631250 -0.185355 1.914645
v -0.909375 -0.185355 1.914645
v -1.187500 -0.185355 1.914645
v -1.465625 -0.185355 1.914645
v -1.743750 -0.185355 1.914645
v -2.021875 -0.185355 1.914645
v 1.871875 -0.193301 1.925000
v 1.593750 -0.193301 1.925000
v 1.315625 -0.193301 1.925000
v 1.037500 -0.193301 1.925000
v 0.759375 -0.193301 1.925000
v 0.481250 -0.193301 1.925000
v 0.203125 -0.193301 1.925000
v -0.075000 -0.193301 1.925000
v -0.353125 -0.193301 1.925000
v -0.631250 -0.193301 1.925000
v -0.909375 -0.193301 1.925000
v -1.187500 -0.193301 1.925000
v -1.465625 -0.193301 1.925000
v -1.743750 -0.193301 1.925000
v -2.021875 -0.193301 1.925000
v 1.871875 -0.198296 1.937059
v 1.593750 -0.198296 1.937059
v 1.315625 -0.198296 1.937059
v 1.037500 -0.198296 1.937059
v 0.759375 -0.198296 1.937059
v 0.481250 -0.198296 1.937059
v 0.203125 -0.198296 1.937059
v -0.075000 -0.198296 1.937059
v -0.353125 -0.198296 1.937059
v -0.631250 -0.198296 1.937059
v -0.909375 -0.198296 1.937059
v -1.187500 -0.198296 1.937059
v -1.465625 -0.198296 1.937059
v -1.743750 -0.198296 1.937059
v -2.021875 -0.198296 1.937059
v 2.100000 -0.050000 -1.900000
v -2.250000 -0.050000 -1.900000
v 2.100000 -0.050000 1.900000
v -3.109350 -0.200000 -2.000000
v 2.890650 -0.200000 -2.000000
v 2.890650 -0.200000 2.000000
v -3.109350 -0.200000 2.000000
v -2.300000 0.000000 -1.950000
v -2.300000 0.000000 1.950000
v -2.290245 -0.000961 1.940246
v -2.280866 -0.003806 1.930866
v -2.272221 -0.008427 1.922222
v -2.264645 -0.014645 1.914645
v -2.258426 -0.022221 1.908427
v -2.253806 -0.030866 1.903806
v -2.250961 -0.040245 1.900961
v -2.250241 -0.045099 1.900241
v -2.250000 -0.050000 1.900000
v -2.250241 -0.045099 -1.900241
v -2.250961 -0.040245 -1.900961
v -2.253806 -0.030866 -1.903806
v -2.258426 -0.022221 -1.908427
v -2.264645 -0.014645 -1.914645
v -2.272221 -0.008427 -1.922222
v -2.280866 -0.003806 -1.930866
v -2.290245 -0.000961 -1.940246
v -2.287059 -0.001704 1.671429
v -2.287059 -0.001704 1.392857
v -2.287059 -0.001704 1.114286
v -2.287059 -0.001704 0.835714
v -2.287059 -0.001704 0.557143
v -2.287059 -0.001704 0.278571
v -2.287059 -0.001704 0.000000
v -2.287059 -0.001704 -0.278571
v -2.287059 -0.001704 -0.557143
v -2.287059 -0.001704 -0.835714
v -2.287059 -0.001704 -1.114286
v -2.287059 -0.001704 -1.392857
v -2.287059 -0.001704 -1.671429
v -2.275000 -0.006699 1.671429
v -2.275000 -0.006699 1.392857
v -2.275000 -0.006699 1.114286
v -2.275000 -0.006699 0.835714
v -2.275000 -0.006699 0.557143
v -2.275000 -0.006699 0.278571
v -2.275000 -0.006699 0.000000
v -2.275000 -0.006699 -0.278571
v -2.275000 -0.006699 -0.557143
v -2.275000 -0.006699 -0.835714
v -2.275000 -0.006699 -1.114286
v -2.275000 -0.006699 -1.392857
v -2.275000 -0.006699 -1.671429
v -2.264645 -0.014645 1.671429
v -2.264645 -0.014645 1.392857
v -2.264645 -0.014645 1.114286
v -2.264645 -0.014645 0.835714
v -2.264645 -0.014645 0.557143
v -2.264645 -0.014645 0.278571
v -2.264645 -0.014645 0.000000
v -2.264645 -0.014645 -0.278571
v -2.264645 -0.014645 -0.557143
v -2.264645 -0.014645 -0.835714
v -2.264645 -0.014645 -1.114286
v -2.264645 -0.014645 -1.392857
v -2.264645 -0.014645 -1.671429
v -2.256699 -0.025000 1.671429
v -2.256699 -0.025000 1.392857
v -2.256699 -0.025000 1.114286
v -2.256699 -0.025000 0.835714
v -2.256699 -0.025000 0.557143
v -2.256699 -0.025000 0.278571
v -2.256699 -0.025000 0.000000
v -2.256699 -0.025000 -0.278571
v -2.256699 -0.025000 -0.557143
v -2.256699 -0.025000 -0.835714
v -2.256699 -0.025000 -1.114286
v -2.256699 -0.025000 -1.392857
v -2.256699 -0.025000 -1.671429
v -2.251704 -0.037059 1.671429
v -2.251704 -0.037059 1.392857
v -2.251704 -0.037059 1.114286
v -2.251704 -0.037059 0.835714
v -2.251704 -0.037059 0.557143
v -2.251704 -0.037059 0.278571
v -2.251704 -0.037059 0.000000
v -2.251704 -0.037059 -0.278571
v -2.251704 -0.037059 -0.557143
v -2.251704 -0.037059 -0.835714
v -2.251704 -0.037059 -1.114286
v -2.251704 -0.037059 -1.392857
v -2.251704 -0.037059 -1.671429
v 2.150000 0.000000 1.950000
v 2.140246 -0.000961 1.940246
v 2.130866 -0.003806 1.930866
v 2.122222 -0.008427 1.922222
v 2.114645 -0.014645 1.914645
v 2.108427 -0.022221 1.908427
v 2.103806 -0.030866 1.903806
v 2.100961 -0.040245 1.900961
v 2.100241 -0.045099 1.900241
v 1.871875 -0.001704 1.937059
v 1.593750 -0.001704 1.937059
v 1.315625 -0.001704 1.937059
v 1.037500 -0.001704 1.937059
v 0.759375 -0.001704 1.937059
v 0.481250 -0.001704 1.937059
v 0.203125 -0.001704 1.937059
v -0.075000 -0.001704 1.937059
v -0.353125 -0.001704 1.937059
v -0.631250 -0.001704 1.937059
v -0.909375 -0.001704 1.937059
v -1.187500 -0.001704 1.937059
v -1.465625 -0.001704 1.937059
v -1.743750 -0.001704 1.937059
v -2.021875 -0.001704 1.937059
v 1.871875 -0.006699 1.925000
v 1.593750 -0.006699 1.925000
v 1.315625 -0.006699 1.925000
v 1.037500 -0.006699 1.925000
v 0.759375 -0.006699 1.925000
v 0.481250 -0.006699 1.925000
v 0.203125 -0.006699 1.925000
v -0.075000 -0.006699 1.925000
v -0.353125 -0.006699 1.925000
v -0.631250 -0.006699 1.925000
v -0.909375 -0.006699 1.925000
v -1.187500 -0.006699 1.925000
v -1.465625 -0.006699 1.925000
v -1.743750 -0.006699 1.925000
v -2.021875 -0.006699 1.925000
v 1.871875 -0.014645 1.914645
v 1.593750 -0.014645 1.914645
v 1.315625 -0.014645 1.914645
v 1.037500 -0.014645 1.914645
v 0.759375 -0.014645 1.914645
v 0.481250 -0.014645 1.914645
v 0.203125 -0.014645 1.914645
v -0.075000 -0.014645 1.914645
v -0.353125 -0.014645 1.914645
v -0.631250 -0.014645 1.914645
v -0.909375 -0.014645 1.914645
v -1.187500 -0.014645 1.914645
v -1.465625 -0.014645 1.914645
v -1.743750 -0.014645 1.914645
v -2.021875 -0.014645 1.914645
v 1.871875 -0.025000 1.906699
v 1.593750 -0.025000 1.906699
v 1.315625 -0.025000 1.906699
v 1.037500 -0.025000 1.906699
v 0.759375 -0.025000 1.906699
v 0.481250 -0.025000 1.906699
v 0.203125 -0.025000 1.906699
v -0.075000 -0.025000 1.906699
v -0.353125 -0.025000 1.906699
v -0.631250 -0.025000 1.906699
v -0.909375 -0.025000 1.906699
v -1.187500 -0.025000 1.906699
v -1.465625 -0.025000 1.906699
v -1.743750 -0.025000 1.906699
v -2.021875 -0.025000 1.906699
v 1.871875 -0.037059 1.901704
v 1.593750 -0.037059 1.901704
v 1.315625 -0.037059 1.901704
v 1.037500 -0.037059 1.901704
v 0.759375 -0.037059 1.901704
v 0.481250 -0.037059 1.901704
v 0.203125 -0.037059 1.901704
v -0.075000 -0.037059 1.901704
v -0.353125 -0.037059 1.901704
v -0.631250 -0.037059 1.901704
v -0.909375 -0.037059 1.901704
v -1.187500 -0.037059 1.901704
v -1.465625 -0.037059 1.901704
v -1.743750 -0.037059 1.901704
v -2.021875 -0.037059 1.901704
v 2.150000 0.000000 -1.950000
v 2.140246 -0.000961 -1.940246
v 2.130866 -0.003806 -1.930866
v 2.122222 -0.008427 -1.922222
v 2.114645 -0.014645 -1.914645
v 2.108427 -0.022221 -1.908427
v 2.103806 -0.030866 -1.903806
v 2.100961 -0.040245 -1.900961
v 2.100241 -0.045099 -1.900241
v 2.137059 -0.001704 -1.671429
v 2.137059 -0.001704 -1.392857
v 2.137059 -0.001704 -1.114286
v 2.137059 -0.001704 -0.835714
v 2.137059 -0.001704 -0.557143
v 2.137059 -0.001704 -0.278571
v 2.137059 -0.001704 -0.000000
v 2.137059 -0.001704 0.278571
v 2.137059 -0.001704 0.557143
v 2.137059 -0.001704 0.835714
v 2.137059 -0.001704 1.114286
v 2.137059 -0.001704 1.392857
v 2.137059 -0.001704 1.671429
v 2.125000 -0.006699 -1.671429
v 2.125000 -0.006699 -1.392857
v 2.125000 -0.006699 -1.114286
v 2.125000 -0.006699 -0.835714
v 2.125000 -0.006699 -0.557143
v 2.125000 -0.006699 -0.278571
v 2.125000 -0.006699 -0.000000
v 2.125000 -0.006699 0.278571
v 2.125000 -0.006699 0.557143
v 2.125000 -0.006699 0.835714
v 2.125000 -0.006699 1.114286
v 2.125000 -0.006699 1.392857
v 2.125000 -0.006699 1.671429
v 2.114645 -0.014645 -1.671429
v 2.114645 -0.014645 -1.392857
v 2.114645 -0.014645 -1.114286
v 2.114645 -0.014645 -0.835714
v 2.114645 -0.014645 -0.557143
v 2.114645 -0.014645 -0.278571
v 2.114645 -0.014645 -0.000000
v 2.114645 -0.014645 0.278571
v 2.114645 -0.014645 0.557143
v 2.114645 -0.014645 0.835714
v 2.114645 -0.014645 1.114286
v 2.114645 -0.014645 1.392857
v 2.114645 -0.014645 1.671429
v 2.106699 -0.025000 -1.671429
v 2.106699 -0.025000 -1.392857
v 2.106699 -0.025000 -1.114286
v 2.106699 -0.025000 -0.835714
v 2.106699 -0.025000 -0.557143
v 2.106699 -0.025000 -0.278571
v 2.106699 -0.025000 -0.000000
v 2.106699 -0.025000 0.278571
v 2.106699 -0.025000 0.557143
v 2.106699 -0.025000 0.835714
v 2.106699 -0.025000 1.114286
v 2.106699 -0.025000 1.392857
v 2.106699 -0.025000 1.671429
v 2.101704 -0.037059 -1.671429
v 2.101704 -0.037059 -1.392857
v 2.101704 -0.037059 -1.114286
v 2.101704 -0.037059 -0.835714
v 2.101704 -0.037059 -0.557143
v 2.101704 -0.037059 -0.278571
v 2.101704 -0.037059 -0.000000
v 2.101704 -0.037059 0.278571
v 2.101704 -0.037059 0.557143
v 2.101704 -0.037059 0.835714
v 2.101704 -0.037059 1.114286
v 2.101704 -0.037059 1.392857
v 2.101704 -0.037059 1.671429
v 1.871875 -0.037059 -1.901704
v 1.593750 -0.037059 -1.901704
v 1.315625 -0.037059 -1.901704
v 1.037500 -0.037059 -1.901704
v 0.759375 -0.037059 -1.901704
v 0.481250 -0.037059 -1.901704
v 0.203125 -0.037059 -1.901704
v -0.075000 -0.037059 -1.901704
v -0.353125 -0.037059 -1.901704
v -0.631250 -0.037059 -1.901704
v -0.909375 -0.037059 -1.901704
v -1.187500 -0.037059 -1.901704
v -1.465625 -0.037059 -1.901704
v -1.743750 -0.037059 -1.901704
v -2.021875 -0.037059 -1.901704
v 1.871875 -0.025000 -1.906699
v 1.593750 -0.025000 -1.906699
v 1.315625 -0.025000 -1.906699
v 1.037500 -0.025000 -1.906699
v 0.759375 -0.025000 -1.906699
v 0.481250 -0.025000 -1.906699
v 0.203125 -0.025000 -1.906699
v -0.075000 -0.025000 -1.906699
v -0.353125 -0.025000 -1.906699
v -0.631250 -0.025000 -1.906699
v -0.909375 -0.025000 -1.906699
v -1.187500 -0.025000 -1.906699
v -1.465625 -0.025000 -1.906699
v -1.743750 -0.025000 -1.906699
v -2.021875 -0.025000 -1.906699
v 1.871875 -0.014645 -1.914645
v 1.593750 -0.014645 -1.914645
v 1.315625 -0.014645 -1.914645
v 1.037500 -0.014645 -1.914645
v 0.759375 -0.014645 -1.914645
v 0.481250 -0.014645 -1.914645
v 0.203125 -0.014645 -1.914645
v -0.075000 -0.014645 -1.914645
v -0.353125 -0.014645 -1.914645
v -0.631250 -0.014645 -1.914645
v -0.909375 -0.014645 -1.914645
v -1.187500 -0.014645 -1.914645
v -1.465625 -0.014645 -1.914645
v -1.743750 -0.014645 -1.914645
v -2.021875 -0.014645 -1.914645
v 1.871875 -0.006699 -1.925000
v 1.593750 -0.006699 -1.925000
v 1.315625 -0.006699 -1.925000
v 1.037500 -0.006699 -1.925000
v 0.759375 -0.006699 -1.925000
v 0.481250 -0.006699 -1.925000
v 0.203125 -0.006699 -1.925000
v -0.075000 -0.006699 -1.925000
v -0.353125 -0.006699 -1.925000
v -0.631250 -0.006699 -1.925000
v -0.909375 -0.006699 -1.925000
v -1.187500 -0.006699 -1.925000
v -1.465625 -0.006699 -1.925000
v -1.743750 -0.006699 -1.925000
v -2.021875 -0.006699 -1.925000
v 1.871875 -0.001704 -1.937059
v 1.593750 -0.001704 -1.937059
v 1.315625 -0.001704 -1.937059
v 1.037500 -0.001704 -1.937059
v 0.759375 -0.001704 -1.937059
v 0.481250 -0.001704 -1.937059
v 0.203125 -0.001704 -1.937059
v -0.075000 -0.001704 -1.937059
v -0.353125 -0.001704 -1.937059
v -0.631250 -0.001704 -1.937059
v -0.909375 -0.001704 -1.937059
v -1.187500 -0.001704 -1.937059
v -1.465625 -0.001704 -1.937059
v -1.743750 -0.001704 -1.937059
v -2.021875 -0.001704 -1.937059
v -3.109350 0.000000 -2.500000
v -3.109350 0.000000 2.000000
v 2.890650 0.000000 2.000000
v 2.890650 0.000000 -2.500000
v -0.289063 -4.680903 2.000000
v -0.278841 -4.603257 2.000000
v -0.248871 -4.530903 2.000000
v -0.201195 -4.468771 2.000000
v -0.139063 -4.421095 2.000000
v -0.066709 -4.391125 2.000000
v 0.010937 -4.380903 2.000000
v 0.088582 -4.391125 2.000000
v 0.160937 -4.421095 2.000000
v 0.223069 -4.468771 2.000000
v 0.270744 -4.530903 2.000000
v 0.300714 -4.603257 2.000000
v 0.310937 -4.680903 2.000000
v 0.300714 -4.758549 2.000000
v 0.270744 -4.830903 2.000000
v 0.223069 -4.893035 2.000000
v 0.160937 -4.940711 2.000000
v 0.088582 -4.970681 2.000000
v 0.010937 -4.980903 2.000000
v -0.066709 -4.970681 2.000000
v -0.139063 -4.940711 2.000000
v -0.201195 -4.893035 2.000000
v -0.248871 -4.830903 2.000000
v -0.278841 -4.758549 2.000000
v -0.289063 -4.680903 2.500000
v -0.278841 -4.758549 2.500000
v -0.248871 -4.830903 2.500000
v -0.201195 -4.893035 2.500000
v -0.139063 -4.940711 2.500000
v -0.066709 -4.970681 2.500000
v 0.010937 -4.980903 2.500000
v 0.088582 -4.970681 2.500000
v 0.160937 -4.940711 2.500000
v 0.223069 -4.893035 2.500000
v 0.270744 -4.830903 2.500000
v 0.300714 -4.758549 2.500000
v 0.310937 -4.680903 2.500000
v 0.300714 -4.603257 2.500000
v 0.270744 -4.530903 2.500000
v 0.223069 -4.468771 2.500000
v 0.160937 -4.421095 2.500000
v 0.088582 -4.391125 2.500000
v 0.010937 -4.380903 2.500000
v -0.066709 -4.391125 2.500000
v -0.139063 -4.421095 2.500000
v -0.201195 -4.468771 2.500000
v -0.248871 -4.530903 2.500000
v -0.278841 -4.603257 2.500000
v -2.656850 -2.238150 2.000000
v -1.356850 -2.238150 2.000000
v -1.356850 -2.238150 2.500000
v -2.656850 -2.238150 2.500000
v -2.706850 -2.288150 2.000000
v -2.705147 -2.275209 2.000000
v -2.700152 -2.263150 2.000000
v -2.692206 -2.252794 2.000000
v -2.681850 -2.244848 2.000000
v -2.669791 -2.239853 2.000000
v -2.669791 -2.239853 2.500000
v -2.681850 -2.244848 2.500000
v -2.692206 -2.252794 2.500000
v -2.700152 -2.263150 2.500000
v -2.705147 -2.275209 2.500000
v -2.706850 -2.288150 2.500000
v -2.705147 -2.275209 2.250000
v -2.700152 -2.263150 2.250000
v -2.692206 -2.252794 2.250000
v -2.681850 -2.244848 2.250000
v -2.669791 -2.239853 2.250000
v -2.706850 -3.588150 2.000000
v -2.706850 -3.588150 2.500000
v -2.656850 -3.638150 2.000000
v -2.669791 -3.636446 2.000000
v -2.681850 -3.631451 2.000000
v -2.692206 -3.623505 2.000000
v -2.700152 -3.613150 2.000000
v -2.705147 -3.601091 2.000000
v -2.705147 -3.601091 2.500000
v -2.700152 -3.613150 2.500000
v -2.692206 -3.623505 2.500000
v -2.681850 -3.631451 2.500000
v -2.669791 -3.636446 2.500000
v -2.656850 -3.638150 2.500000
v -2.669791 -3.636446 2.250000
v -2.681850 -3.631451 2.250000
v -2.692206 -3.623505 2.250000
v -2.700152 -3.613150 2.250000
v -2.705147 -3.601091 2.250000
v -1.356850 -3.638150 2.000000
v -1.356850 -3.638150 2.500000
v -1.306850 -3.588150 2.000000
v -1.308554 -3.601091 2.000000
v -1.313549 -3.613150 2.000000
v -1.321495 -3.623505 2.000000
v -1.331850 -3.631451 2.000000
v -1.343909 -3.636446 2.000000
v -1.343909 -3.636446 2.500000
v -1.331850 -3.631451 2.500000
v -1.321495 -3.623505 2.500000
v -1.313549 -3.613150 2.500000
v -1.308554 -3.601091 2.500000
v -1.306850 -3.588150 2.500000
v -1.308554 -3.601091 2.250000
v -1.313549 -3.613150 2.250000
v -1.321495 -3.623505 2.250000
v -1.331850 -3.631451 2.250000
v -1.343909 -3.636446 2.250000
v -1.306850 -2.288150 2.000000
v -1.306850 -2.288150 2.500000
v -1.343909 -2.239853 2.000000
v -1.331850 -2.244848 2.000000
v -1.321495 -2.252794 2.000000
v -1.313549 -2.263150 2.000000
v -1.308554 -2.275209 2.000000
v -1.308554 -2.275209 2.500000
v -1.313549 -2.263150 2.500000
v -1.321495 -2.252794 2.500000
v -1.331850 -2.244848 2.500000
v -1.343909 -2.239853 2.500000
v -1.343909 -2.239853 2.250000
v -1.331850 -2.244848 2.250000
v -1.321495 -2.252794 2.250000
v -1.313549 -2.263150 2.250000
v -1.308554 -2.275209 2.250000
v -0.751850 -2.238150 2.000000
v 0.548150 -2.238150 2.000000
v 0.548150 -2.238150 2.500000
v -0.751850 -2.238150 2.500000
v -0.801850 -2.288150 2.000000
v -0.800147 -2.275209 2.000000
v -0.795152 -2.263150 2.000000
v -0.787206 -2.252794 2.000000
v -0.776850 -2.244848 2.000000
v -0.764791 -2.239853 2.000000
v -0.764791 -2.239853 2.500000
v -0.776850 -2.244848 2.500000
v -0.787206 -2.252794 2.500000
v -0.795152 -2.263150 2.500000
v -0.800147 -2.275209 2.500000
v -0.801850 -2.288150 2.500000
v -0.800147 -2.275209 2.250000
v -0.795152 -2.263150 2.250000
v -0.787206 -2.252794 2.250000
v -0.776850 -2.244848 2.250000
v -0.764791 -2.239853 2.250000
v -0.801850 -3.588150 2.000000
v -0.801850 -3.588150 2.500000
v -0.751850 -3.638150 2.000000
v -0.764791 -3.636446 2.000000
v -0.776850 -3.631451 2.000000
v -0.787206 -3.623505 2.000000
v -0.795152 -3.613150 2.000000
v -0.800147 -3.601091 2.000000
v -0.800147 -3.601091 2.500000
v -0.795152 -3.613150 2.500000
v -0.787206 -3.623505 2.500000
v -0.776850 -3.631451 2.500000
v -0.764791 -3.636446 2.500000
v -0.751850 -3.638150 2.500000
v -0.764791 -3.636446 2.250000
v -0.776850 -3.631451 2.250000
v -0.787206 -3.623505 2.250000
v -0.795152 -3.613150 2.250000
v -0.800147 -3.601091 2.250000
v 0.548150 -3.638150 2.000000
v 0.548150 -3.638150 2.500000
v 0.598150 -3.588150 2.000000
v 0.596446 -3.601091 2.000000
v 0.591451 -3.613150 2.000000
v 0.583505 -3.623505 2.000000
v 0.573150 -3.631451 2.000000
v 0.561091 -3.636446 2.000000
v 0.561091 -3.636446 2.500000
v 0.573150 -3.631451 2.500000
v 0.583505 -3.623505 2.500000
v 0.591451 -3.613150 2.500000
v 0.596446 -3.601091 2.500000
v 0.598150 -3.588150 2.500000
v 0.596446 -3.601091 2.250000
v 0.591451 -3.613150 2.250000
v 0.583505 -3.623505 2.250000
v 0.573150 -3.631451 2.250000
v 0.561091 -3.636446 2.250000
v 0.598150 -2.288150 2.000000
v 0.598150 -2.288150 2.500000
v 0.561091 -2.239853 2.000000
v 0.573150 -2.244848 2.000000
v 0.583505 -2.252794 2.000000
v 0.591451 -2.263150 2.000000
v 0.596446 -2.275209 2.000000
v 0.596446 -2.275209 2.500000
v 0.591451 -2.263150 2.500000
v 0.583505 -2.252794 2.500000
v 0.573150 -2.244848 2.500000
v 0.561091 -2.239853 2.500000
v 0.561091 -2.239853 2.250000
v 0.573150 -2.244848 2.250000
v 0.583505 -2.252794 2.250000
v 0.591451 -2.263150 2.250000
v 0.596446 -2.275209 2.250000
v 1.153150 -2.238150 2.000000
v 2.453150 -2.238150 2.000000
v 2.453150 -2.238150 2.500000
v 1.153150 -2.238150 2.500000
v 1.103150 -2.288150 2.000000
v 1.104853 -2.275209 2.000000
v 1.109848 -2.263150 2.000000
v 1.117794 -2.252794 2.000000
v 1.128150 -2.244848 2.000000
v 1.140209 -2.239853 2.000000
v 1.140209 -2.239853 2.500000
v 1.128150 -2.244848 2.500000
v 1.117794 -2.252794 2.500000
v 1.109848 -2.263150 2.500000
v 1.104853 -2.275209 2.500000
v 1.103150 -2.288150 2.500000
v 1.104853 -2.275209 2.250000
v 1.109848 -2.263150 2.250000
v 1.117794 -2.252794 2.250000
v 1.128150 -2.244848 2.250000
v 1.140209 -2.239853 2.250000
v 1.103150 -3.588150 2.000000
v 1.103150 -3.588150 2.500000
v 1.153150 -3.638150 2.000000
v 1.140209 -3.636446 2.000000
v 1.128150 -3.631451 2.000000
v 1.117794 -3.623505 2.000000
v 1.109848 -3.613150 2.000000
v 1.104853 -3.601091 2.000000
v 1.104853 -3.601091 2.500000
v 1.109848 -3.613150 2.500000
v 1.117794 -3.623505 2.500000
v 1.128150 -3.631451 2.500000
v 1.140209 -3.636446 2.500000
v 1.153150 -3.638150 2.500000
v 1.140209 -3.636446 2.250000
v 1.128150 -3.631451 2.250000
v 1.117794 -3.623505 2.250000
v 1.109848 -3.613150 2.250000
v 1.104853 -3.601091 2.250000
v 2.453150 -3.638150 2.000000
v 2.453150 -3.638150 2.500000
v 2.503150 -3.588150 2.000000
v 2.501446 -3.601091 2.000000
v 2.496451 -3.613150 2.000000
v 2.488505 -3.623505 2.000000
v 2.478150 -3.631451 2.000000
v 2.466091 -3.636446 2.000000
v 2.466091 -3.636446 2.500000
v 2.478150 -3.631451 2.500000
v 2.488505 -3.623505 2.500000
v 2.496451 -3.613150 2.500000
v 2.501446 -3.601091 2.500000
v 2.503150 -3.588150 2.500000
v 2.501446 -3.601091 2.250000
v 2.496451 -3.613150 2.250000
v 2.488505 -3.623505 2.250000
v 2.478150 -3.631451 2.250000
v 2.466091 -3.636446 2.250000
v 2.503150 -2.288150 2.000000
v 2.503150 -2.288150 2.500000
v 2.466091 -2.239853 2.000000
v 2.478150 -2.244848 2.000000
v 2.488505 -2.252794 2.000000
v 2.496451 -2.263150 2.000000
v 2.501446 -2.275209 2.000000
v 2.501446 -2.275209 2.500000
v 2.496451 -2.263150 2.500000
v 2.488505 -2.252794 2.500000
v 2.478150 -2.244848 2.500000
v 2.466091 -2.239853 2.500000
v 2.466091 -2.239853 2.250000
v 2.478150 -2.244848 2.250000
v 2.488505 -2.252794 2.250000
v 2.496451 -2.263150 2.250000
v 2.501446 -2.275209 2.250000
v -3.238760 -0.017037 -2.500000
v -3.359350 -0.066987 -2.500000
v -3.462904 -0.146447 -2.500000
v -3.542363 -0.250000 -2.500000
v -3.592313 -0.370590 -2.500000
v -3.609350 -0.500000 -2.500000
v -3.609350 -0.500000 2.000000
v -3.592313 -0.370590 2.000000
v -3.542363 -0.250000 2.000000
v -3.462904 -0.146447 2.000000
v -3.359350 -0.066987 2.000000
v -3.238760 -0.017037 2.000000
v -3.238760 -0.017037 -0.250000
v -3.359350 -0.066987 -0.250000
v -3.462904 -0.146447 -0.250000
v -3.542363 -0.250000 -0.250000
v -3.592313 -0.370590 -0.250000
v -3.609350 -6.000000 2.000000
v -3.592313 -6.000000 2.129410
v -3.542363 -6.000000 2.250000
v -3.462904 -6.000000 2.353553
v -3.359350 -6.000000 2.433013
v -3.238760 -6.000000 2.482963
v -3.109350 -6.000000 2.500000
v -3.109350 -0.500000 2.500000
v -3.238760 -0.500000 2.482963
v -3.359350 -0.500000 2.433013
v -3.462904 -0.500000 2.353553
v -3.542363 -0.500000 2.250000
v -3.592313 -0.500000 2.129410
v -3.592313 -3.250000 2.129410
v -3.542363 -3.250000 2.250000
v -3.462904 -3.250000 2.353553
v -3.359350 -3.250000 2.433013
v -3.238760 -3.250000 2.482963
v -3.109350 -0.370590 2.482963
v -3.109350 -0.250000 2.433013
v -3.109350 -0.146447 2.353553
v -3.109350 -0.066987 2.250000
v -3.109350 -0.017037 2.129410
v -3.594585 -0.423044 2.092872
v -3.568102 -0.305678 2.042265
v -3.554509 -0.389883 2.199268
v -3.525562 -0.270479 2.155203
v -3.468251 -0.166716 2.100561
v -3.386481 -0.085666 2.039065
v -3.490562 -0.372757 2.297468
v -3.457683 -0.252300 2.259440
v -3.401065 -0.148723 2.203732
v -3.324568 -0.069085 2.134140
v -3.233404 -0.018813 2.055406
v -3.406818 -0.372757 2.381211
v -3.368791 -0.252300 2.348332
v -3.313083 -0.148723 2.291715
v -3.243490 -0.069085 2.215218
v -3.164757 -0.018813 2.124054
v -3.308619 -0.389883 2.445159
v -3.264553 -0.270479 2.416212
v -3.209911 -0.166716 2.358900
v -3.148416 -0.085666 2.277130
v -3.202222 -0.423044 2.485234
v -3.151615 -0.305678 2.458751
v 2.890650 -0.500000 2.500000
v 2.890650 -0.370590 2.482963
v 2.890650 -0.250000 2.433013
v 2.890650 -0.146447 2.353553
v 2.890650 -0.066987 2.250000
v 2.890650 -0.017037 2.129410
v -1.109350 -0.017037 2.129410
v 0.890650 -0.017037 2.129410
v -1.109350 -0.066987 2.250000
v 0.890650 -0.066987 2.250000
v -1.109350 -0.146447 2.353553
v 0.890650 -0.146447 2.353553
v -1.109350 -0.250000 2.433013
v 0.890650 -0.250000 2.433013
v -1.109350 -0.370590 2.482963
v 0.890650 -0.370590 2.482963
v 2.890650 -6.000000 2.500000
v 2.890650 -6.000000 2.000000
v 2.890650 -6.000000 -2.000000
v -3.109350 -6.000000 -2.000000
v -3.109350 -6.000000 2.000000
v -3.609350 -6.000000 -2.500000
v 3.390650 -6.000000 -2.500000
v 3.390650 -6.000000 2.000000
v 3.373613 -6.000000 2.129410
v 3.323662 -6.000000 2.250000
v 3.244203 -6.000000 2.353553
v 3.140650 -6.000000 2.433013
v 3.020059 -6.000000 2.482963
v 3.390650 -0.500000 2.000000
v 3.373613 -0.500000 2.129410
v 3.323662 -0.500000 2.250000
v 3.244203 -0.500000 2.353553
v 3.140650 -0.500000 2.433013
v 3.020059 -0.500000 2.482963
v 3.020059 -3.250000 2.482963
v 3.140650 -3.250000 2.433013
v 3.244203 -3.250000 2.353553
v 3.323662 -3.250000 2.250000
v 3.373613 -3.250000 2.129410
v 3.390650 -0.500000 -2.500000
v 3.373613 -0.370590 -2.500000
v 3.323662 -0.250000 -2.500000
v 3.244203 -0.146447 -2.500000
v 3.140650 -0.066987 -2.500000
v 3.020059 -0.017037 -2.500000
v 3.020059 -0.017037 2.000000
v 3.140650 -0.066987 2.000000
v 3.244203 -0.146447 2.000000
v 3.323662 -0.250000 2.000000
v 3.373613 -0.370590 2.000000
v 3.373613 -0.370590 -0.250000
v 3.323662 -0.250000 -0.250000
v 3.244203 -0.146447 -0.250000
v 3.140650 -0.066987 -0.250000
v 3.020059 -0.017037 -0.250000
v 2.983522 -0.423044 2.485234
v 3.349401 -0.305678 2.042265
v 3.375884 -0.423044 2.092872
v 3.167780 -0.085666 2.039065
v 3.249550 -0.166716 2.100561
v 3.306861 -0.270479 2.155203
v 3.335809 -0.389883 2.199268
v 3.014704 -0.018813 2.055406
v 3.105868 -0.069085 2.134140
v 3.182365 -0.148723 2.203732
v 3.238982 -0.252300 2.259440
v 3.271861 -0.372757 2.297468
v 2.946056 -0.018813 2.124054
v 3.024790 -0.069085 2.215218
v 3.094382 -0.148723 2.291715
v 3.150090 -0.252300 2.348332
v 3.188118 -0.372757 2.381211
v 2.929715 -0.085666 2.277130
v 2.991210 -0.166716 2.358900
v 3.045852 -0.270479 2.416212
v 3.089918 -0.389883 2.445159
v 2.932915 -0.305678 2.458751
vt 0.950000 -0.039270 0.000000
vt 0.950241 -0.034361 0.000000
vt -2.850000 -0.039270 0.000000
vt -2.850241 -0.034361 0.000000
vt -2.850961 -0.029452 0.000000
vt -1.507143 -0.026180 0.000000
vt -1.785714 -0.026180 0.000000
vt -1.785714 -0.013090 0.000000
vt -2.064286 -0.013090 0.000000
vt -2.064286 -0.000000 0.000000
vt -2.342857 -0.000000 0.000000
vt -2.342857 0.013090 0.000000
vt -2.621429 0.013090 0.000000
vt -2.621429 0.026180 0.000000
vt -2.880866 0.019635 0.000000
vt -2.890246 0.029452 0.000000
vt -2.900000 0.039270 0.000000
vt -2.342857 0.026180 0.000000
vt -2.064286 0.026180 0.000000
vt -2.064286 0.013090 0.000000
vt -1.785714 0.013090 0.000000
vt -1.785714 -0.000000 0.000000
vt -1.507143 -0.000000 0.000000
vt -1.507143 -0.013090 0.000000
vt -1.228571 -0.013090 0.000000
vt -1.228571 -0.026180 0.000000
vt -0.950000 -0.026180 0.000000
vt -0.671429 -0.026180 0.000000
vt -0.392857 -0.026180 0.000000
vt -0.671429 -0.013090 0.000000
vt -0.392857 -0.013090 0.000000
vt -0.671429 -0.000000 0.000000
vt -0.392857 -0.000000 0.000000
vt -0.671429 0.013090 0.000000
vt -0.392857 0.013090 0.000000
vt -0.671429 0.026180 0.000000
vt -0.392857 0.026180 0.000000
vt 0.990245 0.029452 0.000000
vt 1.000000 0.039270 0.000000
vt 0.950961 -0.029452 0.000000
vt 0.721429 -0.026180 0.000000
vt 0.442857 -0.026180 0.000000
vt 0.164286 -0.026180 0.000000
vt 0.164286 -0.013090 0.000000
vt -0.114286 -0.013090 0.000000
vt -0.114286 -0.000000 0.000000
vt 0.953806 -0.019635 0.000000
vt 0.721429 -0.013090 0.000000
vt 0.442857 -0.013090 0.000000
vt 0.442857 -0.000000 0.000000
vt 0.164286 -0.000000 0.000000
vt 0.164286 0.013090 0.000000
vt -0.114286 0.013090 0.000000
vt -0.114286 0.026180 0.000000
vt 0.958427 -0.009817 0.000000
vt 0.721429 -0.000000 0.000000
vt 0.442857 0.013090 0.000000
vt 0.164286 0.026180 0.000000
vt 0.964645 -0.000000 0.000000
vt 0.972222 0.009817 0.000000
vt 0.721429 0.013090 0.000000
vt 0.980866 0.019635 0.000000
vt 0.721429 0.026180 0.000000
vt 0.442857 0.026180 0.000000
vt -2.872222 0.009817 0.000000
vt -2.621429 -0.000000 0.000000
vt -2.342857 -0.013090 0.000000
vt -2.064286 -0.026180 0.000000
vt -2.864645 -0.000000 0.000000
vt -2.858427 -0.009817 0.000000
vt -2.621429 -0.013090 0.000000
vt -2.853806 -0.019635 0.000000
vt -2.621429 -0.026180 0.000000
vt -2.342857 -0.026180 0.000000
vt -0.114286 -0.026180 0.000000
vt -0.950000 -0.013090 0.000000
vt -0.950000 -0.000000 0.000000
vt -0.950000 0.013090 0.000000
vt -0.950000 0.026180 0.000000
vt -1.228571 -0.000000 0.000000
vt -1.507143 0.013090 0.000000
vt -1.785714 0.026180 0.000000
vt -1.228571 0.013090 0.000000
vt -1.228571 0.026180 0.000000
vt -1.507143 0.026180 0.000000
vt 1.070325 -0.039270 0.000000
vt 1.070566 -0.034361 0.000000
vt -3.279675 -0.039270 0.000000
vt -3.279916 -0.034361 0.000000
vt -3.280636 -0.029452 0.000000
vt -1.660925 -0.026180 0.000000
vt -1.939050 -0.026180 0.000000
vt -1.939050 -0.013090 0.000000
vt -2.217175 -0.013090 0.000000
vt -2.217175 0.000000 0.000000
vt -2.495300 0.000000 0.000000
vt -2.495300 0.013090 0.000000
vt -2.773425 0.013090 0.000000
vt -2.773425 0.026180 0.000000
vt -3.051550 0.026180 0.000000
vt -3.329675 0.039270 0.000000
vt -3.319921 0.029452 0.000000
vt 1.071286 -0.029452 0.000000
vt 0.842200 -0.026180 0.000000
vt 0.564075 -0.026180 0.000000
vt 0.285950 -0.026180 0.000000
vt 0.285950 -0.013090 0.000000
vt 0.007825 -0.013090 0.000000
vt 0.007825 -0.000000 0.000000
vt -0.270300 -0.000000 0.000000
vt -0.270300 0.013090 0.000000
vt -0.548425 0.013090 0.000000
vt -0.548425 0.026180 0.000000
vt -0.826550 0.026180 0.000000
vt -1.104675 0.026180 0.000000
vt -1.382800 0.026180 0.000000
vt -1.104675 0.013090 0.000000
vt -1.382800 0.013090 0.000000
vt -1.104675 0.000000 0.000000
vt -1.382800 0.000000 0.000000
vt -1.104675 -0.013090 0.000000
vt -1.382800 -0.013090 0.000000
vt -1.104675 -0.026180 0.000000
vt -1.382800 -0.026180 0.000000
vt 1.074131 -0.019635 0.000000
vt 0.842200 -0.013090 0.000000
vt 0.564075 -0.013090 0.000000
vt 0.564075 -0.000000 0.000000
vt 0.285950 -0.000000 0.000000
vt 0.285950 0.013090 0.000000
vt 0.007825 0.013090 0.000000
vt 0.007825 0.026180 0.000000
vt -0.270300 0.026180 0.000000
vt 1.110570 0.029452 0.000000
vt 1.120325 0.039270 0.000000
vt 1.078751 -0.009817 0.000000
vt 0.842200 -0.000000 0.000000
vt 0.564075 0.013090 0.000000
vt 0.285950 0.026180 0.000000
vt 1.084969 -0.000000 0.000000
vt 1.092546 0.009817 0.000000
vt 0.842200 0.013090 0.000000
vt 1.101191 0.019635 0.000000
vt 0.842200 0.026180 0.000000
vt 0.564075 0.026180 0.000000
vt -3.310541 0.019635 0.000000
vt -3.051550 0.013090 0.000000
vt -2.773425 0.000000 0.000000
vt -2.495300 -0.013090 0.000000
vt -2.217175 -0.026180 0.000000
vt -3.301897 0.009817 0.000000
vt -3.051550 0.000000 0.000000
vt -2.773425 -0.013090 0.000000
vt -2.495300 -0.026180 0.000000
vt -3.294320 0.000000 0.000000
vt -3.288102 -0.009817 0.000000
vt -3.051550 -0.013090 0.000000
vt -3.283481 -0.019635 0.000000
vt -3.051550 -0.026180 0.000000
vt -2.773425 -0.026180 0.000000
vt 0.007825 -0.026180 0.000000
vt -0.270300 -0.026180 0.000000
vt -0.548425 -0.026180 0.000000
vt -0.548425 -0.013090 0.000000
vt -0.826550 -0.013090 0.000000
vt -0.826550 0.000000 0.000000
vt -0.270300 -0.013090 0.000000
vt -0.826550 -0.026180 0.000000
vt -1.660925 -0.013090 0.000000
vt -1.660925 0.000000 0.000000
vt -1.660925 0.013090 0.000000
vt -1.660925 0.026180 0.000000
vt -0.548425 0.000000 0.000000
vt -1.939050 0.000000 0.000000
vt -2.217175 0.013090 0.000000
vt -2.495300 0.026180 0.000000
vt -0.826550 0.013090 0.000000
vt -1.939050 0.013090 0.000000
vt -1.939050 0.026180 0.000000
vt -2.217175 0.026180 0.000000
vt 1.000000 0.039270 0.000000
vt -2.900000 0.039270 0.000000
vt 0.990245 0.029452 0.000000
vt -0.392857 0.026180 0.000000
vt -0.114286 0.026180 0.000000
vt -0.114286 0.013090 0.000000
vt 0.164286 0.013090 0.000000
vt 0.164286 -0.000000 0.000000
vt 0.442857 -0.000000 0.000000
vt 0.442857 -0.013090 0.000000
vt 0.721429 -0.013090 0.000000
vt 0.721429 -0.026180 0.000000
vt 0.953806 -0.019635 0.000000
vt 0.950961 -0.029452 0.000000
vt 0.950241 -0.034361 0.000000
vt 0.442857 -0.026180 0.000000
vt 0.164286 -0.026180 0.000000
vt 0.164286 -0.013090 0.000000
vt -0.114286 -0.013090 0.000000
vt -0.114286 -0.000000 0.000000
vt -0.392857 -0.000000 0.000000
vt -0.392857 0.013090 0.000000
vt -0.671429 0.013090 0.000000
vt -0.671429 0.026180 0.000000
vt -0.950000 0.026180 0.000000
vt -1.228571 0.026180 0.000000
vt -1.507143 0.026180 0.000000
vt -1.228571 0.013090 0.000000
vt -1.507143 0.013090 0.000000
vt -1.228571 -0.000000 0.000000
vt -1.507143 -0.000000 0.000000
vt -1.228571 -0.013090 0.000000
vt -1.507143 -0.013090 0.000000
vt -1.228571 -0.026180 0.000000
vt -1.507143 -0.026180 0.000000
vt -2.850961 -0.029452 0.000000
vt -2.850241 -0.034361 0.000000
vt -2.890246 0.029452 0.000000
vt -2.621429 0.026180 0.000000
vt -2.342857 0.026180 0.000000
vt -2.064286 0.026180 0.000000
vt -2.064286 0.013090 0.000000
vt -1.785714 0.013090 0.000000
vt -1.785714 -0.000000 0.000000
vt -2.880866 0.019635 0.000000
vt -2.621429 0.013090 0.000000
vt -2.342857 0.013090 0.000000
vt -2.342857 -0.000000 0.000000
vt -2.064286 -0.000000 0.000000
vt -2.064286 -0.013090 0.000000
vt -1.785714 -0.013090 0.000000
vt -1.785714 -0.026180 0.000000
vt -2.872222 0.009817 0.000000
vt -2.621429 -0.000000 0.000000
vt -2.342857 -0.013090 0.000000
vt -2.064286 -0.026180 0.000000
vt -2.864645 -0.000000 0.000000
vt -2.858427 -0.009817 0.000000
vt -2.621429 -0.013090 0.000000
vt -2.853806 -0.019635 0.000000
vt -2.621429 -0.026180 0.000000
vt -2.342857 -0.026180 0.000000
vt -2.850000 -0.039270 0.000000
vt 0.950000 -0.039270 0.000000
vt 0.958427 -0.009817 0.000000
vt 0.721429 -0.000000 0.000000
vt 0.442857 0.013090 0.000000
vt 0.164286 0.026180 0.000000
vt 0.964645 -0.000000 0.000000
vt 0.972222 0.009817 0.000000
vt 0.721429 0.013090 0.000000
vt 0.980866 0.019635 0.000000
vt 0.721429 0.026180 0.000000
vt 0.442857 0.026180 0.000000
vt -1.785714 0.026180 0.000000
vt -0.950000 0.013090 0.000000
vt -0.950000 -0.000000 0.000000
vt -0.950000 -0.013090 0.000000
vt -0.950000 -0.026180 0.000000
vt -0.671429 -0.000000 0.000000
vt -0.392857 -0.013090 0.000000
vt -0.114286 -0.026180 0.000000
vt -0.671429 -0.013090 0.000000
vt -0.671429 -0.026180 0.000000
vt -0.392857 -0.026180 0.000000
vt 1.104675 -0.039270 0.000000
vt 1.104916 -0.034361 0.000000
vt -3.245325 -0.039270 0.000000
vt -3.245566 -0.034361 0.000000
vt -3.246286 -0.029452 0.000000
vt -1.626575 -0.026180 0.000000
vt -1.904700 -0.026180 0.000000
vt -1.904700 -0.013090 0.000000
vt -2.182825 -0.013090 0.000000
vt -2.182825 0.000000 0.000000
vt -2.460950 0.000000 0.000000
vt -2.460950 0.013090 0.000000
vt -2.739075 0.013090 0.000000
vt -2.739075 0.026180 0.000000
vt -3.017200 0.026180 0.000000
vt -3.295325 0.039270 0.000000
vt -3.285570 0.029452 0.000000
vt 1.105636 -0.029452 0.000000
vt 0.876550 -0.026180 0.000000
vt 0.598425 -0.026180 0.000000
vt 0.320300 -0.026180 0.000000
vt 0.320300 -0.013090 0.000000
vt 0.042175 -0.013090 0.000000
vt 0.042175 0.000000 0.000000
vt -0.235950 0.000000 0.000000
vt -0.235950 0.013090 0.000000
vt -0.514075 0.013090 0.000000
vt -0.514075 0.026180 0.000000
vt -0.792200 0.026180 0.000000
vt -1.070325 0.026180 0.000000
vt -1.348450 0.026180 0.000000
vt -1.070325 0.013090 0.000000
vt -1.348450 0.013090 0.000000
vt -1.070325 0.000000 0.000000
vt -1.348450 0.000000 0.000000
vt -1.070325 -0.013090 0.000000
vt -1.348450 -0.013090 0.000000
vt -1.070325 -0.026180 0.000000
vt -1.348450 -0.026180 0.000000
vt 1.108481 -0.019635 0.000000
vt 0.876550 -0.013090 0.000000
vt 0.598425 -0.013090 0.000000
vt 0.598425 0.000000 0.000000
vt 0.320300 0.000000 0.000000
vt 0.320300 0.013090 0.000000
vt 0.042175 0.013090 0.000000
vt 0.042175 0.026180 0.000000
vt -0.235950 0.026180 0.000000
vt 1.144921 0.029452 0.000000
vt 1.154675 0.039270 0.000000
vt 1.113102 -0.009817 0.000000
vt 0.876550 -0.000000 0.000000
vt 0.598425 0.013090 0.000000
vt 0.320300 0.026180 0.000000
vt 1.119320 -0.000000 0.000000
vt 1.126897 0.009817 0.000000
vt 0.876550 0.013090 0.000000
vt 1.135541 0.019635 0.000000
vt 0.876550 0.026180 0.000000
vt 0.598425 0.026180 0.000000
vt -3.276191 0.019635 0.000000
vt -3.017200 0.013090 0.000000
vt -2.739075 0.000000 0.000000
vt -2.460950 -0.013090 0.000000
vt -2.182825 -0.026180 0.000000
vt -3.267546 0.009817 0.000000
vt -3.017200 0.000000 0.000000
vt -2.739075 -0.013090 0.000000
vt -2.460950 -0.026180 0.000000
vt -3.259969 0.000000 0.000000
vt -3.253751 -0.009817 0.000000
vt -3.017200 -0.013090 0.000000
vt -3.249131 -0.019635 0.000000
vt -3.017200 -0.026180 0.000000
vt -2.739075 -0.026180 0.000000
vt 0.042175 -0.026180 0.000000
vt -0.235950 -0.026180 0.000000
vt -0.514075 -0.026180 0.000000
vt -0.514075 -0.013090 0.000000
vt -0.792200 -0.013090 0.000000
vt -0.792200 0.000000 0.000000
vt -0.235950 -0.013090 0.000000
vt -0.792200 -0.026180 0.000000
vt -1.626575 -0.013090 0.000000
vt -1.626575 0.000000 0.000000
vt -1.626575 0.013090 0.000000
vt -1.626575 0.026180 0.000000
vt -0.514075 0.000000 0.000000
vt -1.904700 0.000000 0.000000
vt -2.182825 0.013090 0.000000
vt -2.460950 0.026180 0.000000
vt -0.792200 0.013090 0.000000
vt -1.904700 0.013090 0.000000
vt -1.904700 0.026180 0.000000
vt -2.182825 0.026180 0.000000
vt 0.000000 0.310000 0.000000
vt -4.350000 0.310000 0.000000
vt 0.000000 0.210000 0.000000
vt -4.350000 0.210000 0.000000
vt -0.000000 0.310000 0.000000
vt -3.800000 0.310000 0.000000
vt -0.000000 0.210000 0.000000
vt -3.800000 0.210000 0.000000
vt 2.000000 3.000000 0.000000
vt 1.950000 -2.190650 0.000000
vt 2.000000 -3.000000 0.000000
vt -1.950000 -2.190650 0.000000
vt -2.000000 -3.000000 0.000000
vt -2.000000 3.000000 0.000000
vt -1.950000 2.259350 0.000000
vt 1.950000 2.259350 0.000000
vt -2.900000 -0.039270 0.000000
vt 1.000000 -0.039270 0.000000
vt -2.890246 -0.029452 0.000000
vt -1.507143 -0.026180 0.000000
vt -1.785714 -0.026180 0.000000
vt -1.785714 -0.013090 0.000000
vt -2.064286 -0.013090 0.000000
vt -2.064286 0.000000 0.000000
vt -2.342857 0.000000 0.000000
vt -2.342857 0.013090 0.000000
vt -2.621429 0.013090 0.000000
vt -2.621429 0.026180 0.000000
vt -2.853806 0.019635 0.000000
vt -2.850961 0.029452 0.000000
vt -2.850241 0.034361 0.000000
vt -2.850000 0.039270 0.000000
vt -2.342857 0.026180 0.000000
vt -2.064286 0.026180 0.000000
vt -2.064286 0.013090 0.000000
vt -1.785714 0.013090 0.000000
vt -1.785714 0.000000 0.000000
vt -1.507143 0.000000 0.000000
vt -1.507143 -0.013090 0.000000
vt -1.228571 -0.013090 0.000000
vt -1.228571 -0.026180 0.000000
vt -0.950000 -0.026180 0.000000
vt -0.671429 -0.026180 0.000000
vt -0.392857 -0.026180 0.000000
vt -0.671429 -0.013090 0.000000
vt -0.392857 -0.013090 0.000000
vt -0.671429 0.000000 0.000000
vt -0.392857 0.000000 0.000000
vt -0.671429 0.013090 0.000000
vt -0.392857 0.013090 0.000000
vt -0.671429 0.026180 0.000000
vt -0.392857 0.026180 0.000000
vt 0.950241 0.034361 0.000000
vt -0.114286 0.026180 0.000000
vt 0.164286 0.026180 0.000000
vt 0.164286 0.013090 0.000000
vt 0.442857 0.013090 0.000000
vt 0.442857 0.000000 0.000000
vt 0.721429 0.000000 0.000000
vt 0.721429 -0.013090 0.000000
vt 0.972222 -0.009817 0.000000
vt 0.980866 -0.019635 0.000000
vt 0.721429 -0.026180 0.000000
vt 0.990245 -0.029452 0.000000
vt 0.442857 -0.026180 0.000000
vt 0.164286 -0.026180 0.000000
vt 0.164286 -0.013090 0.000000
vt -0.114286 -0.013090 0.000000
vt -0.114286 0.000000 0.000000
vt 0.964645 0.000000 0.000000
vt 0.958427 0.009817 0.000000
vt 0.721429 0.013090 0.000000
vt 0.953806 0.019635 0.000000
vt 0.721429 0.026180 0.000000
vt 0.950961 0.029452 0.000000
vt 0.950000 0.039270 0.000000
vt -2.858427 0.009817 0.000000
vt -2.621429 0.000000 0.000000
vt -2.342857 -0.013090 0.000000
vt -2.064286 -0.026180 0.000000
vt -2.864645 0.000000 0.000000
vt -2.872222 -0.009817 0.000000
vt -2.621429 -0.013090 0.000000
vt -2.880866 -0.019635 0.000000
vt -2.621429 -0.026180 0.000000
vt -2.342857 -0.026180 0.000000
vt 0.442857 -0.013090 0.000000
vt -0.114286 -0.026180 0.000000
vt -0.950000 -0.013090 0.000000
vt -0.950000 0.000000 0.000000
vt -0.950000 0.013090 0.000000
vt -0.950000 0.026180 0.000000
vt 0.164286 0.000000 0.000000
vt -0.114286 0.013090 0.000000
vt -1.228571 0.000000 0.000000
vt -1.507143 0.013090 0.000000
vt -1.785714 0.026180 0.000000
vt -1.228571 0.013090 0.000000
vt -1.228571 0.026180 0.000000
vt 0.442857 0.026180 0.000000
vt -1.507143 0.026180 0.000000
vt -3.295325 -0.039270 0.000000
vt 1.154675 -0.039270 0.000000
vt -3.285570 -0.029452 0.000000
vt -1.904700 -0.026180 0.000000
vt -2.182825 -0.026180 0.000000
vt -2.182825 -0.013090 0.000000
vt -2.460950 -0.013090 0.000000
vt -2.460950 -0.000000 0.000000
vt -2.739075 -0.000000 0.000000
vt -2.739075 0.013090 0.000000
vt -3.017200 0.013090 0.000000
vt -3.017200 0.026180 0.000000
vt -3.249131 0.019635 0.000000
vt -3.246286 0.029452 0.000000
vt -3.245566 0.034361 0.000000
vt -3.245325 0.039270 0.000000
vt -2.739075 0.026180 0.000000
vt -2.460950 0.026180 0.000000
vt -2.460950 0.013090 0.000000
vt -2.182825 0.013090 0.000000
vt -2.182825 -0.000000 0.000000
vt -1.904700 -0.000000 0.000000
vt -1.904700 -0.013090 0.000000
vt -1.626575 -0.013090 0.000000
vt -1.626575 -0.026180 0.000000
vt -1.348450 -0.026180 0.000000
vt -1.070325 -0.026180 0.000000
vt -0.792200 -0.026180 0.000000
vt -1.070325 -0.013090 0.000000
vt -0.792200 -0.013090 0.000000
vt -1.070325 0.000000 0.000000
vt -0.792200 0.000000 0.000000
vt -1.070325 0.013090 0.000000
vt -0.792200 0.013090 0.000000
vt -1.070325 0.026180 0.000000
vt -0.792200 0.026180 0.000000
vt 1.104916 0.034361 0.000000
vt 1.104675 0.039270 0.000000
vt 1.144921 -0.029452 0.000000
vt 0.876550 -0.026180 0.000000
vt 0.598425 -0.026180 0.000000
vt 0.320300 -0.026180 0.000000
vt 0.320300 -0.013090 0.000000
vt 0.042175 -0.013090 0.000000
vt 0.042175 0.000000 0.000000
vt -0.235950 0.000000 0.000000
vt -0.235950 0.013090 0.000000
vt -0.514075 0.013090 0.000000
vt -0.514075 0.026180 0.000000
vt 1.135541 -0.019635 0.000000
vt 0.876550 -0.013090 0.000000
vt 0.598425 -0.013090 0.000000
vt 0.598425 0.000000 0.000000
vt 0.320300 0.000000 0.000000
vt 0.320300 0.013090 0.000000
vt 0.042175 0.013090 0.000000
vt 0.042175 0.026180 0.000000
vt -0.235950 0.026180 0.000000
vt 1.126897 -0.009817 0.000000
vt 0.876550 0.000000 0.000000
vt 0.598425 0.013090 0.000000
vt 0.320300 0.026180 0.000000
vt 1.119320 0.000000 0.000000
vt 1.113102 0.009817 0.000000
vt 0.876550 0.013090 0.000000
vt 1.108481 0.019635 0.000000
vt 0.876550 0.026180 0.000000
vt 1.105636 0.029452 0.000000
vt -3.253751 0.009817 0.000000
vt -3.017200 -0.000000 0.000000
vt -2.739075 -0.013090 0.000000
vt -2.460950 -0.026180 0.000000
vt -3.259969 -0.000000 0.000000
vt -3.267546 -0.009817 0.000000
vt -3.017200 -0.013090 0.000000
vt -3.276191 -0.019635 0.000000
vt -3.017200 -0.026180 0.000000
vt -2.739075 -0.026180 0.000000
vt 0.042175 -0.026180 0.000000
vt -0.235950 -0.026180 0.000000
vt -0.514075 -0.026180 0.000000
vt -0.514075 -0.013090 0.000000
vt -0.235950 -0.013090 0.000000
vt -1.348450 -0.013090 0.000000
vt -1.348450 -0.000000 0.000000
vt -1.348450 0.013090 0.000000
vt -1.348450 0.026180 0.000000
vt -0.514075 0.000000 0.000000
vt -1.626575 -0.000000 0.000000
vt -1.904700 0.013090 0.000000
vt -2.182825 0.026180 0.000000
vt -1.626575 0.013090 0.000000
vt -1.626575 0.026180 0.000000
vt 0.598425 0.026180 0.000000
vt -1.904700 0.026180 0.000000
vt -2.900000 -0.039270 0.000000
vt 1.000000 -0.039270 0.000000
vt -2.890246 -0.029452 0.000000
vt -1.507143 -0.026180 0.000000
vt -1.785714 -0.026180 0.000000
vt -1.785714 -0.013090 0.000000
vt -2.064286 -0.013090 0.000000
vt -2.064286 0.000000 0.000000
vt -2.342857 0.000000 0.000000
vt -2.342857 0.013090 0.000000
vt -2.621429 0.013090 0.000000
vt -2.621429 0.026180 0.000000
vt -2.853806 0.019635 0.000000
vt -2.850961 0.029452 0.000000
vt -2.850241 0.034361 0.000000
vt -2.850000 0.039270 0.000000
vt -2.342857 0.026180 0.000000
vt -2.064286 0.026180 0.000000
vt -2.064286 0.013090 0.000000
vt -1.785714 0.013090 0.000000
vt -1.785714 0.000000 0.000000
vt -1.507143 0.000000 0.000000
vt -1.507143 -0.013090 0.000000
vt -1.228571 -0.013090 0.000000
vt -1.228571 -0.026180 0.000000
vt -0.950000 -0.026180 0.000000
vt -0.671429 -0.026180 0.000000
vt -0.392857 -0.026180 0.000000
vt -0.671429 -0.013090 0.000000
vt -0.392857 -0.013090 0.000000
vt -0.671429 0.000000 0.000000
vt -0.392857 0.000000 0.000000
vt -0.671429 0.013090 0.000000
vt -0.392857 0.013090 0.000000
vt -0.671429 0.026180 0.000000
vt -0.392857 0.026180 0.000000
vt 0.950241 0.034361 0.000000
vt -0.114286 0.026180 0.000000
vt 0.164286 0.026180 0.000000
vt 0.164286 0.013090 0.000000
vt 0.442857 0.013090 0.000000
vt 0.442857 0.000000 0.000000
vt 0.721429 0.000000 0.000000
vt 0.721429 -0.013090 0.000000
vt 0.972222 -0.009817 0.000000
vt 0.980866 -0.019635 0.000000
vt 0.721429 -0.026180 0.000000
vt 0.990245 -0.029452 0.000000
vt 0.442857 -0.026180 0.000000
vt 0.164286 -0.026180 0.000000
vt 0.164286 -0.013090 0.000000
vt -0.114286 -0.013090 0.000000
vt -0.114286 0.000000 0.000000
vt 0.964645 0.000000 0.000000
vt 0.958427 0.009817 0.000000
vt 0.721429 0.013090 0.000000
vt 0.953806 0.019635 0.000000
vt 0.721429 0.026180 0.000000
vt 0.950961 0.029452 0.000000
vt 0.950000 0.039270 0.000000
vt -2.858427 0.009817 0.000000
vt -2.621429 0.000000 0.000000
vt -2.342857 -0.013090 0.000000
vt -2.064286 -0.026180 0.000000
vt -2.864645 0.000000 0.000000
vt -2.872222 -0.009817 0.000000
vt -2.621429 -0.013090 0.000000
vt -2.880866 -0.019635 0.000000
vt -2.621429 -0.026180 0.000000
vt -2.342857 -0.026180 0.000000
vt 0.442857 -0.013090 0.000000
vt -0.114286 -0.026180 0.000000
vt -0.950000 -0.013090 0.000000
vt -0.950000 0.000000 0.000000
vt -0.950000 0.013090 0.000000
vt -0.950000 0.026180 0.000000
vt 0.164286 0.000000 0.000000
vt -0.114286 0.013090 0.000000
vt -1.228571 0.000000 0.000000
vt -1.507143 0.013090 0.000000
vt -1.785714 0.026180 0.000000
vt -1.228571 0.013090 0.000000
vt -1.228571 0.026180 0.000000
vt 0.442857 0.026180 0.000000
vt -1.507143 0.026180 0.000000
vt 1.070325 0.039270 0.000000
vt -3.279675 0.039270 0.000000
vt 1.070566 0.034361 0.000000
vt -0.826550 0.026180 0.000000
vt -0.548425 0.026180 0.000000
vt -0.548425 0.013090 0.000000
vt -0.270300 0.013090 0.000000
vt -0.270300 -0.000000 0.000000
vt 0.007825 -0.000000 0.000000
vt 0.007825 -0.013090 0.000000
vt 0.285950 -0.013090 0.000000
vt 0.285950 -0.026180 0.000000
vt 0.564075 -0.026180 0.000000
vt 1.120325 -0.039270 0.000000
vt 0.842200 -0.026180 0.000000
vt 1.110570 -0.029452 0.000000
vt 1.101191 -0.019635 0.000000
vt -3.279916 0.034361 0.000000
vt -3.051550 0.026180 0.000000
vt -2.773425 0.026180 0.000000
vt -2.495300 0.026180 0.000000
vt -2.495300 0.013090 0.000000
vt -2.217175 0.013090 0.000000
vt -2.217175 -0.000000 0.000000
vt -1.939050 -0.000000 0.000000
vt -1.939050 -0.013090 0.000000
vt -1.660925 -0.013090 0.000000
vt -1.660925 -0.026180 0.000000
vt -1.382800 -0.026180 0.000000
vt -1.104675 -0.026180 0.000000
vt -0.826550 -0.026180 0.000000
vt -1.104675 -0.013090 0.000000
vt -0.826550 -0.013090 0.000000
vt -1.104675 -0.000000 0.000000
vt -0.826550 -0.000000 0.000000
vt -1.104675 0.013090 0.000000
vt -0.826550 0.013090 0.000000
vt -1.104675 0.026180 0.000000
vt -3.280636 0.029452 0.000000
vt -3.283481 0.019635 0.000000
vt -3.051550 0.013090 0.000000
vt -3.288102 0.009817 0.000000
vt -3.051550 -0.000000 0.000000
vt -3.294320 -0.000000 0.000000
vt -3.301897 -0.009817 0.000000
vt -3.051550 -0.013090 0.000000
vt -3.310541 -0.019635 0.000000
vt -3.051550 -0.026180 0.000000
vt -3.319921 -0.029452 0.000000
vt -2.773425 -0.026180 0.000000
vt -2.495300 -0.026180 0.000000
vt -2.773425 -0.013090 0.000000
vt -2.495300 -0.013090 0.000000
vt -2.773425 -0.000000 0.000000
vt -2.495300 -0.000000 0.000000
vt -2.773425 0.013090 0.000000
vt -3.329675 -0.039270 0.000000
vt -1.939050 -0.026180 0.000000
vt -2.217175 -0.026180 0.000000
vt -2.217175 -0.013090 0.000000
vt 0.842200 -0.013090 0.000000
vt 1.092546 -0.009817 0.000000
vt 0.842200 0.000000 0.000000
vt 1.084969 0.000000 0.000000
vt 1.078751 0.009817 0.000000
vt 0.842200 0.013090 0.000000
vt 1.074131 0.019635 0.000000
vt 0.842200 0.026180 0.000000
vt 1.071286 0.029452 0.000000
vt -2.217175 0.026180 0.000000
vt -1.939050 0.026180 0.000000
vt -1.660925 0.026180 0.000000
vt -1.660925 0.013090 0.000000
vt -1.382800 0.013090 0.000000
vt -1.382800 -0.000000 0.000000
vt -1.939050 0.013090 0.000000
vt -1.382800 0.026180 0.000000
vt -0.270300 0.026180 0.000000
vt 0.007825 0.026180 0.000000
vt 0.285950 0.026180 0.000000
vt 0.285950 0.013090 0.000000
vt 0.564075 0.013090 0.000000
vt 0.564075 0.000000 0.000000
vt 0.007825 0.013090 0.000000
vt 0.564075 0.026180 0.000000
vt -1.660925 -0.000000 0.000000
vt -0.548425 -0.000000 0.000000
vt -0.548425 -0.013090 0.000000
vt -0.548425 -0.026180 0.000000
vt 0.285950 0.000000 0.000000
vt -1.382800 -0.013090 0.000000
vt -0.270300 -0.013090 0.000000
vt 0.007825 -0.026180 0.000000
vt 0.564075 -0.013090 0.000000
vt -0.270300 -0.026180 0.000000
vt -0.000000 0.310000 0.000000
vt -3.800000 0.310000 0.000000
vt -0.000000 0.210000 0.000000
vt -3.800000 0.210000 0.000000
vt 3.000000 2.500000 0.000000
vt -3.000000 2.500000 0.000000
vt -2.190650 1.950000 0.000000
vt -3.000000 -2.000000 0.000000
vt -2.190650 -1.950000 0.000000
vt 3.000000 -2.000000 0.000000
vt 2.259350 -1.950000 0.000000
vt 2.259350 1.950000 0.000000
vt 0.500000 -0.863938 0.000000
vt 0.000000 -0.863938 0.000000
vt 0.500000 -0.942478 0.000000
vt 0.000000 -0.942478 0.000000
vt 0.500000 0.942478 0.000000
vt 0.000000 0.942478 0.000000
vt 0.500000 0.863938 0.000000
vt 0.000000 0.863938 0.000000
vt 0.500000 0.785398 0.000000
vt 0.000000 0.785398 0.000000
vt 0.500000 0.706858 0.000000
vt -0.000000 0.706858 0.000000
vt 0.500000 0.628319 0.000000
vt 0.000000 0.628319 0.000000
vt 0.500000 0.549779 0.000000
vt 0.000000 0.549779 0.000000
vt 0.500000 0.471239 0.000000
vt 0.000000 0.471239 0.000000
vt 0.500000 0.392699 0.000000
vt 0.000000 0.392699 0.000000
vt 0.500000 0.314159 0.000000
vt 0.000000 0.314159 0.000000
vt 0.500000 0.235619 0.000000
vt 0.000000 0.235619 0.000000
vt 0.500000 0.157080 0.000000
vt 0.000000 0.157080 0.000000
vt 0.500000 0.078540 0.000000
vt 0.000000 0.078540 0.000000
vt 0.500000 0.000000 0.000000
vt 0.000000 0.000000 0.000000
vt 0.500000 -0.078540 0.000000
vt 0.000000 -0.078540 0.000000
vt 0.500000 -0.157080 0.000000
vt 0.000000 -0.157080 0.000000
vt 0.500000 -0.235619 0.000000
vt 0.000000 -0.235619 0.000000
vt 0.500000 -0.314159 0.000000
vt 0.000000 -0.314159 0.000000
vt 0.500000 -0.392699 0.000000
vt 0.000000 -0.392699 0.000000
vt 0.500000 -0.471239 0.000000
vt 0.000000 -0.471239 0.000000
vt 0.500000 -0.549779 0.000000
vt 0.000000 -0.549779 0.000000
vt 0.500000 -0.628319 0.000000
vt 0.000000 -0.628319 0.000000
vt 0.500000 -0.706858 0.000000
vt 0.000000 -0.706858 0.000000
vt 0.500000 -0.785398 0.000000
vt 0.000000 -0.785398 0.000000
vt -0.000000 0.500000 0.000000
vt -1.300000 0.500000 0.000000
vt -0.000000 0.000000 0.000000
vt -1.300000 0.000000 0.000000
vt 0.000000 -0.078540 0.000000
vt 0.500000 -0.078540 0.000000
vt 0.250000 -0.065450 0.000000
vt 0.500000 -0.065450 0.000000
vt 0.250000 -0.052360 0.000000
vt 0.500000 -0.052360 0.000000
vt 0.250000 -0.039270 0.000000
vt 0.500000 -0.039270 0.000000
vt 0.250000 -0.026180 0.000000
vt 0.500000 -0.026180 0.000000
vt 0.250000 -0.013090 0.000000
vt 0.500000 -0.013090 0.000000
vt 0.500000 0.000000 0.000000
vt 0.000000 0.000000 0.000000
vt 0.000000 -0.013090 0.000000
vt 0.000000 -0.026180 0.000000
vt 0.000000 -0.039270 0.000000
vt 0.000000 -0.052360 0.000000
vt 0.000000 -0.065450 0.000000
vt -0.000000 0.500000 0.000000
vt -1.300000 0.500000 0.000000
vt -0.000000 0.000000 0.000000
vt -1.300000 0.000000 0.000000
vt 0.000000 -0.078540 0.000000
vt 0.500000 -0.078540 0.000000
vt 0.250000 -0.065450 0.000000
vt 0.500000 -0.065450 0.000000
vt 0.250000 -0.052360 0.000000
vt 0.500000 -0.052360 0.000000
vt 0.250000 -0.039270 0.000000
vt 0.500000 -0.039270 0.000000
vt 0.250000 -0.026180 0.000000
vt 0.500000 -0.026180 0.000000
vt 0.250000 -0.013090 0.000000
vt 0.500000 -0.013090 0.000000
vt 0.500000 0.000000 0.000000
vt 0.000000 0.000000 0.000000
vt -0.000000 -0.013090 0.000000
vt -0.000000 -0.026180 0.000000
vt 0.000000 -0.039270 0.000000
vt -0.000000 -0.052360 0.000000
vt -0.000000 -0.065450 0.000000
vt -0.000000 0.500000 0.000000
vt -1.300000 0.500000 0.000000
vt 0.000000 0.000000 0.000000
vt -1.300000 0.000000 0.000000
vt 0.000000 -0.078540 0.000000
vt 0.500000 -0.078540 0.000000
vt 0.250000 -0.065450 0.000000
vt 0.500000 -0.065450 0.000000
vt 0.250000 -0.052360 0.000000
vt 0.500000 -0.052360 0.000000
vt 0.250000 -0.039270 0.000000
vt 0.500000 -0.039270 0.000000
vt 0.250000 -0.026180 0.000000
vt 0.500000 -0.026180 0.000000
vt 0.250000 -0.013090 0.000000
vt 0.500000 -0.013090 0.000000
vt 0.500000 0.000000 0.000000
vt 0.000000 0.000000 0.000000
vt 0.000000 -0.013090 0.000000
vt 0.000000 -0.026180 0.000000
vt 0.000000 -0.039270 0.000000
vt 0.000000 -0.052360 0.000000
vt 0.000000 -0.065450 0.000000
vt -0.000000 0.500000 0.000000
vt -1.300000 0.500000 0.000000
vt 0.000000 0.000000 0.000000
vt -1.300000 0.000000 0.000000
vt 0.000000 -0.078540 0.000000
vt 0.500000 -0.078540 0.000000
vt 0.250000 -0.065450 0.000000
vt 0.500000 -0.065450 0.000000
vt 0.250000 -0.052360 0.000000
vt 0.500000 -0.052360 0.000000
vt 0.250000 -0.039270 0.000000
vt 0.500000 -0.039270 0.000000
vt 0.250000 -0.026180 0.000000
vt 0.500000 -0.026180 0.000000
vt 0.250000 -0.013090 0.000000
vt 0.500000 -0.013090 0.000000
vt 0.500000 0.000000 0.000000
vt 0.000000 0.000000 0.000000
vt 0.000000 -0.013090 0.000000
vt 0.000000 -0.026180 0.000000
vt 0.000000 -0.039270 0.000000
vt 0.000000 -0.052360 0.000000
vt 0.000000 -0.065450 0.000000
vt -0.000000 0.500000 0.000000
vt -1.300000 0.500000 0.000000
vt -0.000000 0.000000 0.000000
vt -1.300000 0.000000 0.000000
vt 0.000000 -0.078540 0.000000
vt 0.500000 -0.078540 0.000000
vt 0.250000 -0.065450 0.000000
vt 0.500000 -0.065450 0.000000
vt 0.250000 -0.052360 0.000000
vt 0.500000 -0.052360 0.000000
vt 0.250000 -0.039270 0.000000
vt 0.500000 -0.039270 0.000000
vt 0.250000 -0.026180 0.000000
vt 0.500000 -0.026180 0.000000
vt 0.250000 -0.013090 0.000000
vt 0.500000 -0.013090 0.000000
vt 0.500000 0.000000 0.000000
vt 0.000000 0.000000 0.000000
vt 0.000000 -0.013090 0.000000
vt 0.000000 -0.026180 0.000000
vt 0.000000 -0.039270 0.000000
vt 0.000000 -0.052360 0.000000
vt 0.000000 -0.065450 0.000000
vt -0.000000 0.500000 0.000000
vt -1.300000 0.500000 0.000000
vt -0.000000 0.000000 0.000000
vt -1.300000 0.000000 0.000000
vt 0.000000 -0.078540 0.000000
vt 0.500000 -0.078540 0.000000
vt 0.250000 -0.065450 0.000000
vt 0.500000 -0.065450 0.000000
vt 0.250000 -0.052360 0.000000
vt 0.500000 -0.052360 0.000000
vt 0.250000 -0.039270 0.000000
vt 0.500000 -0.039270 0.000000
vt 0.250000 -0.026180 0.000000
vt 0.500000 -0.026180 0.000000
vt 0.250000 -0.013090 0.000000
vt 0.500000 -0.013090 0.000000
vt 0.500000 0.000000 0.000000
vt 0.000000 0.000000 0.000000
vt 0.000000 -0.013090 0.000000
vt 0.000000 -0.026180 0.000000
vt -0.000000 -0.039270 0.000000
vt 0.000000 -0.052360 0.000000
vt -0.000000 -0.065450 0.000000
vt -0.000000 0.500000 0.000000
vt -1.300000 0.500000 0.000000
vt 0.000000 0.000000 0.000000
vt -1.300000 -0.000000 0.000000
vt 0.000000 -0.078540 0.000000
vt 0.500000 -0.078540 0.000000
vt 0.250000 -0.065450 0.000000
vt 0.500000 -0.065450 0.000000
vt 0.250000 -0.052360 0.000000
vt 0.500000 -0.052360 0.000000
vt 0.250000 -0.039270 0.000000
vt 0.500000 -0.039270 0.000000
vt 0.250000 -0.026180 0.000000
vt 0.500000 -0.026180 0.000000
vt 0.250000 -0.013090 0.000000
vt 0.500000 -0.013090 0.000000
vt 0.500000 0.000000 0.000000
vt 0.000000 0.000000 0.000000
vt 0.000000 -0.013090 0.000000
vt 0.000000 -0.026180 0.000000
vt 0.000000 -0.039270 0.000000
vt 0.000000 -0.052360 0.000000
vt 0.000000 -0.065450 0.000000
vt -0.000000 0.500000 0.000000
vt -1.300000 0.500000 0.000000
vt 0.000000 0.000000 0.000000
vt -1.300000 -0.000000 0.000000
vt 0.000000 -0.078540 0.000000
vt 0.500000 -0.078540 0.000000
vt 0.250000 -0.065450 0.000000
vt 0.500000 -0.065450 0.000000
vt 0.250000 -0.052360 0.000000
vt 0.500000 -0.052360 0.000000
vt 0.250000 -0.039270 0.000000
vt 0.500000 -0.039270 0.000000
vt 0.250000 -0.026180 0.000000
vt 0.500000 -0.026180 0.000000
vt 0.250000 -0.013090 0.000000
vt 0.500000 -0.013090 0.000000
vt 0.500000 0.000000 0.000000
vt 0.000000 0.000000 0.000000
vt 0.000000 -0.013090 0.000000
vt 0.000000 -0.026180 0.000000
vt 0.000000 -0.039270 0.000000
vt 0.000000 -0.052360 0.000000
vt 0.000000 -0.065450 0.000000
vt -0.000000 0.500000 0.000000
vt -1.300000 0.500000 0.000000
vt -0.000000 0.000000 0.000000
vt -1.300000 0.000000 0.000000
vt 0.000000 -0.078540 0.000000
vt 0.500000 -0.078540 0.000000
vt 0.250000 -0.065450 0.000000
vt 0.500000 -0.065450 0.000000
vt 0.250000 -0.052360 0.000000
vt 0.500000 -0.052360 0.000000
vt 0.250000 -0.039270 0.000000
vt 0.500000 -0.039270 0.000000
vt 0.250000 -0.026180 0.000000
vt 0.500000 -0.026180 0.000000
vt 0.250000 -0.013090 0.000000
vt 0.500000 -0.013090 0.000000
vt 0.500000 0.000000 0.000000
vt 0.000000 0.000000 0.000000
vt 0.000000 -0.013090 0.000000
vt 0.000000 -0.026180 0.000000
vt 0.000000 -0.039270 0.000000
vt 0.000000 -0.052360 0.000000
vt 0.000000 -0.065450 0.000000
vt -0.000000 0.500000 0.000000
vt -1.300000 0.500000 0.000000
vt -0.000000 0.000000 0.000000
vt -1.300000 0.000000 0.000000
vt 0.000000 -0.078540 0.000000
vt 0.500000 -0.078540 0.000000
vt 0.250000 -0.065450 0.000000
vt 0.500000 -0.065450 0.000000
vt 0.250000 -0.052360 0.000000
vt 0.500000 -0.052360 0.000000
vt 0.250000 -0.039270 0.000000
vt 0.500000 -0.039270 0.000000
vt 0.250000 -0.026180 0.000000
vt 0.500000 -0.026180 0.000000
vt 0.250000 -0.013090 0.000000
vt 0.500000 -0.013090 0.000000
vt 0.500000 0.000000 0.000000
vt 0.000000 0.000000 0.000000
vt 0.000000 -0.013090 0.000000
vt -0.000000 -0.026180 0.000000
vt 0.000000 -0.039270 0.000000
vt -0.000000 -0.052360 0.000000
vt -0.000000 -0.065450 0.000000
vt -0.000000 0.500000 0.000000
vt -1.300000 0.500000 0.000000
vt 0.000000 0.000000 0.000000
vt -1.300000 0.000000 0.000000
vt 0.000000 -0.078540 0.000000
vt 0.500000 -0.078540 0.000000
vt 0.250000 -0.065450 0.000000
vt 0.500000 -0.065450 0.000000
vt 0.250000 -0.052360 0.000000
vt 0.500000 -0.052360 0.000000
vt 0.250000 -0.039270 0.000000
vt 0.500000 -0.039270 0.000000
vt 0.250000 -0.026180 0.000000
vt 0.500000 -0.026180 0.000000
vt 0.250000 -0.013090 0.000000
vt 0.500000 -0.013090 0.000000
vt 0.500000 0.000000 0.000000
vt 0.000000 0.000000 0.000000
vt 0.000000 -0.013090 0.000000
vt 0.000000 -0.026180 0.000000
vt 0.000000 -0.039270 0.000000
vt 0.000000 -0.052360 0.000000
vt 0.000000 -0.065450 0.000000
vt -0.000000 0.500000 0.000000
vt -1.300000 0.500000 0.000000
vt 0.000000 0.000000 0.000000
vt -1.300000 0.000000 0.000000
vt 0.000000 -0.078540 0.000000
vt 0.500000 -0.078540 0.000000
vt 0.250000 -0.065450 0.000000
vt 0.500000 -0.065450 0.000000
vt 0.250000 -0.052360 0.000000
vt 0.500000 -0.052360 0.000000
vt 0.250000 -0.039270 0.000000
vt 0.500000 -0.039270 0.000000
vt 0.250000 -0.026180 0.000000
vt 0.500000 -0.026180 0.000000
vt 0.250000 -0.013090 0.000000
vt 0.500000 -0.013090 0.000000
vt 0.500000 0.000000 0.000000
vt 0.000000 0.000000 0.000000
vt 0.000000 -0.013090 0.000000
vt 0.000000 -0.026180 0.000000
vt 0.000000 -0.039270 0.000000
vt 0.000000 -0.052360 0.000000
vt 0.000000 -0.065450 0.000000
vt -0.750000 -0.392699 0.000000
vt 3.750000 -0.392699 0.000000
vt 1.500000 -0.261799 0.000000
vt 3.750000 -0.261799 0.000000
vt 1.500000 -0.130900 0.000000
vt 3.750000 -0.130900 0.000000
vt 1.500000 0.000000 0.000000
vt 3.750000 0.000000 0.000000
vt 1.500000 0.130900 0.000000
vt 3.750000 0.130900 0.000000
vt 1.500000 0.261799 0.000000
vt 3.750000 0.261799 0.000000
vt 3.750000 0.392699 0.000000
vt -0.750000 0.392699 0.000000
vt -0.750000 0.261799 0.000000
vt -0.750000 0.130900 0.000000
vt -0.750000 0.000000 0.000000
vt -0.750000 -0.130900 0.000000
vt -0.750000 -0.261799 0.000000
vt -0.500000 0.392699 0.000000
vt -6.000000 0.392699 0.000000
vt -3.250000 0.261799 0.000000
vt -6.000000 0.261799 0.000000
vt -3.250000 0.130900 0.000000
vt -6.000000 0.130900 0.000000
vt -3.250000 0.000000 0.000000
vt -6.000000 0.000000 0.000000
vt -3.250000 -0.130900 0.000000
vt -6.000000 -0.130900 0.000000
vt -3.250000 -0.261799 0.000000
vt -6.000000 -0.261799 0.000000
vt -6.000000 -0.392699 0.000000
vt -0.500000 -0.392699 0.000000
vt -0.500000 -0.261799 0.000000
vt -0.500000 -0.130900 0.000000
vt -0.500000 0.000000 0.000000
vt -0.500000 0.130900 0.000000
vt -0.500000 0.261799 0.000000
vt -0.092025 0.378503 0.000000
vt -0.210267 0.436658 0.000000
vt -0.176840 0.311899 0.000000
vt -0.261799 0.303308 0.000000
vt -0.176840 0.187139 0.000000
vt -0.295793 0.156265 0.000000
vt -0.176840 0.062380 0.000000
vt -0.307740 0.000000 0.000000
vt -0.176840 -0.062380 0.000000
vt -0.295793 -0.156265 0.000000
vt -0.176840 -0.187139 0.000000
vt -0.261799 -0.303308 0.000000
vt -0.176840 -0.311899 0.000000
vt -0.210267 -0.436658 0.000000
vt -0.092025 -0.378503 0.000000
vt -0.045940 -0.311899 0.000000
vt 0.027361 -0.325356 0.000000
vt -0.045940 -0.187139 0.000000
vt 0.084959 -0.187139 0.000000
vt -0.045940 -0.062380 0.000000
vt 0.084959 -0.062380 0.000000
vt -0.045940 0.062380 0.000000
vt 0.084959 0.062380 0.000000
vt -0.045940 0.187139 0.000000
vt 0.084959 0.187139 0.000000
vt 0.027361 0.325356 0.000000
vt 0.146421 0.270777 0.000000
vt 0.215859 0.187139 0.000000
vt 0.263523 0.207680 0.000000
vt 0.215859 0.062380 0.000000
vt 0.346759 0.062380 0.000000
vt 0.346759 -0.062380 0.000000
vt 0.477658 0.000000 0.000000
vt 0.375940 -0.124807 0.000000
vt 0.263523 -0.207680 0.000000
vt 0.215859 -0.062380 0.000000
vt 0.215859 -0.187139 0.000000
vt 0.146421 -0.270777 0.000000
vt 0.375940 0.124807 0.000000
vt -0.045940 0.311899 0.000000
vt 4.750000 -0.261799 0.000000
vt 2.750000 -0.261799 0.000000
vt 4.750000 -0.392699 0.000000
vt 0.750000 -0.261799 0.000000
vt -1.250000 -0.392699 0.000000
vt -1.250000 -0.261799 0.000000
vt -1.250000 -0.130900 0.000000
vt 0.750000 -0.130900 0.000000
vt -1.250000 0.000000 0.000000
vt 0.750000 0.000000 0.000000
vt -1.250000 0.130900 0.000000
vt 0.750000 0.130900 0.000000
vt -1.250000 0.261799 0.000000
vt 0.750000 0.261799 0.000000
vt -1.250000 0.392699 0.000000
vt 2.750000 0.261799 0.000000
vt 4.750000 0.392699 0.000000
vt 4.750000 0.261799 0.000000
vt 4.750000 0.130900 0.000000
vt 2.750000 0.130900 0.000000
vt 4.750000 0.000000 0.000000
vt 2.750000 0.000000 0.000000
vt 4.750000 -0.130900 0.000000
vt 2.750000 -0.130900 0.000000
vt 3.669491 4.758549 0.000000
vt 3.679713 4.680903 0.000000
vt 4.747500 3.638150 0.000000
vt 3.669491 4.603257 0.000000
vt 4.734559 3.636446 0.000000
vt 4.155441 3.636446 0.000000
vt 4.722500 3.631451 0.000000
vt 4.167500 3.631451 0.000000
vt 4.712145 3.623505 0.000000
vt 4.177855 3.623505 0.000000
vt 4.704199 3.613150 0.000000
vt 4.185801 3.613150 0.000000
vt 4.699204 3.601091 0.000000
vt 4.190796 3.601091 0.000000
vt 4.697500 3.588150 0.000000
vt 4.192500 3.588150 0.000000
vt 4.697500 2.288150 0.000000
vt 4.192500 2.288150 0.000000
vt 4.699204 2.275209 0.000000
vt 4.190796 2.275209 0.000000
vt 4.704199 2.263150 0.000000
vt 4.185801 2.263150 0.000000
vt 4.712145 2.252794 0.000000
vt 4.177855 2.252794 0.000000
vt 4.722500 2.244848 0.000000
vt 4.167500 2.244848 0.000000
vt 4.734559 2.239853 0.000000
vt 4.155441 2.239853 0.000000
vt 6.500000 0.500000 0.000000
vt 4.142500 2.238150 0.000000
vt 0.500000 0.500000 0.000000
vt 2.842500 2.238150 0.000000
vt 2.829559 2.239853 0.000000
vt 3.639521 4.530903 0.000000
vt 4.142500 3.638150 0.000000
vt 3.591845 4.468771 0.000000
vt 3.529713 4.421095 0.000000
vt 3.457359 4.391125 0.000000
vt 3.379713 4.380903 0.000000
vt 2.842500 3.638150 0.000000
vt 3.302067 4.391125 0.000000
vt 3.229713 4.421095 0.000000
vt 3.167581 4.468771 0.000000
vt 2.829559 3.636446 0.000000
vt 3.119905 4.530903 0.000000
vt 2.817500 3.631451 0.000000
vt 2.262500 3.631451 0.000000
vt 2.807145 3.623505 0.000000
vt 2.272855 3.623505 0.000000
vt 2.799199 3.613150 0.000000
vt 2.280801 3.613150 0.000000
vt 2.794204 3.601091 0.000000
vt 2.285796 3.601091 0.000000
vt 2.792500 3.588150 0.000000
vt 2.287500 3.588150 0.000000
vt 2.792500 2.288150 0.000000
vt 2.287500 2.288150 0.000000
vt 2.794204 2.275209 0.000000
vt 2.285796 2.275209 0.000000
vt 2.799199 2.263150 0.000000
vt 2.280801 2.263150 0.000000
vt 2.807145 2.252794 0.000000
vt 2.272855 2.252794 0.000000
vt 2.817500 2.244848 0.000000
vt 2.262500 2.244848 0.000000
vt 2.250441 2.239853 0.000000
vt 2.237500 2.238150 0.000000
vt 0.937500 2.238150 0.000000
vt 2.250441 3.636446 0.000000
vt 3.089935 4.603257 0.000000
vt 2.237500 3.638150 0.000000
vt 3.079713 4.680903 0.000000
vt 0.937500 3.638150 0.000000
vt 3.089935 4.758549 0.000000
vt 0.500000 6.000000 0.000000
vt 3.119905 4.830903 0.000000
vt 3.167581 4.893035 0.000000
vt 3.229713 4.940711 0.000000
vt 3.302067 4.970681 0.000000
vt 3.379713 4.980903 0.000000
vt 6.500000 6.000000 0.000000
vt 3.457359 4.970681 0.000000
vt 3.529713 4.940711 0.000000
vt 3.591845 4.893035 0.000000
vt 3.639521 4.830903 0.000000
vt 6.047500 3.638150 0.000000
vt 6.060441 3.636446 0.000000
vt 6.072500 3.631451 0.000000
vt 6.082855 3.623505 0.000000
vt 6.090801 3.613150 0.000000
vt 6.095796 3.601091 0.000000
vt 6.097500 3.588150 0.000000
vt 6.097500 2.288150 0.000000
vt 6.095796 2.275209 0.000000
vt 6.090801 2.263150 0.000000
vt 6.082855 2.252794 0.000000
vt 6.072500 2.244848 0.000000
vt 6.060441 2.239853 0.000000
vt 6.047500 2.238150 0.000000
vt 4.747500 2.238150 0.000000
vt 0.924559 2.239853 0.000000
vt 0.912500 2.244848 0.000000
vt 0.902145 2.252794 0.000000
vt 0.894199 2.263150 0.000000
vt 0.889204 2.275209 0.000000
vt 0.887500 2.288150 0.000000
vt 0.887500 3.588150 0.000000
vt 0.889204 3.601091 0.000000
vt 0.894199 3.613150 0.000000
vt 0.902145 3.623505 0.000000
vt 0.912500 3.631451 0.000000
vt 0.924559 3.636446 0.000000
vt 2.000000 3.000000 0.000000
vt -2.000000 3.500000 0.000000
vt -2.000000 3.000000 0.000000
vt -2.129410 3.482963 0.000000
vt -2.250000 3.433013 0.000000
vt 2.000000 -3.000000 0.000000
vt 2.500000 -3.500000 0.000000
vt 2.500000 3.500000 0.000000
vt -2.000000 -3.500000 0.000000
vt -2.000000 -3.000000 0.000000
vt -2.129410 -3.482963 0.000000
vt -2.250000 -3.433013 0.000000
vt -2.353553 -3.353553 0.000000
vt -2.433013 -3.250000 0.000000
vt -2.482963 -3.129410 0.000000
vt -2.500000 -3.000000 0.000000
vt -2.500000 3.000000 0.000000
vt -2.482963 3.129410 0.000000
vt -2.433013 3.250000 0.000000
vt -2.353553 3.353553 0.000000
vt -0.500000 0.392699 0.000000
vt -6.000000 0.392699 0.000000
vt -3.250000 0.261799 0.000000
vt -6.000000 0.261799 0.000000
vt -3.250000 0.130900 0.000000
vt -6.000000 0.130900 0.000000
vt -3.250000 0.000000 0.000000
vt -6.000000 0.000000 0.000000
vt -3.250000 -0.130900 0.000000
vt -6.000000 -0.130900 0.000000
vt -3.250000 -0.261799 0.000000
vt -6.000000 -0.261799 0.000000
vt -6.000000 -0.392699 0.000000
vt -0.500000 -0.392699 0.000000
vt -0.500000 -0.261799 0.000000
vt -0.500000 -0.130900 0.000000
vt -0.500000 0.000000 0.000000
vt -0.500000 0.130900 0.000000
vt -0.500000 0.261799 0.000000
vt 3.250000 0.392699 0.000000
vt -1.250000 0.392699 0.000000
vt 1.000000 0.261799 0.000000
vt -1.250000 0.261799 0.000000
vt 1.000000 0.130900 0.000000
vt -1.250000 0.130900 0.000000
vt 1.000000 0.000000 0.000000
vt -1.250000 0.000000 0.000000
vt 1.000000 -0.130900 0.000000
vt -1.250000 -0.130900 0.000000
vt 1.000000 -0.261799 0.000000
vt -1.250000 -0.261799 0.000000
vt -1.250000 -0.392699 0.000000
vt 3.250000 -0.392699 0.000000
vt 3.250000 -0.261799 0.000000
vt 3.250000 -0.130900 0.000000
vt 3.250000 0.000000 0.000000
vt 3.250000 0.130900 0.000000
vt 3.250000 0.261799 0.000000
vt -0.261799 -0.303308 0.000000
vt -0.210267 -0.436658 0.000000
vt -0.176840 -0.311899 0.000000
vt -0.092025 -0.378503 0.000000
vt -0.045940 -0.311899 0.000000
vt 0.027361 -0.325356 0.000000
vt -0.045940 -0.187139 0.000000
vt 0.084959 -0.187139 0.000000
vt -0.045940 -0.062380 0.000000
vt 0.084959 -0.062380 0.000000
vt -0.045940 0.062380 0.000000
vt 0.084959 0.062380 0.000000
vt -0.045940 0.187139 0.000000
vt 0.084959 0.187139 0.000000
vt 0.027361 0.325356 0.000000
vt 0.146421 0.270777 0.000000
vt 0.215859 0.187139 0.000000
vt 0.263523 0.207680 0.000000
vt 0.215859 0.062380 0.000000
vt 0.346759 0.062380 0.000000
vt 0.346759 -0.062380 0.000000
vt 0.477658 0.000000 0.000000
vt 0.375940 -0.124807 0.000000
vt 0.263523 -0.207680 0.000000
vt 0.215859 -0.062380 0.000000
vt 0.215859 -0.187139 0.000000
vt 0.146421 -0.270777 0.000000
vt 0.375940 0.124807 0.000000
vt -0.045940 0.311899 0.000000
vt -0.092025 0.378503 0.000000
vt -0.176840 0.311899 0.000000
vt -0.210267 0.436658 0.000000
vt -0.261799 0.303308 0.000000
vt -0.176840 0.187139 0.000000
vt -0.295793 0.156265 0.000000
vt -0.176840 0.062380 0.000000
vt -0.307740 0.000000 0.000000
vt -0.176840 -0.062380 0.000000
vt -0.295793 -0.156265 0.000000
vt -0.176840 -0.187139 0.000000
vt 0.000000 0.500000 0.000000
vt 4.500000 0.500000 0.000000
vt 0.000000 6.000000 0.000000
vt 4.500000 6.000000 0.000000
vt -4.000000 0.000000 0.000000
vt -0.000000 0.000000 0.000000
vt -4.000000 5.800000 0.000000
vt -0.000000 5.800000 0.000000
vt -2.830509 1.241451 0.000000
vt -1.752500 2.361850 0.000000
vt -2.820287 1.319097 0.000000
vt -1.765441 2.363554 0.000000
vt -2.830509 1.396743 0.000000
vt -2.344559 2.363554 0.000000
vt -2.860479 1.469097 0.000000
vt -2.357500 2.361850 0.000000
vt -2.908155 1.531229 0.000000
vt -2.970287 1.578905 0.000000
vt -3.042641 1.608875 0.000000
vt -3.120287 1.619097 0.000000
vt -3.657500 2.361850 0.000000
vt -3.197933 1.608875 0.000000
vt -3.270287 1.578905 0.000000
vt -3.332419 1.531229 0.000000
vt -3.670441 2.363554 0.000000
vt -3.380095 1.469097 0.000000
vt -3.682500 2.368549 0.000000
vt -4.237500 2.368549 0.000000
vt -4.227145 2.376495 0.000000
vt -3.692855 2.376495 0.000000
vt -4.219199 2.386850 0.000000
vt -3.700801 2.386850 0.000000
vt -4.214204 2.398909 0.000000
vt -3.705796 2.398909 0.000000
vt -4.212500 2.411850 0.000000
vt -3.707500 2.411850 0.000000
vt -4.212500 3.711850 0.000000
vt -3.707500 3.711850 0.000000
vt -4.214204 3.724791 0.000000
vt -3.705796 3.724791 0.000000
vt -4.219199 3.736850 0.000000
vt -3.700801 3.736850 0.000000
vt -4.227145 3.747206 0.000000
vt -3.692855 3.747206 0.000000
vt -4.237500 3.755152 0.000000
vt -3.682500 3.755152 0.000000
vt -4.249559 3.760147 0.000000
vt -3.670441 3.760147 0.000000
vt -6.000000 5.800000 0.000000
vt -3.657500 3.761850 0.000000
vt -2.357500 3.761850 0.000000
vt -0.000000 0.000000 0.000000
vt -2.860479 1.169097 0.000000
vt -2.908155 1.106965 0.000000
vt -2.970287 1.059289 0.000000
vt -3.042641 1.029319 0.000000
vt -3.120287 1.019097 0.000000
vt -6.000000 0.000000 0.000000
vt -3.197933 1.029319 0.000000
vt -3.270287 1.059289 0.000000
vt -3.332419 1.106965 0.000000
vt -3.380095 1.169097 0.000000
vt -3.410065 1.241451 0.000000
vt -4.262500 2.361850 0.000000
vt -3.420287 1.319097 0.000000
vt -3.410065 1.396743 0.000000
vt -4.249559 2.363554 0.000000
vt -0.439559 2.363554 0.000000
vt -0.452500 2.361850 0.000000
vt -2.332500 2.368549 0.000000
vt -1.777500 2.368549 0.000000
vt -2.322145 2.376495 0.000000
vt -1.787855 2.376495 0.000000
vt -2.314199 2.386850 0.000000
vt -1.795801 2.386850 0.000000
vt -2.309204 2.398909 0.000000
vt -1.800796 2.398909 0.000000
vt -2.307500 2.411850 0.000000
vt -1.802500 2.411850 0.000000
vt -2.307500 3.711850 0.000000
vt -1.802500 3.711850 0.000000
vt -2.309204 3.724791 0.000000
vt -1.800796 3.724791 0.000000
vt -2.314199 3.736850 0.000000
vt -1.795801 3.736850 0.000000
vt -2.322145 3.747206 0.000000
vt -1.787855 3.747206 0.000000
vt -2.332500 3.755152 0.000000
vt -1.777500 3.755152 0.000000
vt -2.344559 3.760147 0.000000
vt -1.765441 3.760147 0.000000
vt -0.000000 5.800000 0.000000
vt -1.752500 3.761850 0.000000
vt -0.452500 3.761850 0.000000
vt -0.439559 3.760147 0.000000
vt -0.427500 3.755152 0.000000
vt -0.417145 3.747206 0.000000
vt -0.409199 3.736850 0.000000
vt -0.404204 3.724791 0.000000
vt -0.402500 3.711850 0.000000
vt -0.402500 2.411850 0.000000
vt -0.404204 2.398909 0.000000
vt -0.409199 2.386850 0.000000
vt -0.417145 2.376495 0.000000
vt -0.427500 2.368549 0.000000
vt -5.562500 2.361850 0.000000
vt -5.575441 2.363554 0.000000
vt -5.587500 2.368549 0.000000
vt -5.597855 2.376495 0.000000
vt -5.605801 2.386850 0.000000
vt -5.610796 2.398909 0.000000
vt -5.612500 2.411850 0.000000
vt -5.612500 3.711850 0.000000
vt -5.610796 3.724791 0.000000
vt -5.605801 3.736850 0.000000
vt -5.597855 3.747206 0.000000
vt -5.587500 3.755152 0.000000
vt -5.575441 3.760147 0.000000
vt -5.562500 3.761850 0.000000
vt -4.262500 3.761850 0.000000
vt -4.000000 0.000000 0.000000
vt -0.000000 0.000000 0.000000
vt -4.000000 5.800000 0.000000
vt -0.000000 5.800000 0.000000
vt -6.000000 0.000000 0.000000
vt -0.000000 0.000000 0.000000
vt -6.000000 5.800000 0.000000
vt -0.000000 5.800000 0.000000
vt -0.000000 0.310000 0.000000
vt -4.350000 0.310000 0.000000
vt -0.000000 0.210000 0.000000
vt -4.350000 0.210000 0.000000
vt 0.017037 0.370590 0.000000
vt 0.500000 0.000000 0.000000
vt 0.000000 0.500000 0.000000
vt 6.500000 0.000000 0.000000
vt 7.000000 0.500000 0.000000
vt 6.982963 0.370590 0.000000
vt 6.933013 0.250000 0.000000
vt 6.853553 0.146447 0.000000
vt 6.750000 0.066987 0.000000
vt 6.629410 0.017037 0.000000
vt 0.066987 0.250000 0.000000
vt 0.146447 0.146447 0.000000
vt 0.250000 0.066987 0.000000
vt 0.370590 0.017037 0.000000
vt 7.000000 6.000000 0.000000
vt 0.000000 6.000000 0.000000
vt 0.500000 0.500000 0.000000
vt 5.000000 0.500000 0.000000
vt 0.500000 6.000000 0.000000
vt 5.000000 6.000000 0.000000
vn -1.000000 -0.000000 0.000000
vn -0.995185 -0.098017 -0.000000
vn -1.000000 -0.000000 0.000000
vn -0.995185 -0.098017 -0.000000
vn -0.980785 -0.195090 -0.000000
vn -0.965926 -0.258819 -0.000000
vn -0.965926 -0.258819 -0.000000
vn -0.866025 -0.500000 -0.000000
vn -0.866025 -0.500000 -0.000000
vn -0.707107 -0.707107 -0.000000
vn -0.707107 -0.707107 -0.000000
vn -0.500000 -0.866025 -0.000000
vn -0.500000 -0.866025 -0.000000
vn -0.258819 -0.965926 -0.000000
vn -0.382683 -0.923880 -0.000000
vn -0.195090 -0.980785 -0.000000
vn -0.000000 -1.000000 -0.000000
vn -0.258819 -0.965926 -0.000000
vn -0.258819 -0.965926 -0.000000
vn -0.500000 -0.866025 -0.000000
vn -0.500000 -0.866025 -0.000000
vn -0.707107 -0.707107 -0.000000
vn -0.707107 -0.707107 -0.000000
vn -0.866025 -0.500000 -0.000000
vn -0.866025 -0.500000 -0.000000
vn -0.965926 -0.258819 -0.000000
vn -0.965926 -0.258819 -0.000000
vn -0.965926 -0.258819 -0.000000
vn -0.965926 -0.258819 -0.000000
vn -0.866025 -0.500000 -0.000000
vn -0.866025 -0.500000 -0.000000
vn -0.707107 -0.707107 -0.000000
vn -0.707107 -0.707107 -0.000000
vn -0.500000 -0.866025 -0.000000
vn -0.500000 -0.866025 -0.000000
vn -0.258819 -0.965926 -0.000000
vn -0.258819 -0.965926 -0.000000
vn -0.195090 -0.980785 -0.000000
vn -0.000000 -1.000000 -0.000000
vn -0.980785 -0.195090 -0.000000
vn -0.965926 -0.258819 -0.000000
vn -0.965926 -0.258819 -0.000000
vn -0.965926 -0.258819 -0.000000
vn -0.866025 -0.500000 -0.000000
vn -0.866025 -0.500000 -0.000000
vn -0.707107 -0.707107 -0.000000
vn -0.923880 -0.382683 -0.000000
vn -0.866025 -0.500000 -0.000000
vn -0.866025 -0.500000 -0.000000
vn -0.707107 -0.707107 -0.000000
vn -0.707107 -0.707107 -0.000000
vn -0.500000 -0.866025 -0.000000
vn -0.500000 -0.866025 -0.000000
vn -0.258819 -0.965926 -0.000000
vn -0.831470 -0.555570 -0.000000
vn -0.707107 -0.707107 -0.000000
vn -0.500000 -0.866025 -0.000000
vn -0.258819 -0.965926 -0.000000
vn -0.707107 -0.707107 -0.000000
vn -0.555570 -0.831470 -0.000000
vn -0.500000 -0.866025 -0.000000
vn -0.382683 -0.923880 -0.000000
vn -0.258819 -0.965926 -0.000000
vn -0.258819 -0.965926 -0.000000
vn -0.555570 -0.831470 -0.000000
vn -0.707107 -0.707107 -0.000000
vn -0.866025 -0.500000 -0.000000
vn -0.965926 -0.258819 -0.000000
vn -0.707107 -0.707107 -0.000000
vn -0.831470 -0.555570 -0.000000
vn -0.866025 -0.500000 -0.000000
vn -0.923880 -0.382683 -0.000000
vn -0.965926 -0.258819 -0.000000
vn -0.965926 -0.258819 -0.000000
vn -0.965926 -0.258819 -0.000000
vn -0.866025 -0.500000 -0.000000
vn -0.707107 -0.707107 -0.000000
vn -0.500000 -0.866025 -0.000000
vn -0.258819 -0.965926 -0.000000
vn -0.707107 -0.707107 -0.000000
vn -0.500000 -0.866025 -0.000000
vn -0.258819 -0.965926 -0.000000
vn -0.500000 -0.866025 -0.000000
vn -0.258819 -0.965926 -0.000000
vn -0.258819 -0.965926 -0.000000
vn -0.000000 0.000000 1.000000
vn -0.000000 -0.098017 0.995185
vn -0.000000 0.000000 1.000000
vn -0.000000 -0.098017 0.995185
vn -0.000000 -0.195090 0.980785
vn -0.000000 -0.258819 0.965926
vn -0.000000 -0.258819 0.965926
vn -0.000000 -0.500000 0.866025
vn -0.000000 -0.500000 0.866025
vn -0.000000 -0.707107 0.707107
vn -0.000000 -0.707107 0.707107
vn -0.000000 -0.866025 0.500000
vn -0.000000 -0.866025 0.500000
vn -0.000000 -0.965926 0.258819
vn -0.000000 -0.965926 0.258819
vn -0.000000 -0.980785 0.195090
vn -0.000000 -0.195090 0.980785
vn -0.000000 -0.258819 0.965926
vn -0.000000 -0.258819 0.965926
vn -0.000000 -0.258819 0.965926
vn -0.000000 -0.500000 0.866025
vn -0.000000 -0.500000 0.866025
vn -0.000000 -0.707107 0.707107
vn -0.000000 -0.707107 0.707107
vn -0.000000 -0.866025 0.500000
vn -0.000000 -0.866025 0.500000
vn -0.000000 -0.965926 0.258819
vn -0.000000 -0.965926 0.258819
vn -0.000000 -0.965926 0.258819
vn -0.000000 -0.965926 0.258819
vn -0.000000 -0.866025 0.500000
vn -0.000000 -0.866025 0.500000
vn -0.000000 -0.707107 0.707107
vn -0.000000 -0.707107 0.707107
vn -0.000000 -0.500000 0.866025
vn -0.000000 -0.500000 0.866025
vn -0.000000 -0.258819 0.965926
vn -0.000000 -0.258819 0.965926
vn -0.000000 -0.382683 0.923880
vn -0.000000 -0.500000 0.866025
vn -0.000000 -0.500000 0.866025
vn -0.000000 -0.707107 0.707107
vn -0.000000 -0.707107 0.707107
vn -0.000000 -0.866025 0.500000
vn -0.000000 -0.866025 0.500000
vn -0.000000 -0.965926 0.258819
vn -0.000000 -0.965926 0.258819
vn -0.000000 -0.980785 0.195090
vn -0.000000 -1.000000 -0.000000
vn -0.000000 -0.555570 0.831470
vn -0.000000 -0.707107 0.707107
vn -0.000000 -0.866025 0.500000
vn -0.000000 -0.965926 0.258819
vn -0.000000 -0.707107 0.707107
vn -0.000000 -0.831470 0.555570
vn -0.000000 -0.866025 0.500000
vn -0.000000 -0.923880 0.382683
vn -0.000000 -0.965926 0.258819
vn -0.000000 -0.965926 0.258819
vn -0.000000 -0.923880 0.382683
vn -0.000000 -0.866025 0.500000
vn -0.000000 -0.707107 0.707107
vn -0.000000 -0.500000 0.866025
vn -0.000000 -0.258819 0.965926
vn -0.000000 -0.831470 0.555570
vn -0.000000 -0.707107 0.707107
vn -0.000000 -0.500000 0.866025
vn -0.000000 -0.258819 0.965926
vn -0.000000 -0.707107 0.707107
vn -0.000000 -0.555570 0.831470
vn -0.000000 -0.500000 0.866025
vn -0.000000 -0.382683 0.923880
vn -0.000000 -0.258819 0.965926
vn -0.000000 -0.258819 0.965926
vn -0.000000 -0.258819 0.965926
vn -0.000000 -0.258819 0.965926
vn -0.000000 -0.258819 0.965926
vn -0.000000 -0.500000 0.866025
vn -0.000000 -0.500000 0.866025
vn -0.000000 -0.707107 0.707107
vn -0.000000 -0.500000 0.866025
vn -0.000000 -0.258819 0.965926
vn -0.000000 -0.500000 0.866025
vn -0.000000 -0.707107 0.707107
vn -0.000000 -0.866025 0.500000
vn -0.000000 -0.965926 0.258819
vn -0.000000 -0.707107 0.707107
vn -0.000000 -0.707107 0.707107
vn -0.000000 -0.866025 0.500000
vn -0.000000 -0.965926 0.258819
vn -0.000000 -0.866025 0.500000
vn -0.000000 -0.866025 0.500000
vn -0.000000 -0.965926 0.258819
vn -0.000000 -0.965926 0.258819
vn 0.000000 -1.000000 -0.000000
vn 0.195090 -0.980785 -0.000000
vn 0.258819 -0.965926 -0.000000
vn 0.258819 -0.965926 -0.000000
vn 0.500000 -0.866025 -0.000000
vn 0.500000 -0.866025 -0.000000
vn 0.707107 -0.707107 -0.000000
vn 0.707107 -0.707107 -0.000000
vn 0.866025 -0.500000 -0.000000
vn 0.866025 -0.500000 -0.000000
vn 0.965926 -0.258819 -0.000000
vn 0.923880 -0.382683 -0.000000
vn 0.980785 -0.195090 -0.000000
vn 0.995185 -0.098017 -0.000000
vn 0.965926 -0.258819 -0.000000
vn 0.965926 -0.258819 -0.000000
vn 0.866025 -0.500000 -0.000000
vn 0.866025 -0.500000 -0.000000
vn 0.707107 -0.707107 -0.000000
vn 0.707107 -0.707107 -0.000000
vn 0.500000 -0.866025 -0.000000
vn 0.500000 -0.866025 -0.000000
vn 0.258819 -0.965926 -0.000000
vn 0.258819 -0.965926 -0.000000
vn 0.258819 -0.965926 -0.000000
vn 0.258819 -0.965926 -0.000000
vn 0.500000 -0.866025 -0.000000
vn 0.500000 -0.866025 -0.000000
vn 0.707107 -0.707107 -0.000000
vn 0.707107 -0.707107 -0.000000
vn 0.866025 -0.500000 -0.000000
vn 0.866025 -0.500000 -0.000000
vn 0.965926 -0.258819 -0.000000
vn 0.965926 -0.258819 -0.000000
vn 0.980785 -0.195090 -0.000000
vn 0.995185 -0.098017 -0.000000
vn 0.195090 -0.980785 -0.000000
vn 0.258819 -0.965926 -0.000000
vn 0.258819 -0.965926 -0.000000
vn 0.258819 -0.965926 -0.000000
vn 0.500000 -0.866025 -0.000000
vn 0.500000 -0.866025 -0.000000
vn 0.707107 -0.707107 -0.000000
vn 0.382683 -0.923880 -0.000000
vn 0.500000 -0.866025 -0.000000
vn 0.500000 -0.866025 -0.000000
vn 0.707107 -0.707107 -0.000000
vn 0.707107 -0.707107 -0.000000
vn 0.866025 -0.500000 -0.000000
vn 0.866025 -0.500000 -0.000000
vn 0.965926 -0.258819 -0.000000
vn 0.555570 -0.831470 -0.000000
vn 0.707107 -0.707107 -0.000000
vn 0.866025 -0.500000 -0.000000
vn 0.965926 -0.258819 -0.000000
vn 0.707107 -0.707107 -0.000000
vn 0.831470 -0.555570 -0.000000
vn 0.866025 -0.500000 -0.000000
vn 0.923880 -0.382683 -0.000000
vn 0.965926 -0.258819 -0.000000
vn 0.965926 -0.258819 -0.000000
vn 1.000000 0.000000 0.000000
vn 1.000000 0.000000 0.000000
vn 0.831470 -0.555570 -0.000000
vn 0.707107 -0.707107 -0.000000
vn 0.500000 -0.866025 -0.000000
vn 0.258819 -0.965926 -0.000000
vn 0.707107 -0.707107 -0.000000
vn 0.555570 -0.831470 -0.000000
vn 0.500000 -0.866025 -0.000000
vn 0.382683 -0.923880 -0.000000
vn 0.258819 -0.965926 -0.000000
vn 0.258819 -0.965926 -0.000000
vn 0.258819 -0.965926 -0.000000
vn 0.500000 -0.866025 -0.000000
vn 0.707107 -0.707107 -0.000000
vn 0.866025 -0.500000 -0.000000
vn 0.965926 -0.258819 -0.000000
vn 0.707107 -0.707107 -0.000000
vn 0.866025 -0.500000 -0.000000
vn 0.965926 -0.258819 -0.000000
vn 0.866025 -0.500000 -0.000000
vn 0.965926 -0.258819 -0.000000
vn 0.965926 -0.258819 -0.000000
vn -0.000000 0.000000 -1.000000
vn -0.000000 -0.098017 -0.995185
vn -0.000000 0.000000 -1.000000
vn -0.000000 -0.098017 -0.995185
vn -0.000000 -0.195090 -0.980785
vn -0.000000 -0.258819 -0.965926
vn -0.000000 -0.258819 -0.965926
vn -0.000000 -0.500000 -0.866025
vn -0.000000 -0.500000 -0.866025
vn -0.000000 -0.707107 -0.707107
vn -0.000000 -0.707107 -0.707107
vn -0.000000 -0.866025 -0.500000
vn -0.000000 -0.866025 -0.500000
vn -0.000000 -0.965926 -0.258819
vn -0.000000 -0.965926 -0.258819
vn -0.000000 -0.980785 -0.195090
vn -0.000000 -0.195090 -0.980785
vn -0.000000 -0.258819 -0.965926
vn -0.000000 -0.258819 -0.965926
vn -0.000000 -0.258819 -0.965926
vn -0.000000 -0.500000 -0.866025
vn -0.000000 -0.500000 -0.866025
vn -0.000000 -0.707107 -0.707107
vn -0.000000 -0.707107 -0.707107
vn -0.000000 -0.866025 -0.500000
vn -0.000000 -0.866025 -0.500000
vn -0.000000 -0.965926 -0.258819
vn -0.000000 -0.965926 -0.258819
vn -0.000000 -0.965926 -0.258819
vn -0.000000 -0.965926 -0.258819
vn -0.000000 -0.866025 -0.500000
vn -0.000000 -0.866025 -0.500000
vn -0.000000 -0.707107 -0.707107
vn -0.000000 -0.707107 -0.707107
vn -0.000000 -0.500000 -0.866025
vn -0.000000 -0.500000 -0.866025
vn -0.000000 -0.258819 -0.965926
vn -0.000000 -0.258819 -0.965926
vn -0.000000 -0.382683 -0.923880
vn -0.000000 -0.500000 -0.866025
vn -0.000000 -0.500000 -0.866025
vn -0.000000 -0.707107 -0.707107
vn -0.000000 -0.707107 -0.707107
vn -0.000000 -0.866025 -0.500000
vn -0.000000 -0.866025 -0.500000
vn -0.000000 -0.965926 -0.258819
vn -0.000000 -0.965926 -0.258819
vn -0.000000 -0.980785 -0.195090
vn -0.000000 -0.555570 -0.831470
vn -0.000000 -0.707107 -0.707107
vn -0.000000 -0.866025 -0.500000
vn -0.000000 -0.965926 -0.258819
vn -0.000000 -0.707107 -0.707107
vn -0.000000 -0.831470 -0.555570
vn -0.000000 -0.866025 -0.500000
vn -0.000000 -0.923880 -0.382683
vn -0.000000 -0.965926 -0.258819
vn -0.000000 -0.965926 -0.258819
vn -0.000000 -0.923880 -0.382683
vn -0.000000 -0.866025 -0.500000
vn -0.000000 -0.707107 -0.707107
vn -0.000000 -0.500000 -0.866025
vn -0.000000 -0.258819 -0.965926
vn -0.000000 -0.831470 -0.555570
vn -0.000000 -0.707107 -0.707107
vn -0.000000 -0.500000 -0.866025
vn -0.000000 -0.258819 -0.965926
vn -0.000000 -0.707107 -0.707107
vn -0.000000 -0.555570 -0.831470
vn -0.000000 -0.500000 -0.866025
vn -0.000000 -0.382683 -0.923880
vn -0.000000 -0.258819 -0.965926
vn -0.000000 -0.258819 -0.965926
vn -0.000000 -0.258819 -0.965926
vn -0.000000 -0.258819 -0.965926
vn -0.000000 -0.258819 -0.965926
vn -0.000000 -0.500000 -0.866025
vn -0.000000 -0.500000 -0.866025
vn -0.000000 -0.707107 -0.707107
vn -0.000000 -0.500000 -0.866025
vn -0.000000 -0.258819 -0.965926
vn -0.000000 -0.500000 -0.866025
vn -0.000000 -0.707107 -0.707107
vn -0.000000 -0.866025 -0.500000
vn -0.000000 -0.965926 -0.258819
vn -0.000000 -0.707107 -0.707107
vn -0.000000 -0.707107 -0.707107
vn -0.000000 -0.866025 -0.500000
vn -0.000000 -0.965926 -0.258819
vn -0.000000 -0.866025 -0.500000
vn -0.000000 -0.866025 -0.500000
vn -0.000000 -0.965926 -0.258819
vn -0.000000 -0.965926 -0.258819
vn -0.000000 0.000000 1.000000
vn -0.000000 0.000000 1.000000
vn -1.000000 -0.000000 0.000000
vn -1.000000 -0.000000 0.000000
vn -0.000000 -1.000000 -0.000000
vn -0.000000 -1.000000 -0.000000
vn -0.000000 -1.000000 -0.000000
vn -0.000000 -1.000000 -0.000000
vn 0.000000 1.000000 0.000000
vn 0.000000 1.000000 0.000000
vn 0.195090 0.980785 0.000000
vn 0.258819 0.965926 0.000000
vn 0.258819 0.965926 0.000000
vn 0.500000 0.866025 0.000000
vn 0.500000 0.866025 0.000000
vn 0.707107 0.707107 0.000000
vn 0.707107 0.707107 0.000000
vn 0.866025 0.500000 0.000000
vn 0.866025 0.500000 0.000000
vn 0.965926 0.258819 0.000000
vn 0.923880 0.382683 0.000000
vn 0.980785 0.195090 0.000000
vn 0.995185 0.098017 0.000000
vn 1.000000 0.000000 0.000000
vn 0.965926 0.258819 0.000000
vn 0.965926 0.258819 0.000000
vn 0.866025 0.500000 0.000000
vn 0.866025 0.500000 0.000000
vn 0.707107 0.707107 0.000000
vn 0.707107 0.707107 0.000000
vn 0.500000 0.866025 0.000000
vn 0.500000 0.866025 0.000000
vn 0.258819 0.965926 0.000000
vn 0.258819 0.965926 0.000000
vn 0.258819 0.965926 0.000000
vn 0.258819 0.965926 0.000000
vn 0.500000 0.866025 0.000000
vn 0.500000 0.866025 0.000000
vn 0.707107 0.707107 0.000000
vn 0.707107 0.707107 0.000000
vn 0.866025 0.500000 0.000000
vn 0.866025 0.500000 0.000000
vn 0.965926 0.258819 0.000000
vn 0.965926 0.258819 0.000000
vn 0.995185 0.098017 0.000000
vn 0.965926 0.258819 0.000000
vn 0.965926 0.258819 0.000000
vn 0.866025 0.500000 0.000000
vn 0.866025 0.500000 0.000000
vn 0.707107 0.707107 0.000000
vn 0.707107 0.707107 0.000000
vn 0.500000 0.866025 0.000000
vn 0.555570 0.831470 0.000000
vn 0.382683 0.923880 0.000000
vn 0.258819 0.965926 0.000000
vn 0.195090 0.980785 0.000000
vn 0.258819 0.965926 0.000000
vn 0.258819 0.965926 0.000000
vn 0.500000 0.866025 0.000000
vn 0.500000 0.866025 0.000000
vn 0.707107 0.707107 0.000000
vn 0.707107 0.707107 0.000000
vn 0.831470 0.555570 0.000000
vn 0.866025 0.500000 0.000000
vn 0.923880 0.382683 0.000000
vn 0.965926 0.258819 0.000000
vn 0.980785 0.195090 0.000000
vn 1.000000 0.000000 0.000000
vn 0.831470 0.555570 0.000000
vn 0.707107 0.707107 0.000000
vn 0.500000 0.866025 0.000000
vn 0.258819 0.965926 0.000000
vn 0.707107 0.707107 0.000000
vn 0.555570 0.831470 0.000000
vn 0.500000 0.866025 0.000000
vn 0.382683 0.923880 0.000000
vn 0.258819 0.965926 0.000000
vn 0.258819 0.965926 0.000000
vn 0.500000 0.866025 0.000000
vn 0.258819 0.965926 0.000000
vn 0.500000 0.866025 0.000000
vn 0.707107 0.707107 0.000000
vn 0.866025 0.500000 0.000000
vn 0.965926 0.258819 0.000000
vn 0.707107 0.707107 0.000000
vn 0.866025 0.500000 0.000000
vn 0.707107 0.707107 0.000000
vn 0.866025 0.500000 0.000000
vn 0.965926 0.258819 0.000000
vn 0.866025 0.500000 0.000000
vn 0.965926 0.258819 0.000000
vn 0.965926 0.258819 0.000000
vn 0.965926 0.258819 0.000000
vn -0.000000 1.000000 -0.000000
vn -0.000000 0.980785 -0.195090
vn -0.000000 0.965926 -0.258819
vn -0.000000 0.965926 -0.258819
vn -0.000000 0.866025 -0.500000
vn -0.000000 0.866025 -0.500000
vn -0.000000 0.707107 -0.707107
vn -0.000000 0.707107 -0.707107
vn -0.000000 0.500000 -0.866025
vn -0.000000 0.500000 -0.866025
vn -0.000000 0.258819 -0.965926
vn -0.000000 0.382683 -0.923880
vn -0.000000 0.195090 -0.980785
vn -0.000000 0.098017 -0.995185
vn -0.000000 0.000000 -1.000000
vn -0.000000 0.258819 -0.965926
vn -0.000000 0.258819 -0.965926
vn -0.000000 0.500000 -0.866025
vn -0.000000 0.500000 -0.866025
vn -0.000000 0.707107 -0.707107
vn -0.000000 0.707107 -0.707107
vn -0.000000 0.866025 -0.500000
vn -0.000000 0.866025 -0.500000
vn -0.000000 0.965926 -0.258819
vn -0.000000 0.965926 -0.258819
vn -0.000000 0.965926 -0.258819
vn -0.000000 0.965926 -0.258819
vn -0.000000 0.866025 -0.500000
vn -0.000000 0.866025 -0.500000
vn -0.000000 0.707107 -0.707107
vn -0.000000 0.707107 -0.707107
vn -0.000000 0.500000 -0.866025
vn -0.000000 0.500000 -0.866025
vn -0.000000 0.258819 -0.965926
vn -0.000000 0.258819 -0.965926
vn -0.000000 0.098017 -0.995185
vn -0.000000 0.000000 -1.000000
vn -0.000000 0.980785 -0.195090
vn -0.000000 0.965926 -0.258819
vn -0.000000 0.965926 -0.258819
vn -0.000000 0.965926 -0.258819
vn -0.000000 0.866025 -0.500000
vn -0.000000 0.866025 -0.500000
vn -0.000000 0.707107 -0.707107
vn -0.000000 0.707107 -0.707107
vn -0.000000 0.500000 -0.866025
vn -0.000000 0.500000 -0.866025
vn -0.000000 0.258819 -0.965926
vn -0.000000 0.923880 -0.382683
vn -0.000000 0.866025 -0.500000
vn -0.000000 0.866025 -0.500000
vn -0.000000 0.707107 -0.707107
vn -0.000000 0.707107 -0.707107
vn -0.000000 0.500000 -0.866025
vn -0.000000 0.500000 -0.866025
vn -0.000000 0.258819 -0.965926
vn -0.000000 0.258819 -0.965926
vn -0.000000 0.831470 -0.555570
vn -0.000000 0.707107 -0.707107
vn -0.000000 0.500000 -0.866025
vn -0.000000 0.258819 -0.965926
vn -0.000000 0.707107 -0.707107
vn -0.000000 0.555570 -0.831470
vn -0.000000 0.500000 -0.866025
vn -0.000000 0.382683 -0.923880
vn -0.000000 0.258819 -0.965926
vn -0.000000 0.195090 -0.980785
vn -0.000000 0.555570 -0.831470
vn -0.000000 0.707107 -0.707107
vn -0.000000 0.866025 -0.500000
vn -0.000000 0.965926 -0.258819
vn -0.000000 0.707107 -0.707107
vn -0.000000 0.831470 -0.555570
vn -0.000000 0.866025 -0.500000
vn -0.000000 0.923880 -0.382683
vn -0.000000 0.965926 -0.258819
vn -0.000000 0.965926 -0.258819
vn -0.000000 0.965926 -0.258819
vn -0.000000 0.965926 -0.258819
vn -0.000000 0.965926 -0.258819
vn -0.000000 0.866025 -0.500000
vn -0.000000 0.866025 -0.500000
vn -0.000000 0.866025 -0.500000
vn -0.000000 0.707107 -0.707107
vn -0.000000 0.500000 -0.866025
vn -0.000000 0.258819 -0.965926
vn -0.000000 0.707107 -0.707107
vn -0.000000 0.707107 -0.707107
vn -0.000000 0.500000 -0.866025
vn -0.000000 0.258819 -0.965926
vn -0.000000 0.500000 -0.866025
vn -0.000000 0.258819 -0.965926
vn -0.000000 0.258819 -0.965926
vn -0.000000 0.258819 -0.965926
vn -0.000000 1.000000 -0.000000
vn -0.195090 0.980785 -0.000000
vn -0.258819 0.965926 -0.000000
vn -0.258819 0.965926 -0.000000
vn -0.500000 0.866025 -0.000000
vn -0.500000 0.866025 -0.000000
vn -0.707107 0.707107 -0.000000
vn -0.707107 0.707107 -0.000000
vn -0.866025 0.500000 -0.000000
vn -0.866025 0.500000 -0.000000
vn -0.965926 0.258819 -0.000000
vn -0.923880 0.382683 -0.000000
vn -0.980785 0.195090 -0.000000
vn -0.995185 0.098017 -0.000000
vn -0.965926 0.258819 -0.000000
vn -0.965926 0.258819 -0.000000
vn -0.866025 0.500000 -0.000000
vn -0.866025 0.500000 -0.000000
vn -0.707107 0.707107 -0.000000
vn -0.707107 0.707107 -0.000000
vn -0.500000 0.866025 -0.000000
vn -0.500000 0.866025 -0.000000
vn -0.258819 0.965926 -0.000000
vn -0.258819 0.965926 -0.000000
vn -0.258819 0.965926 -0.000000
vn -0.258819 0.965926 -0.000000
vn -0.500000 0.866025 -0.000000
vn -0.500000 0.866025 -0.000000
vn -0.707107 0.707107 -0.000000
vn -0.707107 0.707107 -0.000000
vn -0.866025 0.500000 -0.000000
vn -0.866025 0.500000 -0.000000
vn -0.965926 0.258819 -0.000000
vn -0.965926 0.258819 -0.000000
vn -0.995185 0.098017 -0.000000
vn -0.965926 0.258819 -0.000000
vn -0.965926 0.258819 -0.000000
vn -0.866025 0.500000 -0.000000
vn -0.866025 0.500000 -0.000000
vn -0.707107 0.707107 -0.000000
vn -0.707107 0.707107 -0.000000
vn -0.500000 0.866025 -0.000000
vn -0.555570 0.831470 -0.000000
vn -0.382683 0.923880 -0.000000
vn -0.258819 0.965926 -0.000000
vn -0.195090 0.980785 -0.000000
vn -0.258819 0.965926 -0.000000
vn -0.258819 0.965926 -0.000000
vn -0.500000 0.866025 -0.000000
vn -0.500000 0.866025 -0.000000
vn -0.707107 0.707107 -0.000000
vn -0.707107 0.707107 -0.000000
vn -0.831470 0.555570 -0.000000
vn -0.866025 0.500000 -0.000000
vn -0.923880 0.382683 -0.000000
vn -0.965926 0.258819 -0.000000
vn -0.980785 0.195090 -0.000000
vn -0.831470 0.555570 -0.000000
vn -0.707107 0.707107 -0.000000
vn -0.500000 0.866025 -0.000000
vn -0.258819 0.965926 -0.000000
vn -0.707107 0.707107 -0.000000
vn -0.555570 0.831470 -0.000000
vn -0.500000 0.866025 -0.000000
vn -0.382683 0.923880 -0.000000
vn -0.258819 0.965926 -0.000000
vn -0.258819 0.965926 -0.000000
vn -0.500000 0.866025 -0.000000
vn -0.258819 0.965926 -0.000000
vn -0.500000 0.866025 -0.000000
vn -0.707107 0.707107 -0.000000
vn -0.866025 0.500000 -0.000000
vn -0.965926 0.258819 -0.000000
vn -0.707107 0.707107 -0.000000
vn -0.866025 0.500000 -0.000000
vn -0.707107 0.707107 -0.000000
vn -0.866025 0.500000 -0.000000
vn -0.965926 0.258819 -0.000000
vn -0.866025 0.500000 -0.000000
vn -0.965926 0.258819 -0.000000
vn -0.965926 0.258819 -0.000000
vn -0.965926 0.258819 -0.000000
vn -0.000000 0.098017 0.995185
vn -0.000000 0.258819 0.965926
vn -0.000000 0.258819 0.965926
vn -0.000000 0.500000 0.866025
vn -0.000000 0.500000 0.866025
vn -0.000000 0.707107 0.707107
vn -0.000000 0.707107 0.707107
vn -0.000000 0.866025 0.500000
vn -0.000000 0.866025 0.500000
vn -0.000000 0.965926 0.258819
vn -0.000000 0.965926 0.258819
vn -0.000000 0.965926 0.258819
vn -0.000000 0.980785 0.195090
vn -0.000000 0.923880 0.382683
vn -0.000000 0.098017 0.995185
vn -0.000000 0.258819 0.965926
vn -0.000000 0.258819 0.965926
vn -0.000000 0.258819 0.965926
vn -0.000000 0.500000 0.866025
vn -0.000000 0.500000 0.866025
vn -0.000000 0.707107 0.707107
vn -0.000000 0.707107 0.707107
vn -0.000000 0.866025 0.500000
vn -0.000000 0.866025 0.500000
vn -0.000000 0.965926 0.258819
vn -0.000000 0.965926 0.258819
vn -0.000000 0.965926 0.258819
vn -0.000000 0.965926 0.258819
vn -0.000000 0.866025 0.500000
vn -0.000000 0.866025 0.500000
vn -0.000000 0.707107 0.707107
vn -0.000000 0.707107 0.707107
vn -0.000000 0.500000 0.866025
vn -0.000000 0.500000 0.866025
vn -0.000000 0.258819 0.965926
vn -0.000000 0.195090 0.980785
vn -0.000000 0.382683 0.923880
vn -0.000000 0.500000 0.866025
vn -0.000000 0.555570 0.831470
vn -0.000000 0.707107 0.707107
vn -0.000000 0.707107 0.707107
vn -0.000000 0.831470 0.555570
vn -0.000000 0.866025 0.500000
vn -0.000000 0.923880 0.382683
vn -0.000000 0.965926 0.258819
vn -0.000000 0.980785 0.195090
vn -0.000000 0.965926 0.258819
vn -0.000000 0.965926 0.258819
vn -0.000000 0.866025 0.500000
vn -0.000000 0.866025 0.500000
vn -0.000000 0.707107 0.707107
vn -0.000000 0.707107 0.707107
vn -0.000000 0.500000 0.866025
vn -0.000000 0.965926 0.258819
vn -0.000000 0.965926 0.258819
vn -0.000000 0.866025 0.500000
vn -0.000000 0.866025 0.500000
vn -0.000000 0.831470 0.555570
vn -0.000000 0.707107 0.707107
vn -0.000000 0.707107 0.707107
vn -0.000000 0.555570 0.831470
vn -0.000000 0.500000 0.866025
vn -0.000000 0.382683 0.923880
vn -0.000000 0.258819 0.965926
vn -0.000000 0.195090 0.980785
vn -0.000000 0.258819 0.965926
vn -0.000000 0.258819 0.965926
vn -0.000000 0.258819 0.965926
vn -0.000000 0.500000 0.866025
vn -0.000000 0.500000 0.866025
vn -0.000000 0.707107 0.707107
vn -0.000000 0.500000 0.866025
vn -0.000000 0.258819 0.965926
vn -0.000000 0.258819 0.965926
vn -0.000000 0.258819 0.965926
vn -0.000000 0.258819 0.965926
vn -0.000000 0.500000 0.866025
vn -0.000000 0.500000 0.866025
vn -0.000000 0.707107 0.707107
vn -0.000000 0.500000 0.866025
vn -0.000000 0.258819 0.965926
vn -0.000000 0.707107 0.707107
vn -0.000000 0.707107 0.707107
vn -0.000000 0.866025 0.500000
vn -0.000000 0.965926 0.258819
vn -0.000000 0.707107 0.707107
vn -0.000000 0.866025 0.500000
vn -0.000000 0.866025 0.500000
vn -0.000000 0.965926 0.258819
vn -0.000000 0.866025 0.500000
vn -0.000000 0.965926 0.258819
vn 0.000000 1.000000 0.000000
vn 0.000000 1.000000 0.000000
vn 0.000000 1.000000 0.000000
vn 0.000000 1.000000 0.000000
vn 0.965926 -0.258819 0.000000
vn 0.965926 -0.258819 0.000000
vn 1.000000 -0.000000 0.000000
vn 1.000000 -0.000000 0.000000
vn 0.965926 0.258819 0.000000
vn 0.965926 0.258819 0.000000
vn 0.866025 0.500000 0.000000
vn 0.866025 0.500000 0.000000
vn 0.707107 0.707107 0.000000
vn 0.707107 0.707107 0.000000
vn 0.500000 0.866025 0.000000
vn 0.500000 0.866025 0.000000
vn 0.258819 0.965926 0.000000
vn 0.258819 0.965926 0.000000
vn -0.000000 1.000000 0.000000
vn -0.000000 1.000000 0.000000
vn -0.258819 0.965926 0.000000
vn -0.258819 0.965926 0.000000
vn -0.500000 0.866025 0.000000
vn -0.500000 0.866025 0.000000
vn -0.707107 0.707107 0.000000
vn -0.707107 0.707107 0.000000
vn -0.866025 0.500000 0.000000
vn -0.866025 0.500000 0.000000
vn -0.965926 0.258819 0.000000
vn -0.965926 0.258819 0.000000
vn -1.000000 -0.000000 -0.000000
vn -1.000000 -0.000000 -0.000000
vn -0.965926 -0.258819 -0.000000
vn -0.965926 -0.258819 -0.000000
vn -0.866025 -0.500000 -0.000000
vn -0.866025 -0.500000 -0.000000
vn -0.707107 -0.707107 -0.000000
vn -0.707107 -0.707107 -0.000000
vn -0.500000 -0.866025 -0.000000
vn -0.500000 -0.866025 -0.000000
vn -0.258819 -0.965926 -0.000000
vn -0.258819 -0.965926 -0.000000
vn -0.000000 -1.000000 -0.000000
vn -0.000000 -1.000000 -0.000000
vn 0.258819 -0.965926 0.000000
vn 0.258819 -0.965926 0.000000
vn 0.500000 -0.866025 0.000000
vn 0.500000 -0.866025 0.000000
vn 0.707107 -0.707107 0.000000
vn 0.707107 -0.707107 0.000000
vn 0.866025 -0.500000 0.000000
vn 0.866025 -0.500000 0.000000
vn 0.000000 -1.000000 -0.000000
vn 0.000000 -1.000000 -0.000000
vn 0.000000 -1.000000 -0.000000
vn 0.000000 -1.000000 -0.000000
vn 1.000000 -0.000000 0.000000
vn 1.000000 -0.000000 0.000000
vn 0.965926 -0.258819 0.000000
vn 0.965926 -0.258819 0.000000
vn 0.866025 -0.500000 0.000000
vn 0.866025 -0.500000 0.000000
vn 0.707107 -0.707107 0.000000
vn 0.707107 -0.707107 0.000000
vn 0.500000 -0.866025 0.000000
vn 0.500000 -0.866025 0.000000
vn 0.258819 -0.965926 0.000000
vn 0.258819 -0.965926 0.000000
vn 0.258819 -0.965926 0.000000
vn 0.500000 -0.866025 0.000000
vn 0.707107 -0.707107 0.000000
vn 0.866025 -0.500000 0.000000
vn 0.965926 -0.258819 0.000000
vn 1.000000 0.000000 0.000000
vn 1.000000 0.000000 0.000000
vn 0.000000 1.000000 0.000000
vn 0.000000 1.000000 0.000000
vn 0.258819 0.965926 0.000000
vn 0.258819 0.965926 0.000000
vn 0.500000 0.866025 0.000000
vn 0.500000 0.866025 0.000000
vn 0.707107 0.707107 0.000000
vn 0.707107 0.707107 0.000000
vn 0.866025 0.500000 0.000000
vn 0.866025 0.500000 0.000000
vn 0.965926 0.258819 0.000000
vn 0.965926 0.258819 0.000000
vn 0.965926 0.258819 0.000000
vn 0.866025 0.500000 0.000000
vn 0.707107 0.707107 0.000000
vn 0.500000 0.866025 0.000000
vn 0.258819 0.965926 0.000000
vn -0.000000 1.000000 -0.000000
vn -0.000000 1.000000 -0.000000
vn -1.000000 0.000000 0.000000
vn -1.000000 0.000000 0.000000
vn -0.965926 0.258819 0.000000
vn -0.965926 0.258819 0.000000
vn -0.866025 0.500000 0.000000
vn -0.866025 0.500000 0.000000
vn -0.707107 0.707107 0.000000
vn -0.707107 0.707107 0.000000
vn -0.500000 0.866025 0.000000
vn -0.500000 0.866025 0.000000
vn -0.258819 0.965926 0.000000
vn -0.258819 0.965926 0.000000
vn -0.258819 0.965926 0.000000
vn -0.500000 0.866025 0.000000
vn -0.707107 0.707107 0.000000
vn -0.866025 0.500000 0.000000
vn -0.965926 0.258819 0.000000
vn -1.000000 0.000000 -0.000000
vn -1.000000 0.000000 -0.000000
vn -0.258819 -0.965926 -0.000000
vn -0.258819 -0.965926 -0.000000
vn -0.500000 -0.866025 -0.000000
vn -0.500000 -0.866025 -0.000000
vn -0.707107 -0.707107 -0.000000
vn -0.707107 -0.707107 -0.000000
vn -0.866025 -0.500000 -0.000000
vn -0.866025 -0.500000 -0.000000
vn -0.965926 -0.258819 -0.000000
vn -0.965926 -0.258819 -0.000000
vn -0.965926 -0.258819 -0.000000
vn -0.866025 -0.500000 -0.000000
vn -0.707107 -0.707107 -0.000000
vn -0.500000 -0.866025 -0.000000
vn -0.258819 -0.965926 -0.000000
vn 0.000000 -1.000000 -0.000000
vn 0.000000 -1.000000 -0.000000
vn 0.000000 -1.000000 -0.000000
vn 0.000000 -1.000000 -0.000000
vn 1.000000 -0.000000 0.000000
vn 1.000000 -0.000000 0.000000
vn 0.965926 -0.258819 0.000000
vn 0.965926 -0.258819 0.000000
vn 0.866025 -0.500000 0.000000
vn 0.866025 -0.500000 0.000000
vn 0.707107 -0.707107 0.000000
vn 0.707107 -0.707107 0.000000
vn 0.500000 -0.866025 0.000000
vn 0.500000 -0.866025 0.000000
vn 0.258819 -0.965926 0.000000
vn 0.258819 -0.965926 0.000000
vn 0.258819 -0.965926 0.000000
vn 0.500000 -0.866025 0.000000
vn 0.707107 -0.707107 0.000000
vn 0.866025 -0.500000 0.000000
vn 0.965926 -0.258819 0.000000
vn 1.000000 -0.000000 -0.000000
vn 1.000000 -0.000000 -0.000000
vn 0.000000 1.000000 0.000000
vn 0.000000 1.000000 0.000000
vn 0.258819 0.965926 0.000000
vn 0.258819 0.965926 0.000000
vn 0.500000 0.866025 0.000000
vn 0.500000 0.866025 0.000000
vn 0.707107 0.707107 0.000000
vn 0.707107 0.707107 0.000000
vn 0.866025 0.500000 0.000000
vn 0.866025 0.500000 0.000000
vn 0.965926 0.258819 0.000000
vn 0.965926 0.258819 0.000000
vn 0.965926 0.258819 0.000000
vn 0.866025 0.500000 0.000000
vn 0.707107 0.707107 0.000000
vn 0.500000 0.866025 0.000000
vn 0.258819 0.965926 0.000000
vn -0.000000 1.000000 -0.000000
vn -0.000000 1.000000 -0.000000
vn -1.000000 0.000000 0.000000
vn -1.000000 0.000000 0.000000
vn -0.965926 0.258819 0.000000
vn -0.965926 0.258819 0.000000
vn -0.866025 0.500000 0.000000
vn -0.866025 0.500000 0.000000
vn -0.707107 0.707107 0.000000
vn -0.707107 0.707107 0.000000
vn -0.500000 0.866025 0.000000
vn -0.500000 0.866025 0.000000
vn -0.258819 0.965926 0.000000
vn -0.258819 0.965926 0.000000
vn -0.258819 0.965926 0.000000
vn -0.500000 0.866025 0.000000
vn -0.707107 0.707107 0.000000
vn -0.866025 0.500000 0.000000
vn -0.965926 0.258819 0.000000
vn -1.000000 0.000000 -0.000000
vn -1.000000 0.000000 -0.000000
vn -0.258819 -0.965926 -0.000000
vn -0.258819 -0.965926 -0.000000
vn -0.500000 -0.866025 -0.000000
vn -0.500000 -0.866025 -0.000000
vn -0.707107 -0.707107 -0.000000
vn -0.707107 -0.707107 -0.000000
vn -0.866025 -0.500000 -0.000000
vn -0.866025 -0.500000 -0.000000
vn -0.965926 -0.258819 -0.000000
vn -0.965926 -0.258819 -0.000000
vn -0.965926 -0.258819 -0.000000
vn -0.866025 -0.500000 -0.000000
vn -0.707107 -0.707107 -0.000000
vn -0.500000 -0.866025 -0.000000
vn -0.258819 -0.965926 -0.000000
vn 0.000000 -1.000000 -0.000000
vn 0.000000 -1.000000 -0.000000
vn 0.000000 -1.000000 -0.000000
vn 0.000000 -1.000000 -0.000000
vn 1.000000 -0.000000 0.000000
vn 1.000000 -0.000000 0.000000
vn 0.965926 -0.258819 0.000000
vn 0.965926 -0.258819 0.000000
vn 0.866025 -0.500000 0.000000
vn 0.866025 -0.500000 0.000000
vn 0.707107 -0.707107 0.000000
vn 0.707107 -0.707107 0.000000
vn 0.500000 -0.866025 0.000000
vn 0.500000 -0.866025 0.000000
vn 0.258819 -0.965926 0.000000
vn 0.258819 -0.965926 0.000000
vn 0.258819 -0.965926 0.000000
vn 0.500000 -0.866025 0.000000
vn 0.707107 -0.707107 0.000000
vn 0.866025 -0.500000 0.000000
vn 0.965926 -0.258819 0.000000
vn 1.000000 -0.000000 -0.000000
vn 1.000000 -0.000000 -0.000000
vn 0.000000 1.000000 0.000000
vn 0.000000 1.000000 0.000000
vn 0.258819 0.965926 0.000000
vn 0.258819 0.965926 0.000000
vn 0.500000 0.866025 0.000000
vn 0.500000 0.866025 0.000000
vn 0.707107 0.707107 0.000000
vn 0.707107 0.707107 0.000000
vn 0.866025 0.500000 0.000000
vn 0.866025 0.500000 0.000000
vn 0.965926 0.258819 0.000000
vn 0.965926 0.258819 0.000000
vn 0.965926 0.258819 0.000000
vn 0.866025 0.500000 0.000000
vn 0.707107 0.707107 0.000000
vn 0.500000 0.866025 0.000000
vn 0.258819 0.965926 0.000000
vn -0.000000 1.000000 -0.000000
vn -0.000000 1.000000 -0.000000
vn -1.000000 0.000000 0.000000
vn -1.000000 0.000000 0.000000
vn -0.965926 0.258819 0.000000
vn -0.965926 0.258819 0.000000
vn -0.866025 0.500000 0.000000
vn -0.866025 0.500000 0.000000
vn -0.707107 0.707107 0.000000
vn -0.707107 0.707107 0.000000
vn -0.500000 0.866025 0.000000
vn -0.500000 0.866025 0.000000
vn -0.258819 0.965926 0.000000
vn -0.258819 0.965926 0.000000
vn -0.258819 0.965926 0.000000
vn -0.500000 0.866025 0.000000
vn -0.707107 0.707107 0.000000
vn -0.866025 0.500000 0.000000
vn -0.965926 0.258819 0.000000
vn -1.000000 0.000000 -0.000000
vn -1.000000 0.000000 -0.000000
vn -0.258819 -0.965926 -0.000000
vn -0.258819 -0.965926 -0.000000
vn -0.500000 -0.866025 -0.000000
vn -0.500000 -0.866025 -0.000000
vn -0.707107 -0.707107 -0.000000
vn -0.707107 -0.707107 -0.000000
vn -0.866025 -0.500000 -0.000000
vn -0.866025 -0.500000 -0.000000
vn -0.965926 -0.258819 -0.000000
vn -0.965926 -0.258819 -0.000000
vn -0.965926 -0.258819 -0.000000
vn -0.866025 -0.500000 -0.000000
vn -0.707107 -0.707107 -0.000000
vn -0.500000 -0.866025 -0.000000
vn -0.258819 -0.965926 -0.000000
vn -0.258819 0.965926 -0.000000
vn -0.258819 0.965926 -0.000000
vn -0.500000 0.866025 -0.000000
vn -0.500000 0.866025 -0.000000
vn -0.707107 0.707107 -0.000000
vn -0.707107 0.707107 -0.000000
vn -0.866025 0.500000 -0.000000
vn -0.866025 0.500000 -0.000000
vn -0.965926 0.258819 -0.000000
vn -0.965926 0.258819 -0.000000
vn -1.000000 -0.000000 0.000000
vn -1.000000 -0.000000 0.000000
vn -0.965926 0.258819 -0.000000
vn -0.866025 0.500000 -0.000000
vn -0.707107 0.707107 -0.000000
vn -0.500000 0.866025 -0.000000
vn -0.258819 0.965926 -0.000000
vn -1.000000 -0.000000 -0.000000
vn -0.965926 -0.000000 0.258819
vn -0.965926 -0.000000 0.258819
vn -0.866025 -0.000000 0.500000
vn -0.866025 -0.000000 0.500000
vn -0.707107 -0.000000 0.707107
vn -0.707107 -0.000000 0.707107
vn -0.500000 -0.000000 0.866025
vn -0.500000 -0.000000 0.866025
vn -0.258819 -0.000000 0.965926
vn -0.258819 -0.000000 0.965926
vn 0.000000 0.000000 1.000000
vn 0.000000 0.000000 1.000000
vn -0.258819 -0.000000 0.965926
vn -0.500000 -0.000000 0.866025
vn -0.707107 -0.000000 0.707107
vn -0.866025 -0.000000 0.500000
vn -0.965926 -0.000000 0.258819
vn -0.970469 0.153913 0.185744
vn -0.890318 0.220233 0.398536
vn -0.762422 0.254486 0.594936
vn -0.594936 0.254486 0.762422
vn -0.398536 0.220233 0.890318
vn -0.185744 0.153913 0.970469
vn 0.000000 0.258819 0.965926
vn -0.084530 0.388644 0.917502
vn 0.000000 0.500000 0.866025
vn -0.310406 0.459042 0.832423
vn -0.201121 0.666568 0.717801
vn -0.518881 0.495400 0.696665
vn -0.407464 0.702554 0.583430
vn -0.696665 0.495400 0.518881
vn -0.583430 0.702554 0.407464
vn -0.832423 0.459042 0.310406
vn -0.717801 0.666568 0.201121
vn -0.554261 0.828668 0.078131
vn -0.430436 0.861830 0.268280
vn -0.248108 0.962374 0.110813
vn -0.110813 0.962374 0.248108
vn 0.000000 0.965926 0.258819
vn 0.000000 0.866025 0.500000
vn -0.268280 0.861830 0.430436
vn -0.078131 0.828668 0.554261
vn 0.000000 0.707107 0.707107
vn -0.917502 0.388644 0.084530
vn -0.000000 0.965926 0.258819
vn -0.000000 0.965926 0.258819
vn -0.000000 0.965926 0.258819
vn -0.000000 0.866025 0.500000
vn -0.000000 0.866025 0.500000
vn -0.000000 0.707107 0.707107
vn -0.000000 0.707107 0.707107
vn -0.000000 0.500000 0.866025
vn -0.000000 0.500000 0.866025
vn -0.000000 0.258819 0.965926
vn -0.000000 0.258819 0.965926
vn -0.000000 0.000000 1.000000
vn -0.000000 0.258819 0.965926
vn -0.000000 0.500000 0.866025
vn -0.000000 0.707107 0.707107
vn -0.000000 0.866025 0.500000
vn -0.000000 0.000000 1.000000
vn -0.000000 0.000000 1.000000
vn -0.000000 0.000000 1.000000
vn -0.000000 0.000000 1.000000
vn -0.000000 0.000000 1.000000
vn -0.000000 0.000000 1.000000
vn -0.000000 0.000000 1.000000
vn -0.000000 0.000000 1.000000
vn -0.000000 0.000000 1.000000
vn -0.000000 0.000000 1.000000
vn -0.000000 0.000000 1.000000
vn -0.000000 0.000000 1.000000
vn -0.000000 0.000000 1.000000
vn -0.000000 0.000000 1.000000
vn -0.000000 0.000000 1.000000
vn -0.000000 0.000000 1.000000
vn -0.000000 0.000000 1.000000
vn -0.000000 0.000000 1.000000
vn -0.000000 0.000000 1.000000
vn -0.000000 0.000000 1.000000
vn -0.000000 0.000000 1.000000
vn -0.000000 0.000000 1.000000
vn -0.000000 0.000000 1.000000
vn -0.000000 0.000000 1.000000
vn -0.000000 0.000000 1.000000
vn -0.000000 0.000000 1.000000
vn -0.000000 0.000000 1.000000
vn -0.000000 0.000000 1.000000
vn -0.000000 0.000000 1.000000
vn -0.000000 0.000000 1.000000
vn -0.000000 0.000000 1.000000
vn -0.000000 0.000000 1.000000
vn -0.000000 0.000000 1.000000
vn -0.000000 0.000000 1.000000
vn -0.000000 0.000000 1.000000
vn -0.000000 0.000000 1.000000
vn -0.000000 0.000000 1.000000
vn -0.000000 0.000000 1.000000
vn -0.000000 0.000000 1.000000
vn -0.000000 0.000000 1.000000
vn -0.000000 0.000000 1.000000
vn -0.000000 0.000000 1.000000
vn -0.000000 0.000000 1.000000
vn -0.000000 0.000000 1.000000
vn -0.000000 0.000000 1.000000
vn -0.000000 0.000000 1.000000
vn -0.000000 0.000000 1.000000
vn -0.000000 0.000000 1.000000
vn -0.000000 0.000000 1.000000
vn -0.000000 0.000000 1.000000
vn -0.000000 0.000000 1.000000
vn -0.000000 0.000000 1.000000
vn -0.000000 0.000000 1.000000
vn -0.000000 0.000000 1.000000
vn -0.000000 0.000000 1.000000
vn -0.000000 0.000000 1.000000
vn -0.000000 0.000000 1.000000
vn -0.000000 0.000000 1.000000
vn -0.000000 0.000000 1.000000
vn -0.000000 0.000000 1.000000
vn -0.000000 0.000000 1.000000
vn -0.000000 0.000000 1.000000
vn -0.000000 0.000000 1.000000
vn -0.000000 0.000000 1.000000
vn -0.000000 0.000000 1.000000
vn -0.000000 0.000000 1.000000
vn -0.000000 0.000000 1.000000
vn -0.000000 0.000000 1.000000
vn -0.000000 0.000000 1.000000
vn -0.000000 0.000000 1.000000
vn -0.000000 0.000000 1.000000
vn -0.000000 0.000000 1.000000
vn -0.000000 0.000000 1.000000
vn -0.000000 0.000000 1.000000
vn -0.000000 0.000000 1.000000
vn -0.000000 0.000000 1.000000
vn -0.000000 0.000000 1.000000
vn -0.000000 0.000000 1.000000
vn -0.000000 0.000000 1.000000
vn -0.000000 0.000000 1.000000
vn -0.000000 0.000000 1.000000
vn -0.000000 0.000000 1.000000
vn -0.000000 0.000000 1.000000
vn -0.000000 0.000000 1.000000
vn -0.000000 0.000000 1.000000
vn -0.000000 0.000000 1.000000
vn -0.000000 0.000000 1.000000
vn -0.000000 0.000000 1.000000
vn -0.000000 0.000000 1.000000
vn -0.000000 0.000000 1.000000
vn -0.000000 0.000000 1.000000
vn -0.000000 0.000000 1.000000
vn -0.000000 0.000000 1.000000
vn -0.000000 0.000000 1.000000
vn -0.000000 0.000000 1.000000
vn -0.000000 0.000000 1.000000
vn -0.000000 0.000000 1.000000
vn -0.000000 0.000000 1.000000
vn -0.000000 0.000000 1.000000
vn -0.000000 0.000000 1.000000
vn -0.000000 0.000000 1.000000
vn -0.000000 0.000000 1.000000
vn -0.000000 0.000000 1.000000
vn -0.000000 0.000000 1.000000
vn -0.000000 0.000000 1.000000
vn -0.000000 0.000000 1.000000
vn -0.000000 0.000000 1.000000
vn -0.000000 0.000000 1.000000
vn -0.000000 0.000000 1.000000
vn 0.000000 -1.000000 0.000000
vn 0.000000 -1.000000 0.000000
vn 0.000000 -1.000000 0.000000
vn 0.000000 -1.000000 0.000000
vn 0.000000 -1.000000 0.000000
vn 0.000000 -1.000000 0.000000
vn 0.000000 -1.000000 0.000000
vn 0.000000 -1.000000 0.000000
vn 0.000000 -1.000000 0.000000
vn 0.000000 -1.000000 0.000000
vn 0.000000 -1.000000 0.000000
vn 0.000000 -1.000000 0.000000
vn 0.000000 -1.000000 0.000000
vn 0.000000 -1.000000 0.000000
vn 0.000000 -1.000000 0.000000
vn 0.000000 -1.000000 0.000000
vn 0.000000 -1.000000 0.000000
vn 0.000000 -1.000000 0.000000
vn 0.000000 -1.000000 0.000000
vn 0.000000 -1.000000 0.000000
vn 0.258819 0.000000 0.965926
vn 0.258819 0.000000 0.965926
vn 0.500000 0.000000 0.866025
vn 0.500000 0.000000 0.866025
vn 0.707107 0.000000 0.707107
vn 0.707107 0.000000 0.707107
vn 0.866025 0.000000 0.500000
vn 0.866025 0.000000 0.500000
vn 0.965926 0.000000 0.258819
vn 0.965926 0.000000 0.258819
vn 1.000000 -0.000000 -0.000000
vn 1.000000 -0.000000 -0.000000
vn 0.965926 0.000000 0.258819
vn 0.866025 0.000000 0.500000
vn 0.707107 0.000000 0.707107
vn 0.500000 0.000000 0.866025
vn 0.258819 0.000000 0.965926
vn 1.000000 0.000000 0.000000
vn 0.965926 0.258819 0.000000
vn 0.965926 0.258819 0.000000
vn 0.866025 0.500000 0.000000
vn 0.866025 0.500000 0.000000
vn 0.707107 0.707107 0.000000
vn 0.707107 0.707107 0.000000
vn 0.500000 0.866025 0.000000
vn 0.500000 0.866025 0.000000
vn 0.258819 0.965926 0.000000
vn 0.258819 0.965926 0.000000
vn 0.258819 0.965926 0.000000
vn 0.500000 0.866025 0.000000
vn 0.707107 0.707107 0.000000
vn 0.866025 0.500000 0.000000
vn 0.965926 0.258819 0.000000
vn 0.970469 0.153913 0.185744
vn 0.917502 0.388644 0.084530
vn 0.832423 0.459042 0.310406
vn 0.717801 0.666568 0.201121
vn 0.696665 0.495400 0.518881
vn 0.583430 0.702554 0.407464
vn 0.518881 0.495400 0.696665
vn 0.407464 0.702554 0.583430
vn 0.310406 0.459042 0.832423
vn 0.201121 0.666568 0.717801
vn 0.078131 0.828668 0.554261
vn 0.268280 0.861830 0.430436
vn 0.110813 0.962374 0.248108
vn 0.248108 0.962374 0.110813
vn 0.430436 0.861830 0.268280
vn 0.554261 0.828668 0.078131
vn 0.084530 0.388644 0.917502
vn 0.185744 0.153913 0.970469
vn 0.398536 0.220233 0.890318
vn 0.594936 0.254486 0.762422
vn 0.762422 0.254486 0.594936
vn 0.890318 0.220233 0.398536
vn 1.000000 0.000000 0.000000
vn -1.000000 0.000000 -0.000000
vn -1.000000 0.000000 -0.000000
vn -1.000000 0.000000 -0.000000
vn -1.000000 0.000000 -0.000000
vn -0.000000 -0.000000 -1.000000
vn -0.000000 -0.000000 -1.000000
vn -0.000000 -0.000000 -1.000000
vn -0.000000 -0.000000 -1.000000
vn -0.000000 -0.000000 -1.000000
vn -0.000000 -0.000000 -1.000000
vn -0.000000 -0.000000 -1.000000
vn -0.000000 -0.000000 -1.000000
vn -0.000000 -0.000000 -1.000000
vn -0.000000 -0.000000 -1.000000
vn -0.000000 -0.000000 -1.000000
vn -0.000000 -0.000000 -1.000000
vn -0.000000 -0.000000 -1.000000
vn -0.000000 -0.000000 -1.000000
vn -0.000000 -0.000000 -1.000000
vn -0.000000 -0.000000 -1.000000
vn -0.000000 -0.000000 -1.000000
vn -0.000000 -0.000000 -1.000000
vn -0.000000 -0.000000 -1.000000
vn -0.000000 -0.000000 -1.000000
vn -0.000000 -0.000000 -1.000000
vn -0.000000 -0.000000 -1.000000
vn -0.000000 -0.000000 -1.000000
vn -0.000000 -0.000000 -1.000000
vn -0.000000 -0.000000 -1.000000
vn -0.000000 -0.000000 -1.000000
vn -0.000000 -0.000000 -1.000000
vn -0.000000 -0.000000 -1.000000
vn -0.000000 -0.000000 -1.000000
vn -0.000000 -0.000000 -1.000000
vn -0.000000 -0.000000 -1.000000
vn -0.000000 -0.000000 -1.000000
vn -0.000000 -0.000000 -1.000000
vn -0.000000 -0.000000 -1.000000
vn -0.000000 -0.000000 -1.000000
vn -0.000000 -0.000000 -1.000000
vn -0.000000 -0.000000 -1.000000
vn -0.000000 -0.000000 -1.000000
vn -0.000000 -0.000000 -1.000000
vn -0.000000 -0.000000 -1.000000
vn -0.000000 -0.000000 -1.000000
vn -0.000000 -0.000000 -1.000000
vn -0.000000 -0.000000 -1.000000
vn -0.000000 -0.000000 -1.000000
vn -0.000000 -0.000000 -1.000000
vn -0.000000 -0.000000 -1.000000
vn -0.000000 -0.000000 -1.000000
vn -0.000000 -0.000000 -1.000000
vn -0.000000 -0.000000 -1.000000
vn -0.000000 -0.000000 -1.000000
vn -0.000000 -0.000000 -1.000000
vn -0.000000 -0.000000 -1.000000
vn -0.000000 -0.000000 -1.000000
vn -0.000000 -0.000000 -1.000000
vn -0.000000 -0.000000 -1.000000
vn -0.000000 -0.000000 -1.000000
vn -0.000000 -0.000000 -1.000000
vn -0.000000 -0.000000 -1.000000
vn -0.000000 -0.000000 -1.000000
vn -0.000000 -0.000000 -1.000000
vn -0.000000 -0.000000 -1.000000
vn -0.000000 -0.000000 -1.000000
vn -0.000000 -0.000000 -1.000000
vn -0.000000 -0.000000 -1.000000
vn -0.000000 -0.000000 -1.000000
vn -0.000000 -0.000000 -1.000000
vn -0.000000 -0.000000 -1.000000
vn -0.000000 -0.000000 -1.000000
vn -0.000000 -0.000000 -1.000000
vn -0.000000 -0.000000 -1.000000
vn -0.000000 -0.000000 -1.000000
vn -0.000000 -0.000000 -1.000000
vn -0.000000 -0.000000 -1.000000
vn -0.000000 -0.000000 -1.000000
vn -0.000000 -0.000000 -1.000000
vn -0.000000 -0.000000 -1.000000
vn -0.000000 -0.000000 -1.000000
vn -0.000000 -0.000000 -1.000000
vn -0.000000 -0.000000 -1.000000
vn -0.000000 -0.000000 -1.000000
vn -0.000000 -0.000000 -1.000000
vn -0.000000 -0.000000 -1.000000
vn -0.000000 -0.000000 -1.000000
vn -0.000000 -0.000000 -1.000000
vn -0.000000 -0.000000 -1.000000
vn -0.000000 -0.000000 -1.000000
vn -0.000000 -0.000000 -1.000000
vn -0.000000 -0.000000 -1.000000
vn -0.000000 -0.000000 -1.000000
vn -0.000000 -0.000000 -1.000000
vn -0.000000 -0.000000 -1.000000
vn -0.000000 -0.000000 -1.000000
vn -0.000000 -0.000000 -1.000000
vn -0.000000 -0.000000 -1.000000
vn -0.000000 -0.000000 -1.000000
vn -0.000000 -0.000000 -1.000000
vn -0.000000 -0.000000 -1.000000
vn -0.000000 -0.000000 -1.000000
vn -0.000000 -0.000000 -1.000000
vn -0.000000 -0.000000 -1.000000
vn -0.000000 -0.000000 -1.000000
vn -0.000000 -0.000000 -1.000000
vn -0.000000 -0.000000 -1.000000
vn -0.000000 -0.000000 -1.000000
vn -0.000000 -0.000000 -1.000000
vn -0.000000 -0.000000 -1.000000
vn -0.000000 -0.000000 -1.000000
vn -0.000000 -0.000000 -1.000000
vn -0.000000 -0.000000 -1.000000
vn -0.000000 -0.000000 -1.000000
vn -0.000000 -0.000000 -1.000000
vn -0.000000 -0.000000 -1.000000
vn 1.000000 -0.000000 -0.000000
vn 1.000000 -0.000000 -0.000000
vn 1.000000 -0.000000 -0.000000
vn 1.000000 -0.000000 -0.000000
vn -0.000000 -0.000000 1.000000
vn -0.000000 -0.000000 1.000000
vn -0.000000 -0.000000 1.000000
vn -0.000000 -0.000000 1.000000
vn -0.000000 -0.000000 -1.000000
vn -0.000000 -0.000000 -1.000000
vn -0.000000 -0.000000 -1.000000
vn -0.000000 -0.000000 -1.000000
vn -0.000000 -0.000000 -1.000000
vn -0.000000 -0.000000 -1.000000
vn -0.000000 -0.000000 -1.000000
vn -0.000000 -0.000000 -1.000000
vn -0.000000 -0.000000 -1.000000
vn -0.000000 -0.000000 -1.000000
vn -0.000000 -0.000000 -1.000000
vn -0.000000 -0.000000 -1.000000
vn -0.000000 -0.000000 -1.000000
vn -0.000000 -0.000000 -1.000000
vn -0.000000 -0.000000 -1.000000
vn -0.000000 -0.000000 -1.000000
vn -1.000000 0.000000 0.000000
usemtl Steel_-_Satin
f 2/1/1 3/2/2 1/3/3
f 1/3/3 3/2/2 20/4/4
f 20/4/4 3/2/2 19/5/5
f 19/5/5 3/2/2 29/6/6
f 19/5/5 29/6/6 30/7/7
f 30/7/7 29/6/6 43/8/8
f 30/7/7 43/8/8 44/9/9
f 44/9/9 43/8/8 57/10/10
f 44/9/9 57/10/10 58/11/11
f 58/11/11 57/10/10 71/12/12
f 58/11/11 71/12/12 72/13/13
f 72/13/13 71/12/12 85/14/14
f 72/13/13 85/14/14 14/15/15
f 14/15/15 85/14/14 13/16/16
f 13/16/16 85/14/14 12/17/17
f 12/17/17 85/14/14 84/18/18
f 12/17/17 84/18/18 83/19/19
f 83/19/19 84/18/18 70/20/20
f 83/19/19 70/20/20 69/21/21
f 69/21/21 70/20/20 56/22/22
f 69/21/21 56/22/22 55/23/23
f 55/23/23 56/22/22 42/24/24
f 55/23/23 42/24/24 41/25/25
f 41/25/25 42/24/24 28/26/26
f 41/25/25 28/26/26 27/27/27
f 27/27/27 28/26/26 3/2/2
f 27/27/27 3/2/2 26/28/28
f 26/28/28 3/2/2 25/29/29
f 26/28/28 25/29/29 39/30/30
f 39/30/30 25/29/29 38/31/31
f 39/30/30 38/31/31 52/32/32
f 52/32/32 38/31/31 51/33/33
f 52/32/32 51/33/33 65/34/34
f 65/34/34 51/33/33 64/35/35
f 65/34/34 64/35/35 78/36/36
f 78/36/36 64/35/35 77/37/37
f 78/36/36 77/37/37 12/17/17
f 12/17/17 77/37/37 10/38/38
f 12/17/17 10/38/38 11/39/39
f 4/40/40 21/41/41 3/2/2
f 3/2/2 21/41/41 22/42/42
f 3/2/2 22/42/42 23/43/43
f 23/43/43 22/42/42 36/44/44
f 23/43/43 36/44/44 37/45/45
f 37/45/45 36/44/44 50/46/46
f 37/45/45 50/46/46 51/33/33
f 51/33/33 50/46/46 64/35/35
f 4/40/40 5/47/47 21/41/41
f 21/41/41 5/47/47 34/48/48
f 21/41/41 34/48/48 35/49/49
f 35/49/49 34/48/48 48/50/50
f 35/49/49 48/50/50 49/51/51
f 49/51/51 48/50/50 62/52/52
f 49/51/51 62/52/52 63/53/53
f 63/53/53 62/52/52 76/54/54
f 63/53/53 76/54/54 77/37/37
f 77/37/37 76/54/54 10/38/38
f 5/47/47 6/55/55 34/48/48
f 34/48/48 6/55/55 47/56/56
f 34/48/48 47/56/56 48/50/50
f 48/50/50 47/56/56 61/57/57
f 48/50/50 61/57/57 62/52/52
f 62/52/52 61/57/57 75/58/58
f 62/52/52 75/58/58 76/54/54
f 76/54/54 75/58/58 10/38/38
f 6/55/55 7/59/59 47/56/56
f 47/56/56 7/59/59 8/60/60
f 47/56/56 8/60/60 60/61/61
f 60/61/61 8/60/60 9/62/62
f 60/61/61 9/62/62 73/63/63
f 73/63/63 9/62/62 10/38/38
f 73/63/63 10/38/38 74/64/64
f 74/64/64 10/38/38 75/58/58
f 74/64/64 75/58/58 61/57/57
f 14/15/15 15/65/65 72/13/13
f 72/13/13 15/65/65 59/66/66
f 72/13/13 59/66/66 58/11/11
f 58/11/11 59/66/66 45/67/67
f 58/11/11 45/67/67 44/9/9
f 44/9/9 45/67/67 31/68/68
f 44/9/9 31/68/68 30/7/7
f 30/7/7 31/68/68 19/5/5
f 15/65/65 16/69/69 59/66/66
f 59/66/66 16/69/69 17/70/70
f 59/66/66 17/70/70 46/71/71
f 46/71/71 17/70/70 18/72/72
f 46/71/71 18/72/72 33/73/73
f 33/73/73 18/72/72 19/5/5
f 33/73/73 19/5/5 32/74/74
f 32/74/74 19/5/5 31/68/68
f 32/74/74 31/68/68 45/67/67
f 36/44/44 22/42/42 35/49/49
f 35/49/49 22/42/42 21/41/41
f 25/29/29 3/2/2 24/75/75
f 24/75/75 3/2/2 23/43/43
f 24/75/75 23/43/43 37/45/45
f 38/31/31 25/29/29 24/75/75
f 38/31/31 24/75/75 37/45/45
f 29/6/6 3/2/2 28/26/26
f 27/27/27 26/28/28 40/76/76
f 40/76/76 26/28/28 39/30/30
f 40/76/76 39/30/30 53/77/77
f 53/77/77 39/30/30 52/32/32
f 53/77/77 52/32/32 66/78/78
f 66/78/78 52/32/32 65/34/34
f 66/78/78 65/34/34 79/79/79
f 79/79/79 65/34/34 78/36/36
f 79/79/79 78/36/36 12/17/17
f 43/8/8 29/6/6 42/24/24
f 42/24/24 29/6/6 28/26/26
f 46/71/71 33/73/73 32/74/74
f 46/71/71 32/74/74 45/67/67
f 50/46/46 36/44/44 49/51/51
f 49/51/51 36/44/44 35/49/49
f 51/33/33 38/31/31 37/45/45
f 27/27/27 40/76/76 41/25/25
f 41/25/25 40/76/76 54/80/80
f 41/25/25 54/80/80 55/23/23
f 55/23/23 54/80/80 68/81/81
f 55/23/23 68/81/81 69/21/21
f 69/21/21 68/81/81 82/82/82
f 69/21/21 82/82/82 83/19/19
f 83/19/19 82/82/82 12/17/17
f 54/80/80 40/76/76 53/77/77
f 57/10/10 43/8/8 56/22/22
f 56/22/22 43/8/8 42/24/24
f 59/66/66 46/71/71 45/67/67
f 64/35/35 50/46/46 63/53/53
f 63/53/53 50/46/46 49/51/51
f 54/80/80 53/77/77 67/83/83
f 67/83/83 53/77/77 66/78/78
f 67/83/83 66/78/78 80/84/84
f 80/84/84 66/78/78 79/79/79
f 80/84/84 79/79/79 12/17/17
f 71/12/12 57/10/10 70/20/20
f 70/20/20 57/10/10 56/22/22
f 74/64/64 61/57/57 60/61/61
f 60/61/61 61/57/57 47/56/56
f 73/63/63 74/64/64 60/61/61
f 77/37/37 64/35/35 63/53/53
f 54/80/80 67/83/83 68/81/81
f 68/81/81 67/83/83 81/85/85
f 68/81/81 81/85/85 82/82/82
f 82/82/82 81/85/85 12/17/17
f 81/85/85 67/83/83 80/84/84
f 85/14/14 71/12/12 84/18/18
f 84/18/18 71/12/12 70/20/20
f 12/17/17 81/85/85 80/84/84
f 86/86/86 87/87/87 2/88/88
f 2/88/88 87/87/87 3/89/89
f 3/89/89 87/87/87 4/90/90
f 4/90/90 87/87/87 105/91/91
f 4/90/90 105/91/91 106/92/92
f 106/92/92 105/91/91 121/93/93
f 106/92/92 121/93/93 122/94/94
f 122/94/94 121/93/93 137/95/95
f 122/94/94 137/95/95 138/96/96
f 138/96/96 137/95/95 153/97/97
f 138/96/96 153/97/97 154/98/98
f 154/98/98 153/97/97 169/99/99
f 154/98/98 169/99/99 170/100/100
f 170/100/100 169/99/99 11/101/39
f 170/100/100 11/101/39 10/102/101
f 88/103/102 96/104/103 87/87/87
f 87/87/87 96/104/103 97/105/104
f 87/87/87 97/105/104 98/106/105
f 98/106/105 97/105/104 113/107/106
f 98/106/105 113/107/106 114/108/107
f 114/108/107 113/107/106 129/109/108
f 114/108/107 129/109/108 130/110/109
f 130/110/109 129/109/108 145/111/110
f 130/110/109 145/111/110 146/112/111
f 146/112/111 145/111/110 161/113/112
f 146/112/111 161/113/112 162/114/113
f 162/114/113 161/113/112 11/101/39
f 162/114/113 11/101/39 163/115/114
f 163/115/114 11/101/39 164/116/115
f 163/115/114 164/116/115 148/117/116
f 148/117/116 164/116/115 149/118/117
f 148/117/116 149/118/117 133/119/118
f 133/119/118 149/118/117 134/120/119
f 133/119/118 134/120/119 118/121/120
f 118/121/120 134/120/119 119/122/121
f 118/121/120 119/122/121 103/123/122
f 103/123/122 119/122/121 104/124/123
f 103/123/122 104/124/123 87/87/87
f 87/87/87 104/124/123 105/91/91
f 88/103/102 89/125/124 96/104/103
f 96/104/103 89/125/124 111/126/125
f 96/104/103 111/126/125 112/127/126
f 112/127/126 111/126/125 127/128/127
f 112/127/126 127/128/127 128/129/128
f 128/129/128 127/128/127 143/130/129
f 128/129/128 143/130/129 144/131/130
f 144/131/130 143/130/129 159/132/131
f 144/131/130 159/132/131 160/133/132
f 160/133/132 159/132/131 94/134/133
f 160/133/132 94/134/133 11/101/39
f 11/101/39 94/134/133 95/135/134
f 89/125/124 90/136/135 111/126/125
f 111/126/125 90/136/135 126/137/136
f 111/126/125 126/137/136 127/128/127
f 127/128/127 126/137/136 142/138/137
f 127/128/127 142/138/137 143/130/129
f 143/130/129 142/138/137 158/139/138
f 143/130/129 158/139/138 159/132/131
f 159/132/131 158/139/138 94/134/133
f 90/136/135 91/140/139 126/137/136
f 126/137/136 91/140/139 92/141/140
f 126/137/136 92/141/140 141/142/141
f 141/142/141 92/141/140 93/143/142
f 141/142/141 93/143/142 156/144/143
f 156/144/143 93/143/142 94/134/133
f 156/144/143 94/134/133 157/145/144
f 157/145/144 94/134/133 158/139/138
f 157/145/144 158/139/138 142/138/137
f 10/102/101 9/146/145 170/100/100
f 170/100/100 9/146/145 155/147/146
f 170/100/100 155/147/146 154/98/98
f 154/98/98 155/147/146 139/148/147
f 154/98/98 139/148/147 138/96/96
f 138/96/96 139/148/147 123/149/148
f 138/96/96 123/149/148 122/94/94
f 122/94/94 123/149/148 107/150/149
f 122/94/94 107/150/149 106/92/92
f 106/92/92 107/150/149 4/90/90
f 9/146/145 8/151/150 155/147/146
f 155/147/146 8/151/150 140/152/151
f 155/147/146 140/152/151 139/148/147
f 139/148/147 140/152/151 124/153/152
f 139/148/147 124/153/152 123/149/148
f 123/149/148 124/153/152 108/154/153
f 123/149/148 108/154/153 107/150/149
f 107/150/149 108/154/153 4/90/90
f 8/151/150 7/155/154 140/152/151
f 140/152/151 7/155/154 6/156/155
f 140/152/151 6/156/155 125/157/156
f 125/157/156 6/156/155 5/158/157
f 125/157/156 5/158/157 110/159/158
f 110/159/158 5/158/157 4/90/90
f 110/159/158 4/90/90 109/160/159
f 109/160/159 4/90/90 108/154/153
f 109/160/159 108/154/153 124/153/152
f 113/107/106 97/105/104 112/127/126
f 112/127/126 97/105/104 96/104/103
f 98/106/105 99/161/160 87/87/87
f 87/87/87 99/161/160 100/162/161
f 87/87/87 100/162/161 101/163/162
f 101/163/162 100/162/161 116/164/163
f 101/163/162 116/164/163 117/165/164
f 117/165/164 116/164/163 132/166/165
f 117/165/164 132/166/165 133/119/118
f 133/119/118 132/166/165 148/117/116
f 98/106/105 114/108/107 99/161/160
f 99/161/160 114/108/107 115/167/166
f 99/161/160 115/167/166 100/162/161
f 100/162/161 115/167/166 116/164/163
f 103/123/122 87/87/87 102/168/167
f 102/168/167 87/87/87 101/163/162
f 102/168/167 101/163/162 117/165/164
f 118/121/120 103/123/122 102/168/167
f 118/121/120 102/168/167 117/165/164
f 105/91/91 104/124/123 120/169/168
f 120/169/168 104/124/123 119/122/121
f 120/169/168 119/122/121 135/170/169
f 135/170/169 119/122/121 134/120/119
f 135/170/169 134/120/119 150/171/170
f 150/171/170 134/120/119 149/118/117
f 150/171/170 149/118/117 165/172/171
f 165/172/171 149/118/117 164/116/115
f 165/172/171 164/116/115 11/101/39
f 125/157/156 110/159/158 109/160/159
f 125/157/156 109/160/159 124/153/152
f 129/109/108 113/107/106 128/129/128
f 128/129/128 113/107/106 112/127/126
f 114/108/107 130/110/109 115/167/166
f 115/167/166 130/110/109 131/173/172
f 115/167/166 131/173/172 116/164/163
f 116/164/163 131/173/172 132/166/165
f 133/119/118 118/121/120 117/165/164
f 105/91/91 120/169/168 121/93/93
f 121/93/93 120/169/168 136/174/173
f 121/93/93 136/174/173 137/95/95
f 137/95/95 136/174/173 152/175/174
f 137/95/95 152/175/174 153/97/97
f 153/97/97 152/175/174 168/176/175
f 153/97/97 168/176/175 169/99/99
f 169/99/99 168/176/175 11/101/39
f 136/174/173 120/169/168 135/170/169
f 140/152/151 125/157/156 124/153/152
f 145/111/110 129/109/108 144/131/130
f 144/131/130 129/109/108 128/129/128
f 130/110/109 146/112/111 131/173/172
f 131/173/172 146/112/111 147/177/176
f 131/173/172 147/177/176 132/166/165
f 132/166/165 147/177/176 148/117/116
f 136/174/173 135/170/169 151/178/177
f 151/178/177 135/170/169 150/171/170
f 151/178/177 150/171/170 166/179/178
f 166/179/178 150/171/170 165/172/171
f 166/179/178 165/172/171 11/101/39
f 157/145/144 142/138/137 141/142/141
f 141/142/141 142/138/137 126/137/136
f 156/144/143 157/145/144 141/142/141
f 161/113/112 145/111/110 160/133/132
f 160/133/132 145/111/110 144/131/130
f 163/115/114 148/117/116 147/177/176
f 163/115/114 147/177/176 162/114/113
f 162/114/113 147/177/176 146/112/111
f 136/174/173 151/178/177 152/175/174
f 152/175/174 151/178/177 167/180/179
f 152/175/174 167/180/179 168/176/175
f 168/176/175 167/180/179 11/101/39
f 167/180/179 151/178/177 166/179/178
f 11/101/39 161/113/112 160/133/132
f 11/101/39 167/180/179 166/179/178
f 171/181/180 95/182/134 180/183/181
f 180/183/181 95/182/134 189/184/182
f 180/183/181 189/184/182 190/185/183
f 190/185/183 189/184/182 203/186/184
f 190/185/183 203/186/184 204/187/185
f 204/187/185 203/186/184 217/188/186
f 204/187/185 217/188/186 218/189/187
f 218/189/187 217/188/186 231/190/188
f 218/189/187 231/190/188 232/191/189
f 232/191/189 231/190/188 245/192/190
f 232/191/189 245/192/190 175/193/191
f 175/193/191 245/192/190 174/194/192
f 174/194/192 245/192/190 173/195/193
f 173/195/193 245/192/190 244/196/194
f 173/195/193 244/196/194 243/197/195
f 243/197/195 244/196/194 230/198/196
f 243/197/195 230/198/196 229/199/197
f 229/199/197 230/198/196 216/200/198
f 229/199/197 216/200/198 215/201/199
f 215/201/199 216/200/198 202/202/200
f 215/201/199 202/202/200 201/203/201
f 201/203/201 202/202/200 188/204/202
f 201/203/201 188/204/202 187/205/203
f 187/205/203 188/204/202 95/182/134
f 187/205/203 95/182/134 186/206/204
f 186/206/204 95/182/134 185/207/205
f 186/206/204 185/207/205 199/208/206
f 199/208/206 185/207/205 198/209/207
f 199/208/206 198/209/207 212/210/208
f 212/210/208 198/209/207 211/211/209
f 212/210/208 211/211/209 225/212/210
f 225/212/210 211/211/209 224/213/211
f 225/212/210 224/213/211 238/214/212
f 238/214/212 224/213/211 237/215/213
f 238/214/212 237/215/213 173/195/193
f 173/195/193 237/215/213 88/216/214
f 173/195/193 88/216/214 87/217/215
f 94/218/216 181/219/217 95/182/134
f 95/182/134 181/219/217 182/220/218
f 95/182/134 182/220/218 183/221/219
f 183/221/219 182/220/218 196/222/220
f 183/221/219 196/222/220 197/223/221
f 197/223/221 196/222/220 210/224/222
f 197/223/221 210/224/222 211/211/209
f 211/211/209 210/224/222 224/213/211
f 94/218/216 93/225/223 181/219/217
f 181/219/217 93/225/223 194/226/224
f 181/219/217 194/226/224 195/227/225
f 195/227/225 194/226/224 208/228/226
f 195/227/225 208/228/226 209/229/227
f 209/229/227 208/228/226 222/230/228
f 209/229/227 222/230/228 223/231/229
f 223/231/229 222/230/228 236/232/230
f 223/231/229 236/232/230 237/215/213
f 237/215/213 236/232/230 88/216/214
f 93/225/223 92/233/231 194/226/224
f 194/226/224 92/233/231 207/234/232
f 194/226/224 207/234/232 208/228/226
f 208/228/226 207/234/232 221/235/233
f 208/228/226 221/235/233 222/230/228
f 222/230/228 221/235/233 235/236/234
f 222/230/228 235/236/234 236/232/230
f 236/232/230 235/236/234 88/216/214
f 92/233/231 91/237/235 207/234/232
f 207/234/232 91/237/235 90/238/236
f 207/234/232 90/238/236 220/239/237
f 220/239/237 90/238/236 89/240/238
f 220/239/237 89/240/238 233/241/239
f 233/241/239 89/240/238 88/216/214
f 233/241/239 88/216/214 234/242/240
f 234/242/240 88/216/214 235/236/234
f 234/242/240 235/236/234 221/235/233
f 87/217/215 86/243/241 173/195/193
f 173/195/193 86/243/241 172/244/242
f 175/193/191 176/245/243 232/191/189
f 232/191/189 176/245/243 219/246/244
f 232/191/189 219/246/244 218/189/187
f 218/189/187 219/246/244 205/247/245
f 218/189/187 205/247/245 204/187/185
f 204/187/185 205/247/245 191/248/246
f 204/187/185 191/248/246 190/185/183
f 190/185/183 191/248/246 180/183/181
f 176/245/243 177/249/247 219/246/244
f 219/246/244 177/249/247 178/250/248
f 219/246/244 178/250/248 206/251/249
f 206/251/249 178/250/248 179/252/250
f 206/251/249 179/252/250 193/253/251
f 193/253/251 179/252/250 180/183/181
f 193/253/251 180/183/181 192/254/252
f 192/254/252 180/183/181 191/248/246
f 192/254/252 191/248/246 205/247/245
f 196/222/220 182/220/218 195/227/225
f 195/227/225 182/220/218 181/219/217
f 185/207/205 95/182/134 184/255/253
f 184/255/253 95/182/134 183/221/219
f 184/255/253 183/221/219 197/223/221
f 198/209/207 185/207/205 184/255/253
f 198/209/207 184/255/253 197/223/221
f 189/184/182 95/182/134 188/204/202
f 187/205/203 186/206/204 200/256/254
f 200/256/254 186/206/204 199/208/206
f 200/256/254 199/208/206 213/257/255
f 213/257/255 199/208/206 212/210/208
f 213/257/255 212/210/208 226/258/256
f 226/258/256 212/210/208 225/212/210
f 226/258/256 225/212/210 239/259/257
f 239/259/257 225/212/210 238/214/212
f 239/259/257 238/214/212 173/195/193
f 203/186/184 189/184/182 202/202/200
f 202/202/200 189/184/182 188/204/202
f 206/251/249 193/253/251 192/254/252
f 206/251/249 192/254/252 205/247/245
f 210/224/222 196/222/220 209/229/227
f 209/229/227 196/222/220 195/227/225
f 211/211/209 198/209/207 197/223/221
f 187/205/203 200/256/254 201/203/201
f 201/203/201 200/256/254 214/260/258
f 201/203/201 214/260/258 215/201/199
f 215/201/199 214/260/258 228/261/259
f 215/201/199 228/261/259 229/199/197
f 229/199/197 228/261/259 242/262/260
f 229/199/197 242/262/260 243/197/195
f 243/197/195 242/262/260 173/195/193
f 214/260/258 200/256/254 213/257/255
f 217/188/186 203/186/184 216/200/198
f 216/200/198 203/186/184 202/202/200
f 219/246/244 206/251/249 205/247/245
f 224/213/211 210/224/222 223/231/229
f 223/231/229 210/224/222 209/229/227
f 214/260/258 213/257/255 227/263/261
f 227/263/261 213/257/255 226/258/256
f 227/263/261 226/258/256 240/264/262
f 240/264/262 226/258/256 239/259/257
f 240/264/262 239/259/257 173/195/193
f 231/190/188 217/188/186 230/198/196
f 230/198/196 217/188/186 216/200/198
f 234/242/240 221/235/233 220/239/237
f 220/239/237 221/235/233 207/234/232
f 233/241/239 234/242/240 220/239/237
f 237/215/213 224/213/211 223/231/229
f 214/260/258 227/263/261 228/261/259
f 228/261/259 227/263/261 241/265/263
f 228/261/259 241/265/263 242/262/260
f 242/262/260 241/265/263 173/195/193
f 241/265/263 227/263/261 240/264/262
f 245/192/190 231/190/188 244/196/194
f 244/196/194 231/190/188 230/198/196
f 173/195/193 241/265/263 240/264/262
f 1/266/264 20/267/265 172/268/266
f 172/268/266 20/267/265 173/269/267
f 173/269/267 20/267/265 174/270/268
f 174/270/268 20/267/265 255/271/269
f 174/270/268 255/271/269 256/272/270
f 256/272/270 255/271/269 271/273/271
f 256/272/270 271/273/271 272/274/272
f 272/274/272 271/273/271 287/275/273
f 272/274/272 287/275/273 288/276/274
f 288/276/274 287/275/273 303/277/275
f 288/276/274 303/277/275 304/278/276
f 304/278/276 303/277/275 319/279/277
f 304/278/276 319/279/277 320/280/278
f 320/280/278 319/279/277 171/281/180
f 320/280/278 171/281/180 180/282/279
f 19/283/280 246/284/281 20/267/265
f 20/267/265 246/284/281 247/285/282
f 20/267/265 247/285/282 248/286/283
f 248/286/283 247/285/282 263/287/284
f 248/286/283 263/287/284 264/288/285
f 264/288/285 263/287/284 279/289/286
f 264/288/285 279/289/286 280/290/287
f 280/290/287 279/289/286 295/291/288
f 280/290/287 295/291/288 296/292/289
f 296/292/289 295/291/288 311/293/290
f 296/292/289 311/293/290 312/294/291
f 312/294/291 311/293/290 171/281/180
f 312/294/291 171/281/180 313/295/292
f 313/295/292 171/281/180 314/296/293
f 313/295/292 314/296/293 298/297/294
f 298/297/294 314/296/293 299/298/295
f 298/297/294 299/298/295 283/299/296
f 283/299/296 299/298/295 284/300/297
f 283/299/296 284/300/297 268/301/298
f 268/301/298 284/300/297 269/302/299
f 268/301/298 269/302/299 253/303/300
f 253/303/300 269/302/299 254/304/301
f 253/303/300 254/304/301 20/267/265
f 20/267/265 254/304/301 255/271/269
f 19/283/280 18/305/302 246/284/281
f 246/284/281 18/305/302 261/306/303
f 246/284/281 261/306/303 262/307/304
f 262/307/304 261/306/303 277/308/305
f 262/307/304 277/308/305 278/309/306
f 278/309/306 277/308/305 293/310/307
f 278/309/306 293/310/307 294/311/308
f 294/311/308 293/310/307 309/312/309
f 294/311/308 309/312/309 310/313/310
f 310/313/310 309/312/309 13/314/311
f 310/313/310 13/314/311 171/281/180
f 171/281/180 13/314/311 12/315/17
f 18/305/302 17/316/312 261/306/303
f 261/306/303 17/316/312 276/317/313
f 261/306/303 276/317/313 277/308/305
f 277/308/305 276/317/313 292/318/314
f 277/308/305 292/318/314 293/310/307
f 293/310/307 292/318/314 308/319/315
f 293/310/307 308/319/315 309/312/309
f 309/312/309 308/319/315 13/314/311
f 17/316/312 16/320/316 276/317/313
f 276/317/313 16/320/316 15/321/317
f 276/317/313 15/321/317 291/322/318
f 291/322/318 15/321/317 14/323/319
f 291/322/318 14/323/319 306/324/320
f 306/324/320 14/323/319 13/314/311
f 306/324/320 13/314/311 307/325/321
f 307/325/321 13/314/311 308/319/315
f 307/325/321 308/319/315 292/318/314
f 180/282/279 179/326/322 320/280/278
f 320/280/278 179/326/322 305/327/323
f 320/280/278 305/327/323 304/278/276
f 304/278/276 305/327/323 289/328/324
f 304/278/276 289/328/324 288/276/274
f 288/276/274 289/328/324 273/329/325
f 288/276/274 273/329/325 272/274/272
f 272/274/272 273/329/325 257/330/326
f 272/274/272 257/330/326 256/272/270
f 256/272/270 257/330/326 174/270/268
f 179/326/322 178/331/327 305/327/323
f 305/327/323 178/331/327 290/332/328
f 305/327/323 290/332/328 289/328/324
f 289/328/324 290/332/328 274/333/329
f 289/328/324 274/333/329 273/329/325
f 273/329/325 274/333/329 258/334/330
f 273/329/325 258/334/330 257/330/326
f 257/330/326 258/334/330 174/270/268
f 178/331/327 177/335/331 290/332/328
f 290/332/328 177/335/331 176/336/332
f 290/332/328 176/336/332 275/337/333
f 275/337/333 176/336/332 175/338/334
f 275/337/333 175/338/334 260/339/335
f 260/339/335 175/338/334 174/270/268
f 260/339/335 174/270/268 259/340/336
f 259/340/336 174/270/268 258/334/330
f 259/340/336 258/334/330 274/333/329
f 263/287/284 247/285/282 262/307/304
f 262/307/304 247/285/282 246/284/281
f 248/286/283 249/341/337 20/267/265
f 20/267/265 249/341/337 250/342/338
f 20/267/265 250/342/338 251/343/339
f 251/343/339 250/342/338 266/344/340
f 251/343/339 266/344/340 267/345/341
f 267/345/341 266/344/340 282/346/342
f 267/345/341 282/346/342 283/299/296
f 283/299/296 282/346/342 298/297/294
f 248/286/283 264/288/285 249/341/337
f 249/341/337 264/288/285 265/347/343
f 249/341/337 265/347/343 250/342/338
f 250/342/338 265/347/343 266/344/340
f 253/303/300 20/267/265 252/348/344
f 252/348/344 20/267/265 251/343/339
f 252/348/344 251/343/339 267/345/341
f 268/301/298 253/303/300 252/348/344
f 268/301/298 252/348/344 267/345/341
f 255/271/269 254/304/301 270/349/345
f 270/349/345 254/304/301 269/302/299
f 270/349/345 269/302/299 285/350/346
f 285/350/346 269/302/299 284/300/297
f 285/350/346 284/300/297 300/351/347
f 300/351/347 284/300/297 299/298/295
f 300/351/347 299/298/295 315/352/348
f 315/352/348 299/298/295 314/296/293
f 315/352/348 314/296/293 171/281/180
f 275/337/333 260/339/335 259/340/336
f 275/337/333 259/340/336 274/333/329
f 279/289/286 263/287/284 278/309/306
f 278/309/306 263/287/284 262/307/304
f 264/288/285 280/290/287 265/347/343
f 265/347/343 280/290/287 281/353/349
f 265/347/343 281/353/349 266/344/340
f 266/344/340 281/353/349 282/346/342
f 283/299/296 268/301/298 267/345/341
f 255/271/269 270/349/345 271/273/271
f 271/273/271 270/349/345 286/354/350
f 271/273/271 286/354/350 287/275/273
f 287/275/273 286/354/350 302/355/351
f 287/275/273 302/355/351 303/277/275
f 303/277/275 302/355/351 318/356/352
f 303/277/275 318/356/352 319/279/277
f 319/279/277 318/356/352 171/281/180
f 286/354/350 270/349/345 285/350/346
f 290/332/328 275/337/333 274/333/329
f 295/291/288 279/289/286 294/311/308
f 294/311/308 279/289/286 278/309/306
f 280/290/287 296/292/289 281/353/349
f 281/353/349 296/292/289 297/357/353
f 281/353/349 297/357/353 282/346/342
f 282/346/342 297/357/353 298/297/294
f 286/354/350 285/350/346 301/358/354
f 301/358/354 285/350/346 300/351/347
f 301/358/354 300/351/347 316/359/355
f 316/359/355 300/351/347 315/352/348
f 316/359/355 315/352/348 171/281/180
f 307/325/321 292/318/314 291/322/318
f 291/322/318 292/318/314 276/317/313
f 306/324/320 307/325/321 291/322/318
f 311/293/290 295/291/288 310/313/310
f 310/313/310 295/291/288 294/311/308
f 313/295/292 298/297/294 297/357/353
f 313/295/292 297/357/353 312/294/291
f 312/294/291 297/357/353 296/292/289
f 286/354/350 301/358/354 302/355/351
f 302/355/351 301/358/354 317/360/356
f 302/355/351 317/360/356 318/356/352
f 318/356/352 317/360/356 171/281/180
f 317/360/356 301/358/354 316/359/355
f 171/281/180 311/293/290 310/313/310
f 171/281/180 317/360/356 316/359/355
f 86/361/86 2/362/88 322/363/357
f 322/363/357 2/362/88 321/364/358
f 2/365/1 1/366/3 321/367/359
f 321/367/359 1/366/3 323/368/360
f 325/369/361 95/370/134 324/371/362
f 324/371/362 95/370/134 171/372/180
f 324/371/362 171/372/180 327/373/363
f 327/373/363 171/372/180 326/374/364
f 326/374/364 171/372/180 12/375/17
f 326/374/364 12/375/17 11/376/39
f 95/370/134 325/369/361 11/376/39
f 11/376/39 325/369/361 326/374/364
f 328/377/365 329/378/366 346/379/367
f 346/379/367 329/378/366 355/380/368
f 346/379/367 355/380/368 356/381/369
f 356/381/369 355/380/368 369/382/370
f 356/381/369 369/382/370 370/383/371
f 370/383/371 369/382/370 383/384/372
f 370/383/371 383/384/372 384/385/373
f 384/385/373 383/384/372 397/386/374
f 384/385/373 397/386/374 398/387/375
f 398/387/375 397/386/374 411/388/376
f 398/387/375 411/388/376 341/389/377
f 341/389/377 411/388/376 340/390/378
f 340/390/378 411/388/376 339/391/379
f 339/391/379 411/388/376 322/392/380
f 322/392/380 411/388/376 410/393/381
f 322/392/380 410/393/381 409/394/382
f 409/394/382 410/393/381 396/395/383
f 409/394/382 396/395/383 395/396/384
f 395/396/384 396/395/383 382/397/385
f 395/396/384 382/397/385 381/398/386
f 381/398/386 382/397/385 368/399/387
f 381/398/386 368/399/387 367/400/388
f 367/400/388 368/399/387 354/401/389
f 367/400/388 354/401/389 353/402/390
f 353/402/390 354/401/389 329/378/366
f 353/402/390 329/378/366 352/403/391
f 352/403/391 329/378/366 351/404/392
f 352/403/391 351/404/392 365/405/393
f 365/405/393 351/404/392 364/406/394
f 365/405/393 364/406/394 378/407/395
f 378/407/395 364/406/394 377/408/396
f 378/407/395 377/408/396 391/409/397
f 391/409/397 377/408/396 390/410/398
f 391/409/397 390/410/398 404/411/399
f 404/411/399 390/410/398 403/412/400
f 404/411/399 403/412/400 337/413/401
f 337/413/401 403/412/400 402/414/402
f 337/413/401 402/414/402 401/415/403
f 401/415/403 402/414/402 388/416/404
f 401/415/403 388/416/404 387/417/405
f 387/417/405 388/416/404 374/418/406
f 387/417/405 374/418/406 373/419/407
f 373/419/407 374/418/406 360/420/408
f 373/419/407 360/420/408 332/421/409
f 332/421/409 360/420/408 331/422/410
f 331/422/410 360/420/408 347/423/411
f 331/422/410 347/423/411 330/424/412
f 330/424/412 347/423/411 329/378/366
f 329/378/366 347/423/411 348/425/413
f 329/378/366 348/425/413 349/426/414
f 349/426/414 348/425/413 362/427/415
f 349/426/414 362/427/415 363/428/416
f 363/428/416 362/427/415 376/429/417
f 363/428/416 376/429/417 377/408/396
f 377/408/396 376/429/417 390/410/398
f 332/421/409 333/430/418 373/419/407
f 373/419/407 333/430/418 334/431/419
f 373/419/407 334/431/419 386/432/420
f 386/432/420 334/431/419 335/433/421
f 386/432/420 335/433/421 399/434/422
f 399/434/422 335/433/421 336/435/423
f 399/434/422 336/435/423 337/413/401
f 338/436/424 322/392/380 337/413/401
f 337/413/401 322/392/380 404/411/399
f 341/389/377 342/437/425 398/387/375
f 398/387/375 342/437/425 385/438/426
f 398/387/375 385/438/426 384/385/373
f 384/385/373 385/438/426 371/439/427
f 384/385/373 371/439/427 370/383/371
f 370/383/371 371/439/427 357/440/428
f 370/383/371 357/440/428 356/381/369
f 356/381/369 357/440/428 346/379/367
f 342/437/425 343/441/429 385/438/426
f 385/438/426 343/441/429 344/442/430
f 385/438/426 344/442/430 372/443/431
f 372/443/431 344/442/430 345/444/432
f 372/443/431 345/444/432 359/445/433
f 359/445/433 345/444/432 346/379/367
f 359/445/433 346/379/367 358/446/434
f 358/446/434 346/379/367 357/440/428
f 358/446/434 357/440/428 371/439/427
f 348/425/413 347/423/411 361/447/435
f 361/447/435 347/423/411 360/420/408
f 361/447/435 360/420/408 374/418/406
f 351/404/392 329/378/366 350/448/436
f 350/448/436 329/378/366 349/426/414
f 350/448/436 349/426/414 363/428/416
f 364/406/394 351/404/392 350/448/436
f 364/406/394 350/448/436 363/428/416
f 355/380/368 329/378/366 354/401/389
f 353/402/390 352/403/391 366/449/437
f 366/449/437 352/403/391 365/405/393
f 366/449/437 365/405/393 379/450/438
f 379/450/438 365/405/393 378/407/395
f 379/450/438 378/407/395 392/451/439
f 392/451/439 378/407/395 391/409/397
f 392/451/439 391/409/397 405/452/440
f 405/452/440 391/409/397 404/411/399
f 405/452/440 404/411/399 322/392/380
f 369/382/370 355/380/368 368/399/387
f 368/399/387 355/380/368 354/401/389
f 372/443/431 359/445/433 358/446/434
f 372/443/431 358/446/434 371/439/427
f 348/425/413 361/447/435 362/427/415
f 362/427/415 361/447/435 375/453/441
f 362/427/415 375/453/441 376/429/417
f 376/429/417 375/453/441 389/454/442
f 376/429/417 389/454/442 390/410/398
f 390/410/398 389/454/442 403/412/400
f 375/453/441 361/447/435 374/418/406
f 377/408/396 364/406/394 363/428/416
f 353/402/390 366/449/437 367/400/388
f 367/400/388 366/449/437 380/455/443
f 367/400/388 380/455/443 381/398/386
f 381/398/386 380/455/443 394/456/444
f 381/398/386 394/456/444 395/396/384
f 395/396/384 394/456/444 408/457/445
f 395/396/384 408/457/445 409/394/382
f 409/394/382 408/457/445 322/392/380
f 380/455/443 366/449/437 379/450/438
f 383/384/372 369/382/370 382/397/385
f 382/397/385 369/382/370 368/399/387
f 385/438/426 372/443/431 371/439/427
f 389/454/442 375/453/441 388/416/404
f 388/416/404 375/453/441 374/418/406
f 380/455/443 379/450/438 393/458/446
f 393/458/446 379/450/438 392/451/439
f 393/458/446 392/451/439 406/459/447
f 406/459/447 392/451/439 405/452/440
f 406/459/447 405/452/440 322/392/380
f 397/386/374 383/384/372 396/395/383
f 396/395/383 383/384/372 382/397/385
f 373/419/407 386/432/420 387/417/405
f 387/417/405 386/432/420 400/460/448
f 387/417/405 400/460/448 401/415/403
f 401/415/403 400/460/448 337/413/401
f 403/412/400 389/454/442 402/414/402
f 402/414/402 389/454/442 388/416/404
f 380/455/443 393/458/446 394/456/444
f 394/456/444 393/458/446 407/461/449
f 394/456/444 407/461/449 408/457/445
f 408/457/445 407/461/449 322/392/380
f 407/461/449 393/458/446 406/459/447
f 411/388/376 397/386/374 410/393/381
f 410/393/381 397/386/374 396/395/383
f 337/413/401 400/460/448 399/434/422
f 399/434/422 400/460/448 386/432/420
f 322/392/380 407/461/449 406/459/447
f 329/462/366 412/463/450 330/464/451
f 330/464/451 412/463/450 431/465/452
f 330/464/451 431/465/452 432/466/453
f 432/466/453 431/465/452 447/467/454
f 432/466/453 447/467/454 448/468/455
f 448/468/455 447/467/454 463/469/456
f 448/468/455 463/469/456 464/470/457
f 464/470/457 463/469/456 479/471/458
f 464/470/457 479/471/458 480/472/459
f 480/472/459 479/471/458 495/473/460
f 480/472/459 495/473/460 335/474/461
f 335/474/461 495/473/460 336/475/462
f 336/475/462 495/473/460 337/476/463
f 337/476/463 495/473/460 338/477/464
f 338/477/464 495/473/460 494/478/465
f 338/477/464 494/478/465 493/479/466
f 493/479/466 494/478/465 478/480/467
f 493/479/466 478/480/467 477/481/468
f 477/481/468 478/480/467 462/482/469
f 477/481/468 462/482/469 461/483/470
f 461/483/470 462/482/469 446/484/471
f 461/483/470 446/484/471 445/485/472
f 445/485/472 446/484/471 430/486/473
f 445/485/472 430/486/473 429/487/474
f 429/487/474 430/486/473 412/463/450
f 429/487/474 412/463/450 428/488/475
f 428/488/475 412/463/450 427/489/476
f 428/488/475 427/489/476 443/490/477
f 443/490/477 427/489/476 442/491/478
f 443/490/477 442/491/478 458/492/479
f 458/492/479 442/491/478 457/493/480
f 458/492/479 457/493/480 473/494/481
f 473/494/481 457/493/480 472/495/482
f 473/494/481 472/495/482 488/496/483
f 488/496/483 472/495/482 487/497/484
f 488/496/483 487/497/484 338/477/464
f 338/477/464 487/497/484 420/498/485
f 338/477/464 420/498/485 323/499/486
f 413/500/487 421/501/488 412/463/450
f 412/463/450 421/501/488 422/502/489
f 412/463/450 422/502/489 423/503/490
f 423/503/490 422/502/489 438/504/491
f 423/503/490 438/504/491 439/505/492
f 439/505/492 438/504/491 454/506/493
f 439/505/492 454/506/493 455/507/494
f 455/507/494 454/506/493 470/508/495
f 455/507/494 470/508/495 471/509/496
f 471/509/496 470/508/495 486/510/497
f 471/509/496 486/510/497 487/497/484
f 487/497/484 486/510/497 420/498/485
f 413/500/487 414/511/498 421/501/488
f 421/501/488 414/511/498 436/512/499
f 421/501/488 436/512/499 437/513/500
f 437/513/500 436/512/499 452/514/501
f 437/513/500 452/514/501 453/515/502
f 453/515/502 452/514/501 468/516/503
f 453/515/502 468/516/503 469/517/504
f 469/517/504 468/516/503 484/518/505
f 469/517/504 484/518/505 485/519/506
f 485/519/506 484/518/505 420/498/485
f 485/519/506 420/498/485 486/510/497
f 414/511/498 415/520/507 436/512/499
f 436/512/499 415/520/507 451/521/508
f 436/512/499 451/521/508 452/514/501
f 452/514/501 451/521/508 467/522/509
f 452/514/501 467/522/509 468/516/503
f 468/516/503 467/522/509 483/523/510
f 468/516/503 483/523/510 484/518/505
f 484/518/505 483/523/510 420/498/485
f 415/520/507 416/524/511 451/521/508
f 451/521/508 416/524/511 417/525/512
f 451/521/508 417/525/512 466/526/513
f 466/526/513 417/525/512 418/527/514
f 466/526/513 418/527/514 481/528/515
f 481/528/515 418/527/514 419/529/516
f 481/528/515 419/529/516 420/498/485
f 335/474/461 334/530/517 480/472/459
f 480/472/459 334/530/517 465/531/518
f 480/472/459 465/531/518 464/470/457
f 464/470/457 465/531/518 449/532/519
f 464/470/457 449/532/519 448/468/455
f 448/468/455 449/532/519 433/533/520
f 448/468/455 433/533/520 432/466/453
f 432/466/453 433/533/520 330/464/451
f 334/530/517 333/534/521 465/531/518
f 465/531/518 333/534/521 332/535/522
f 465/531/518 332/535/522 450/536/523
f 450/536/523 332/535/522 331/537/524
f 450/536/523 331/537/524 435/538/525
f 435/538/525 331/537/524 330/464/451
f 435/538/525 330/464/451 434/539/526
f 434/539/526 330/464/451 433/533/520
f 434/539/526 433/533/520 449/532/519
f 438/504/491 422/502/489 437/513/500
f 437/513/500 422/502/489 421/501/488
f 423/503/490 424/540/527 412/463/450
f 412/463/450 424/540/527 425/541/528
f 412/463/450 425/541/528 426/542/529
f 426/542/529 425/541/528 441/543/530
f 426/542/529 441/543/530 442/491/478
f 442/491/478 441/543/530 457/493/480
f 423/503/490 439/505/492 424/540/527
f 424/540/527 439/505/492 440/544/531
f 424/540/527 440/544/531 425/541/528
f 425/541/528 440/544/531 441/543/530
f 427/489/476 412/463/450 426/542/529
f 442/491/478 427/489/476 426/542/529
f 431/465/452 412/463/450 430/486/473
f 429/487/474 428/488/475 444/545/532
f 444/545/532 428/488/475 443/490/477
f 444/545/532 443/490/477 459/546/533
f 459/546/533 443/490/477 458/492/479
f 459/546/533 458/492/479 474/547/534
f 474/547/534 458/492/479 473/494/481
f 474/547/534 473/494/481 489/548/535
f 489/548/535 473/494/481 488/496/483
f 489/548/535 488/496/483 338/477/464
f 447/467/454 431/465/452 446/484/471
f 446/484/471 431/465/452 430/486/473
f 450/536/523 435/538/525 434/539/526
f 450/536/523 434/539/526 449/532/519
f 454/506/493 438/504/491 453/515/502
f 453/515/502 438/504/491 437/513/500
f 439/505/492 455/507/494 440/544/531
f 440/544/531 455/507/494 456/549/536
f 440/544/531 456/549/536 441/543/530
f 441/543/530 456/549/536 457/493/480
f 429/487/474 444/545/532 445/485/472
f 445/485/472 444/545/532 460/550/537
f 445/485/472 460/550/537 461/483/470
f 461/483/470 460/550/537 476/551/538
f 461/483/470 476/551/538 477/481/468
f 477/481/468 476/551/538 492/552/539
f 477/481/468 492/552/539 493/479/466
f 493/479/466 492/552/539 338/477/464
f 460/550/537 444/545/532 459/546/533
f 463/469/456 447/467/454 462/482/469
f 462/482/469 447/467/454 446/484/471
f 465/531/518 450/536/523 449/532/519
f 470/508/495 454/506/493 469/517/504
f 469/517/504 454/506/493 453/515/502
f 472/495/482 457/493/480 456/549/536
f 472/495/482 456/549/536 471/509/496
f 471/509/496 456/549/536 455/507/494
f 460/550/537 459/546/533 475/553/540
f 475/553/540 459/546/533 474/547/534
f 475/553/540 474/547/534 490/554/541
f 490/554/541 474/547/534 489/548/535
f 490/554/541 489/548/535 338/477/464
f 479/471/458 463/469/456 478/480/467
f 478/480/467 463/469/456 462/482/469
f 451/521/508 466/526/513 467/522/509
f 467/522/509 466/526/513 482/555/542
f 467/522/509 482/555/542 483/523/510
f 483/523/510 482/555/542 420/498/485
f 486/510/497 470/508/495 485/519/506
f 485/519/506 470/508/495 469/517/504
f 487/497/484 472/495/482 471/509/496
f 460/550/537 475/553/540 476/551/538
f 476/551/538 475/553/540 491/556/543
f 476/551/538 491/556/543 492/552/539
f 492/552/539 491/556/543 338/477/464
f 491/556/543 475/553/540 490/554/541
f 495/473/460 479/471/458 494/478/465
f 494/478/465 479/471/458 478/480/467
f 420/498/485 482/555/542 481/528/515
f 481/528/515 482/555/542 466/526/513
f 338/477/464 491/556/543 490/554/541
f 412/557/450 496/558/544 413/559/545
f 413/559/545 496/558/544 513/560/546
f 413/559/545 513/560/546 514/561/547
f 514/561/547 513/560/546 527/562/548
f 514/561/547 527/562/548 528/563/549
f 528/563/549 527/562/548 541/564/550
f 528/563/549 541/564/550 542/565/551
f 542/565/551 541/564/550 555/566/552
f 542/565/551 555/566/552 556/567/553
f 556/567/553 555/566/552 569/568/554
f 556/567/553 569/568/554 418/569/555
f 418/569/555 569/568/554 419/570/556
f 419/570/556 569/568/554 420/571/557
f 420/571/557 569/568/554 323/572/360
f 323/572/360 569/568/554 568/573/558
f 323/572/360 568/573/558 567/574/559
f 567/574/559 568/573/558 554/575/560
f 567/574/559 554/575/560 553/576/561
f 553/576/561 554/575/560 540/577/562
f 553/576/561 540/577/562 539/578/563
f 539/578/563 540/577/562 526/579/564
f 539/578/563 526/579/564 525/580/565
f 525/580/565 526/579/564 512/581/566
f 525/580/565 512/581/566 511/582/567
f 511/582/567 512/581/566 496/558/544
f 511/582/567 496/558/544 510/583/568
f 510/583/568 496/558/544 509/584/569
f 510/583/568 509/584/569 523/585/570
f 523/585/570 509/584/569 522/586/571
f 523/585/570 522/586/571 536/587/572
f 536/587/572 522/586/571 535/588/573
f 536/587/572 535/588/573 549/589/574
f 549/589/574 535/588/573 548/590/575
f 549/589/574 548/590/575 562/591/576
f 562/591/576 548/590/575 561/592/577
f 562/591/576 561/592/577 504/593/578
f 504/593/578 561/592/577 560/594/579
f 504/593/578 560/594/579 559/595/580
f 559/595/580 560/594/579 546/596/581
f 559/595/580 546/596/581 545/597/582
f 545/597/582 546/596/581 532/598/583
f 545/597/582 532/598/583 531/599/584
f 531/599/584 532/598/583 518/600/585
f 531/599/584 518/600/585 499/601/586
f 499/601/586 518/600/585 498/602/587
f 498/602/587 518/600/585 505/603/588
f 498/602/587 505/603/588 497/604/589
f 497/604/589 505/603/588 496/558/544
f 496/558/544 505/603/588 506/605/590
f 496/558/544 506/605/590 507/606/591
f 507/606/591 506/605/590 520/607/592
f 507/606/591 520/607/592 521/608/593
f 521/608/593 520/607/592 534/609/594
f 521/608/593 534/609/594 535/588/573
f 535/588/573 534/609/594 548/590/575
f 499/601/586 500/610/595 531/599/584
f 531/599/584 500/610/595 501/611/596
f 531/599/584 501/611/596 544/612/597
f 544/612/597 501/611/596 502/613/598
f 544/612/597 502/613/598 557/614/599
f 557/614/599 502/613/598 503/615/600
f 557/614/599 503/615/600 504/593/578
f 321/616/359 323/572/360 504/593/578
f 504/593/578 323/572/360 562/591/576
f 418/569/555 417/617/601 556/567/553
f 556/567/553 417/617/601 543/618/602
f 556/567/553 543/618/602 542/565/551
f 542/565/551 543/618/602 529/619/603
f 542/565/551 529/619/603 528/563/549
f 528/563/549 529/619/603 515/620/604
f 528/563/549 515/620/604 514/561/547
f 514/561/547 515/620/604 413/559/545
f 417/617/601 416/621/605 543/618/602
f 543/618/602 416/621/605 415/622/606
f 543/618/602 415/622/606 530/623/607
f 530/623/607 415/622/606 414/624/608
f 530/623/607 414/624/608 517/625/609
f 517/625/609 414/624/608 413/559/545
f 517/625/609 413/559/545 516/626/610
f 516/626/610 413/559/545 515/620/604
f 516/626/610 515/620/604 529/619/603
f 506/605/590 505/603/588 519/627/611
f 519/627/611 505/603/588 518/600/585
f 519/627/611 518/600/585 532/598/583
f 509/584/569 496/558/544 508/628/612
f 508/628/612 496/558/544 507/606/591
f 508/628/612 507/606/591 521/608/593
f 522/586/571 509/584/569 508/628/612
f 522/586/571 508/628/612 521/608/593
f 513/560/546 496/558/544 512/581/566
f 511/582/567 510/583/568 524/629/613
f 524/629/613 510/583/568 523/585/570
f 524/629/613 523/585/570 537/630/614
f 537/630/614 523/585/570 536/587/572
f 537/630/614 536/587/572 550/631/615
f 550/631/615 536/587/572 549/589/574
f 550/631/615 549/589/574 563/632/616
f 563/632/616 549/589/574 562/591/576
f 563/632/616 562/591/576 323/572/360
f 527/562/548 513/560/546 526/579/564
f 526/579/564 513/560/546 512/581/566
f 530/623/607 517/625/609 516/626/610
f 530/623/607 516/626/610 529/619/603
f 506/605/590 519/627/611 520/607/592
f 520/607/592 519/627/611 533/633/617
f 520/607/592 533/633/617 534/609/594
f 534/609/594 533/633/617 547/634/618
f 534/609/594 547/634/618 548/590/575
f 548/590/575 547/634/618 561/592/577
f 533/633/617 519/627/611 532/598/583
f 535/588/573 522/586/571 521/608/593
f 511/582/567 524/629/613 525/580/565
f 525/580/565 524/629/613 538/635/619
f 525/580/565 538/635/619 539/578/563
f 539/578/563 538/635/619 552/636/620
f 539/578/563 552/636/620 553/576/561
f 553/576/561 552/636/620 566/637/621
f 553/576/561 566/637/621 567/574/559
f 567/574/559 566/637/621 323/572/360
f 538/635/619 524/629/613 537/630/614
f 541/564/550 527/562/548 540/577/562
f 540/577/562 527/562/548 526/579/564
f 543/618/602 530/623/607 529/619/603
f 547/634/618 533/633/617 546/596/581
f 546/596/581 533/633/617 532/598/583
f 538/635/619 537/630/614 551/638/622
f 551/638/622 537/630/614 550/631/615
f 551/638/622 550/631/615 564/639/623
f 564/639/623 550/631/615 563/632/616
f 564/639/623 563/632/616 323/572/360
f 555/566/552 541/564/550 554/575/560
f 554/575/560 541/564/550 540/577/562
f 531/599/584 544/612/597 545/597/582
f 545/597/582 544/612/597 558/640/624
f 545/597/582 558/640/624 559/595/580
f 559/595/580 558/640/624 504/593/578
f 561/592/577 547/634/618 560/594/579
f 560/594/579 547/634/618 546/596/581
f 538/635/619 551/638/622 552/636/620
f 552/636/620 551/638/622 565/641/625
f 552/636/620 565/641/625 566/637/621
f 566/637/621 565/641/625 323/572/360
f 565/641/625 551/638/622 564/639/623
f 569/568/554 555/566/552 568/573/558
f 568/573/558 555/566/552 554/575/560
f 504/593/578 558/640/624 557/614/599
f 557/614/599 558/640/624 544/612/597
f 323/572/360 565/641/625 564/639/623
f 322/642/357 321/643/358 339/644/626
f 339/644/626 321/643/358 578/645/627
f 339/644/626 578/645/627 579/646/628
f 579/646/628 578/645/627 594/647/629
f 579/646/628 594/647/629 595/648/630
f 595/648/630 594/647/629 610/649/631
f 595/648/630 610/649/631 611/650/632
f 611/650/632 610/649/631 626/651/633
f 611/650/632 626/651/633 627/652/634
f 627/652/634 626/651/633 642/653/635
f 627/652/634 642/653/635 643/654/636
f 643/654/636 642/653/635 328/655/365
f 643/654/636 328/655/365 644/656/637
f 644/656/637 328/655/365 346/657/638
f 644/656/637 346/657/638 345/658/639
f 504/659/640 570/660/641 321/643/358
f 321/643/358 570/660/641 571/661/642
f 321/643/358 571/661/642 572/662/643
f 572/662/643 571/661/642 587/663/644
f 572/662/643 587/663/644 588/664/645
f 588/664/645 587/663/644 603/665/646
f 588/664/645 603/665/646 604/666/647
f 604/666/647 603/665/646 619/667/648
f 604/666/647 619/667/648 620/668/649
f 620/668/649 619/667/648 635/669/650
f 620/668/649 635/669/650 636/670/651
f 636/670/651 635/669/650 328/655/365
f 636/670/651 328/655/365 637/671/652
f 637/671/652 328/655/365 638/672/653
f 637/671/652 638/672/653 622/673/654
f 622/673/654 638/672/653 623/674/655
f 622/673/654 623/674/655 607/675/656
f 607/675/656 623/674/655 608/676/657
f 607/675/656 608/676/657 592/677/658
f 592/677/658 608/676/657 593/678/659
f 592/677/658 593/678/659 577/679/660
f 577/679/660 593/678/659 578/645/627
f 577/679/660 578/645/627 321/643/358
f 504/659/640 503/680/661 570/660/641
f 570/660/641 503/680/661 502/681/662
f 570/660/641 502/681/662 585/682/663
f 585/682/663 502/681/662 501/683/664
f 585/682/663 501/683/664 600/684/665
f 600/684/665 501/683/664 500/685/666
f 600/684/665 500/685/666 499/686/667
f 600/684/665 499/686/667 615/687/668
f 615/687/668 499/686/667 498/688/669
f 615/687/668 498/688/669 630/689/670
f 630/689/670 498/688/669 497/690/671
f 630/689/670 497/690/671 631/691/672
f 631/691/672 497/690/671 632/692/673
f 631/691/672 632/692/673 616/693/674
f 616/693/674 632/692/673 617/694/675
f 616/693/674 617/694/675 601/695/676
f 601/695/676 617/694/675 602/696/677
f 601/695/676 602/696/677 586/697/678
f 586/697/678 602/696/677 587/663/644
f 586/697/678 587/663/644 571/661/642
f 496/698/544 328/655/365 497/690/671
f 497/690/671 328/655/365 634/699/679
f 497/690/671 634/699/679 633/700/680
f 633/700/680 634/699/679 618/701/681
f 633/700/680 618/701/681 617/694/675
f 617/694/675 618/701/681 602/696/677
f 644/656/637 345/658/639 629/702/682
f 629/702/682 345/658/639 344/703/683
f 629/702/682 344/703/683 614/704/684
f 614/704/684 344/703/683 343/705/685
f 614/704/684 343/705/685 342/706/686
f 614/704/684 342/706/686 599/707/687
f 599/707/687 342/706/686 341/708/688
f 599/707/687 341/708/688 584/709/689
f 584/709/689 341/708/688 340/710/690
f 584/709/689 340/710/690 339/644/626
f 586/697/678 571/661/642 570/660/641
f 572/662/643 573/711/691 321/643/358
f 321/643/358 573/711/691 574/712/692
f 321/643/358 574/712/692 575/713/693
f 575/713/693 574/712/692 590/714/694
f 575/713/693 590/714/694 591/715/695
f 591/715/695 590/714/694 606/716/696
f 591/715/695 606/716/696 607/675/656
f 607/675/656 606/716/696 622/673/654
f 572/662/643 588/664/645 573/711/691
f 573/711/691 588/664/645 589/717/697
f 573/711/691 589/717/697 574/712/692
f 574/712/692 589/717/697 590/714/694
f 577/679/660 321/643/358 576/718/698
f 576/718/698 321/643/358 575/713/693
f 576/718/698 575/713/693 591/715/695
f 592/677/658 577/679/660 576/718/698
f 592/677/658 576/718/698 591/715/695
f 594/647/629 578/645/627 593/678/659
f 579/646/628 580/719/699 339/644/626
f 339/644/626 580/719/699 581/720/700
f 339/644/626 581/720/700 582/721/701
f 582/721/701 581/720/700 597/722/702
f 582/721/701 597/722/702 598/723/703
f 598/723/703 597/722/702 613/724/704
f 598/723/703 613/724/704 614/704/684
f 614/704/684 613/724/704 629/702/682
f 579/646/628 595/648/630 580/719/699
f 580/719/699 595/648/630 596/725/705
f 580/719/699 596/725/705 581/720/700
f 581/720/700 596/725/705 597/722/702
f 584/709/689 339/644/626 583/726/706
f 583/726/706 339/644/626 582/721/701
f 583/726/706 582/721/701 598/723/703
f 599/707/687 584/709/689 583/726/706
f 599/707/687 583/726/706 598/723/703
f 601/695/676 586/697/678 585/682/663
f 585/682/663 586/697/678 570/660/641
f 603/665/646 587/663/644 602/696/677
f 588/664/645 604/666/647 589/717/697
f 589/717/697 604/666/647 605/727/707
f 589/717/697 605/727/707 590/714/694
f 590/714/694 605/727/707 606/716/696
f 607/675/656 592/677/658 591/715/695
f 594/647/629 593/678/659 609/728/708
f 609/728/708 593/678/659 608/676/657
f 609/728/708 608/676/657 624/729/709
f 624/729/709 608/676/657 623/674/655
f 624/729/709 623/674/655 639/730/710
f 639/730/710 623/674/655 638/672/653
f 639/730/710 638/672/653 328/655/365
f 595/648/630 611/650/632 596/725/705
f 596/725/705 611/650/632 612/731/711
f 596/725/705 612/731/711 597/722/702
f 597/722/702 612/731/711 613/724/704
f 614/704/684 599/707/687 598/723/703
f 616/693/674 601/695/676 600/684/665
f 600/684/665 601/695/676 585/682/663
f 619/667/648 603/665/646 618/701/681
f 618/701/681 603/665/646 602/696/677
f 604/666/647 620/668/649 605/727/707
f 605/727/707 620/668/649 621/732/712
f 605/727/707 621/732/712 606/716/696
f 606/716/696 621/732/712 622/673/654
f 594/647/629 609/728/708 610/649/631
f 610/649/631 609/728/708 625/733/713
f 610/649/631 625/733/713 626/651/633
f 626/651/633 625/733/713 641/734/714
f 626/651/633 641/734/714 642/653/635
f 642/653/635 641/734/714 328/655/365
f 625/733/713 609/728/708 624/729/709
f 611/650/632 627/652/634 612/731/711
f 612/731/711 627/652/634 628/735/715
f 612/731/711 628/735/715 613/724/704
f 613/724/704 628/735/715 629/702/682
f 631/691/672 616/693/674 615/687/668
f 615/687/668 616/693/674 600/684/665
f 630/689/670 631/691/672 615/687/668
f 633/700/680 617/694/675 632/692/673
f 635/669/650 619/667/648 634/699/679
f 634/699/679 619/667/648 618/701/681
f 637/671/652 622/673/654 621/732/712
f 637/671/652 621/732/712 636/670/651
f 636/670/651 621/732/712 620/668/649
f 625/733/713 624/729/709 640/736/716
f 640/736/716 624/729/709 639/730/710
f 640/736/716 639/730/710 328/655/365
f 644/656/637 629/702/682 628/735/715
f 644/656/637 628/735/715 643/654/636
f 643/654/636 628/735/715 627/652/634
f 497/690/671 633/700/680 632/692/673
f 328/655/365 635/669/650 634/699/679
f 328/655/365 641/734/714 640/736/716
f 640/736/716 641/734/714 625/733/713
f 172/737/242 86/738/241 338/739/424
f 338/739/424 86/738/241 322/740/380
f 648/741/717 645/742/718 328/743/365
f 328/743/365 645/742/718 646/744/719
f 328/743/365 646/744/719 329/745/366
f 329/745/366 646/744/719 647/746/720
f 329/745/366 647/746/720 412/747/450
f 412/747/450 647/746/720 496/748/544
f 496/748/544 647/746/720 648/741/717
f 496/748/544 648/741/717 328/743/365
f 650/749/721 696/750/722 649/751/723
f 649/751/723 696/750/722 673/752/724
f 649/753/723 673/754/724 672/755/725
f 672/755/725 673/754/724 674/756/726
f 672/755/725 674/756/726 671/757/727
f 671/757/727 674/756/726 675/758/728
f 671/757/727 675/758/728 670/759/729
f 670/759/729 675/758/728 676/760/730
f 670/759/729 676/760/730 669/761/731
f 669/761/731 676/760/730 677/762/732
f 669/761/731 677/762/732 668/763/733
f 668/763/733 677/762/732 678/764/734
f 668/763/733 678/764/734 667/765/735
f 667/765/735 678/764/734 679/766/736
f 667/765/735 679/766/736 666/767/737
f 666/767/737 679/766/736 680/768/738
f 666/767/737 680/768/738 665/769/739
f 665/769/739 680/768/738 681/770/740
f 665/769/739 681/770/740 664/771/741
f 664/771/741 681/770/740 682/772/742
f 664/771/741 682/772/742 663/773/743
f 663/773/743 682/772/742 683/774/744
f 663/773/743 683/774/744 662/775/745
f 662/775/745 683/774/744 684/776/746
f 662/775/745 684/776/746 661/777/747
f 661/777/747 684/776/746 685/778/748
f 661/777/747 685/778/748 660/779/749
f 660/779/749 685/778/748 686/780/750
f 660/779/749 686/780/750 659/781/751
f 659/781/751 686/780/750 687/782/752
f 659/781/751 687/782/752 658/783/753
f 658/783/753 687/782/752 688/784/754
f 658/783/753 688/784/754 657/785/755
f 657/785/755 688/784/754 689/786/756
f 657/785/755 689/786/756 656/787/757
f 656/787/757 689/786/756 690/788/758
f 656/787/757 690/788/758 655/789/759
f 655/789/759 690/788/758 691/790/760
f 655/789/759 691/790/760 654/791/761
f 654/791/761 691/790/760 692/792/762
f 654/791/761 692/792/762 653/793/763
f 653/793/763 692/792/762 693/794/764
f 653/793/763 693/794/764 652/795/765
f 652/795/765 693/794/764 694/796/766
f 652/795/765 694/796/766 651/797/767
f 651/797/767 694/796/766 695/798/768
f 651/797/767 695/798/768 650/749/721
f 650/749/721 695/798/768 696/750/722
f 697/799/769 698/800/770 700/801/771
f 700/801/771 698/800/770 699/802/772
f 712/803/773 701/804/774 713/805/775
f 713/805/775 701/804/774 702/806/776
f 713/805/775 702/806/776 714/807/777
f 714/807/777 702/806/776 703/808/778
f 714/807/777 703/808/778 715/809/779
f 715/809/779 703/808/778 704/810/780
f 715/809/779 704/810/780 716/811/781
f 716/811/781 704/810/780 705/812/782
f 716/811/781 705/812/782 717/813/783
f 717/813/783 705/812/782 706/814/784
f 717/813/783 706/814/784 697/815/769
f 697/815/769 700/816/771 717/813/783
f 717/813/783 700/816/771 707/817/785
f 717/813/783 707/817/785 716/811/781
f 716/811/781 707/817/785 708/818/786
f 716/811/781 708/818/786 715/809/779
f 715/809/779 708/818/786 709/819/787
f 715/809/779 709/819/787 714/807/777
f 714/807/777 709/819/787 710/820/788
f 714/807/777 710/820/788 713/805/775
f 713/805/775 710/820/788 711/821/789
f 713/805/775 711/821/789 712/803/773
f 718/822/790 701/823/774 719/824/791
f 719/824/791 701/823/774 712/825/773
f 731/826/792 720/827/793 732/828/794
f 732/828/794 720/827/793 721/829/795
f 732/828/794 721/829/795 733/830/796
f 733/830/796 721/829/795 722/831/797
f 733/830/796 722/831/797 734/832/798
f 734/832/798 722/831/797 723/833/799
f 734/832/798 723/833/799 735/834/800
f 735/834/800 723/833/799 724/835/801
f 735/834/800 724/835/801 736/836/802
f 736/836/802 724/835/801 725/837/803
f 736/836/802 725/837/803 718/838/790
f 718/838/790 719/839/791 736/836/802
f 736/836/802 719/839/791 726/840/804
f 736/836/802 726/840/804 735/834/800
f 735/834/800 726/840/804 727/841/805
f 735/834/800 727/841/805 734/832/798
f 734/832/798 727/841/805 728/842/806
f 734/832/798 728/842/806 733/830/796
f 733/830/796 728/842/806 729/843/807
f 733/830/796 729/843/807 732/828/794
f 732/828/794 729/843/807 730/844/808
f 732/828/794 730/844/808 731/826/792
f 737/845/809 720/846/793 738/847/810
f 738/847/810 720/846/793 731/848/792
f 750/849/811 739/850/812 751/851/813
f 751/851/813 739/850/812 740/852/814
f 751/851/813 740/852/814 752/853/815
f 752/853/815 740/852/814 741/854/816
f 752/853/815 741/854/816 753/855/817
f 753/855/817 741/854/816 742/856/818
f 753/855/817 742/856/818 754/857/819
f 754/857/819 742/856/818 743/858/820
f 754/857/819 743/858/820 755/859/821
f 755/859/821 743/858/820 744/860/822
f 755/859/821 744/860/822 737/861/809
f 737/861/809 738/862/810 755/859/821
f 755/859/821 738/862/810 745/863/823
f 755/859/821 745/863/823 754/857/819
f 754/857/819 745/863/823 746/864/824
f 754/857/819 746/864/824 753/855/817
f 753/855/817 746/864/824 747/865/825
f 753/855/817 747/865/825 752/853/815
f 752/853/815 747/865/825 748/866/826
f 752/853/815 748/866/826 751/851/813
f 751/851/813 748/866/826 749/867/827
f 751/851/813 749/867/827 750/849/811
f 756/868/828 739/869/812 757/870/829
f 757/870/829 739/869/812 750/871/811
f 699/872/772 698/873/770 768/874/830
f 768/874/830 698/873/770 758/875/831
f 768/874/830 758/875/831 769/876/832
f 769/876/832 758/875/831 759/877/833
f 769/876/832 759/877/833 770/878/834
f 770/878/834 759/877/833 760/879/835
f 770/878/834 760/879/835 771/880/836
f 771/880/836 760/879/835 761/881/837
f 771/880/836 761/881/837 772/882/838
f 772/882/838 761/881/837 762/883/839
f 772/882/838 762/883/839 756/884/828
f 756/884/828 757/885/829 772/882/838
f 772/882/838 757/885/829 763/886/840
f 772/882/838 763/886/840 771/880/836
f 771/880/836 763/886/840 764/887/841
f 771/880/836 764/887/841 770/878/834
f 770/878/834 764/887/841 765/888/842
f 770/878/834 765/888/842 769/876/832
f 769/876/832 765/888/842 766/889/843
f 769/876/832 766/889/843 768/874/830
f 768/874/830 766/889/843 767/890/844
f 768/874/830 767/890/844 699/872/772
f 773/891/845 774/892/846 776/893/847
f 776/893/847 774/892/846 775/894/848
f 788/895/849 777/896/850 789/897/851
f 789/897/851 777/896/850 778/898/852
f 789/897/851 778/898/852 790/899/853
f 790/899/853 778/898/852 779/900/854
f 790/899/853 779/900/854 791/901/855
f 791/901/855 779/900/854 780/902/856
f 791/901/855 780/902/856 792/903/857
f 792/903/857 780/902/856 781/904/858
f 792/903/857 781/904/858 793/905/859
f 793/905/859 781/904/858 782/906/860
f 793/905/859 782/906/860 773/907/845
f 773/907/845 776/908/847 793/905/859
f 793/905/859 776/908/847 783/909/861
f 793/905/859 783/909/861 792/903/857
f 792/903/857 783/909/861 784/910/862
f 792/903/857 784/910/862 791/901/855
f 791/901/855 784/910/862 785/911/863
f 791/901/855 785/911/863 790/899/853
f 790/899/853 785/911/863 786/912/864
f 790/899/853 786/912/864 789/897/851
f 789/897/851 786/912/864 787/913/865
f 789/897/851 787/913/865 788/895/849
f 794/914/866 777/915/850 795/916/867
f 795/916/867 777/915/850 788/917/849
f 807/918/868 796/919/869 808/920/870
f 808/920/870 796/919/869 797/921/871
f 808/920/870 797/921/871 809/922/872
f 809/922/872 797/921/871 798/923/873
f 809/922/872 798/923/873 810/924/874
f 810/924/874 798/923/873 799/925/875
f 810/924/874 799/925/875 811/926/876
f 811/926/876 799/925/875 800/927/877
f 811/926/876 800/927/877 812/928/878
f 812/928/878 800/927/877 801/929/879
f 812/928/878 801/929/879 794/930/866
f 794/930/866 795/931/867 812/928/878
f 812/928/878 795/931/867 802/932/880
f 812/928/878 802/932/880 811/926/876
f 811/926/876 802/932/880 803/933/881
f 811/926/876 803/933/881 810/924/874
f 810/924/874 803/933/881 804/934/882
f 810/924/874 804/934/882 809/922/872
f 809/922/872 804/934/882 805/935/883
f 809/922/872 805/935/883 808/920/870
f 808/920/870 805/935/883 806/936/884
f 808/920/870 806/936/884 807/918/868
f 813/937/885 796/938/869 814/939/886
f 814/939/886 796/938/869 807/940/868
f 826/941/887 815/942/888 827/943/889
f 827/943/889 815/942/888 816/944/890
f 827/943/889 816/944/890 828/945/891
f 828/945/891 816/944/890 817/946/892
f 828/945/891 817/946/892 829/947/893
f 829/947/893 817/946/892 818/948/894
f 829/947/893 818/948/894 830/949/895
f 830/949/895 818/948/894 819/950/896
f 830/949/895 819/950/896 831/951/897
f 831/951/897 819/950/896 820/952/898
f 831/951/897 820/952/898 813/953/885
f 813/953/885 814/954/886 831/951/897
f 831/951/897 814/954/886 821/955/899
f 831/951/897 821/955/899 830/949/895
f 830/949/895 821/955/899 822/956/900
f 830/949/895 822/956/900 829/947/893
f 829/947/893 822/956/900 823/957/901
f 829/947/893 823/957/901 828/945/891
f 828/945/891 823/957/901 824/958/902
f 828/945/891 824/958/902 827/943/889
f 827/943/889 824/958/902 825/959/903
f 827/943/889 825/959/903 826/941/887
f 832/960/904 815/961/888 833/962/905
f 833/962/905 815/961/888 826/963/887
f 775/964/848 774/965/846 844/966/906
f 844/966/906 774/965/846 834/967/907
f 844/966/906 834/967/907 845/968/908
f 845/968/908 834/967/907 835/969/909
f 845/968/908 835/969/909 846/970/910
f 846/970/910 835/969/909 836/971/911
f 846/970/910 836/971/911 847/972/912
f 847/972/912 836/971/911 837/973/913
f 847/972/912 837/973/913 848/974/914
f 848/974/914 837/973/913 838/975/915
f 848/974/914 838/975/915 832/976/904
f 832/976/904 833/977/905 848/974/914
f 848/974/914 833/977/905 839/978/916
f 848/974/914 839/978/916 847/972/912
f 847/972/912 839/978/916 840/979/917
f 847/972/912 840/979/917 846/970/910
f 846/970/910 840/979/917 841/980/918
f 846/970/910 841/980/918 845/968/908
f 845/968/908 841/980/918 842/981/919
f 845/968/908 842/981/919 844/966/906
f 844/966/906 842/981/919 843/982/920
f 844/966/906 843/982/920 775/964/848
f 849/983/921 850/984/922 852/985/923
f 852/985/923 850/984/922 851/986/924
f 864/987/925 853/988/926 865/989/927
f 865/989/927 853/988/926 854/990/928
f 865/989/927 854/990/928 866/991/929
f 866/991/929 854/990/928 855/992/930
f 866/991/929 855/992/930 867/993/931
f 867/993/931 855/992/930 856/994/932
f 867/993/931 856/994/932 868/995/933
f 868/995/933 856/994/932 857/996/934
f 868/995/933 857/996/934 869/997/935
f 869/997/935 857/996/934 858/998/936
f 869/997/935 858/998/936 849/999/921
f 849/999/921 852/1000/923 869/997/935
f 869/997/935 852/1000/923 859/1001/937
f 869/997/935 859/1001/937 868/995/933
f 868/995/933 859/1001/937 860/1002/938
f 868/995/933 860/1002/938 867/993/931
f 867/993/931 860/1002/938 861/1003/939
f 867/993/931 861/1003/939 866/991/929
f 866/991/929 861/1003/939 862/1004/940
f 866/991/929 862/1004/940 865/989/927
f 865/989/927 862/1004/940 863/1005/941
f 865/989/927 863/1005/941 864/987/925
f 870/1006/942 853/1007/926 871/1008/943
f 871/1008/943 853/1007/926 864/1009/925
f 883/1010/944 872/1011/945 884/1012/946
f 884/1012/946 872/1011/945 873/1013/947
f 884/1012/946 873/1013/947 885/1014/948
f 885/1014/948 873/1013/947 874/1015/949
f 885/1014/948 874/1015/949 886/1016/950
f 886/1016/950 874/1015/949 875/1017/951
f 886/1016/950 875/1017/951 887/1018/952
f 887/1018/952 875/1017/951 876/1019/953
f 887/1018/952 876/1019/953 888/1020/954
f 888/1020/954 876/1019/953 877/1021/955
f 888/1020/954 877/1021/955 870/1022/942
f 870/1022/942 871/1023/943 888/1020/954
f 888/1020/954 871/1023/943 878/1024/956
f 888/1020/954 878/1024/956 887/1018/952
f 887/1018/952 878/1024/956 879/1025/957
f 887/1018/952 879/1025/957 886/1016/950
f 886/1016/950 879/1025/957 880/1026/958
f 886/1016/950 880/1026/958 885/1014/948
f 885/1014/948 880/1026/958 881/1027/959
f 885/1014/948 881/1027/959 884/1012/946
f 884/1012/946 881/1027/959 882/1028/960
f 884/1012/946 882/1028/960 883/1010/944
f 889/1029/961 872/1030/945 890/1031/962
f 890/1031/962 872/1030/945 883/1032/944
f 902/1033/963 891/1034/964 903/1035/965
f 903/1035/965 891/1034/964 892/1036/966
f 903/1035/965 892/1036/966 904/1037/967
f 904/1037/967 892/1036/966 893/1038/968
f 904/1037/967 893/1038/968 905/1039/969
f 905/1039/969 893/1038/968 894/1040/970
f 905/1039/969 894/1040/970 906/1041/971
f 906/1041/971 894/1040/970 895/1042/972
f 906/1041/971 895/1042/972 907/1043/973
f 907/1043/973 895/1042/972 896/1044/974
f 907/1043/973 896/1044/974 889/1045/961
f 889/1045/961 890/1046/962 907/1043/973
f 907/1043/973 890/1046/962 897/1047/975
f 907/1043/973 897/1047/975 906/1041/971
f 906/1041/971 897/1047/975 898/1048/976
f 906/1041/971 898/1048/976 905/1039/969
f 905/1039/969 898/1048/976 899/1049/977
f 905/1039/969 899/1049/977 904/1037/967
f 904/1037/967 899/1049/977 900/1050/978
f 904/1037/967 900/1050/978 903/1035/965
f 903/1035/965 900/1050/978 901/1051/979
f 903/1035/965 901/1051/979 902/1033/963
f 908/1052/980 891/1053/964 909/1054/981
f 909/1054/981 891/1053/964 902/1055/963
f 851/1056/924 850/1057/922 920/1058/982
f 920/1058/982 850/1057/922 910/1059/983
f 920/1058/982 910/1059/983 921/1060/984
f 921/1060/984 910/1059/983 911/1061/985
f 921/1060/984 911/1061/985 922/1062/986
f 922/1062/986 911/1061/985 912/1063/987
f 922/1062/986 912/1063/987 923/1064/988
f 923/1064/988 912/1063/987 913/1065/989
f 923/1064/988 913/1065/989 924/1066/990
f 924/1066/990 913/1065/989 914/1067/991
f 924/1066/990 914/1067/991 908/1068/980
f 908/1068/980 909/1069/981 924/1066/990
f 924/1066/990 909/1069/981 915/1070/992
f 924/1066/990 915/1070/992 923/1064/988
f 923/1064/988 915/1070/992 916/1071/993
f 923/1064/988 916/1071/993 922/1062/986
f 922/1062/986 916/1071/993 917/1072/994
f 922/1062/986 917/1072/994 921/1060/984
f 921/1060/984 917/1072/994 918/1073/995
f 921/1060/984 918/1073/995 920/1058/982
f 920/1058/982 918/1073/995 919/1074/996
f 920/1058/982 919/1074/996 851/1056/924
f 646/1075/719 645/1076/718 937/1077/997
f 937/1077/997 645/1076/718 925/1078/998
f 937/1077/997 925/1078/998 938/1079/999
f 938/1079/999 925/1078/998 926/1080/1000
f 938/1079/999 926/1080/1000 939/1081/1001
f 939/1081/1001 926/1080/1000 927/1082/1002
f 939/1081/1001 927/1082/1002 940/1083/1003
f 940/1083/1003 927/1082/1002 928/1084/1004
f 940/1083/1003 928/1084/1004 941/1085/1005
f 941/1085/1005 928/1084/1004 929/1086/1006
f 941/1085/1005 929/1086/1006 930/1087/1007
f 930/1087/1007 931/1088/1008 941/1085/1005
f 941/1085/1005 931/1088/1008 932/1089/1009
f 941/1085/1005 932/1089/1009 940/1083/1003
f 940/1083/1003 932/1089/1009 933/1090/1010
f 940/1083/1003 933/1090/1010 939/1081/1001
f 939/1081/1001 933/1090/1010 934/1091/1011
f 939/1081/1001 934/1091/1011 938/1079/999
f 938/1079/999 934/1091/1011 935/1092/1012
f 938/1079/999 935/1092/1012 937/1077/997
f 937/1077/997 935/1092/1012 936/1093/1013
f 937/1077/997 936/1093/1013 646/1075/719
f 931/1094/1008 942/1095/1014 955/1096/1015
f 955/1096/1015 942/1095/1014 943/1097/1016
f 955/1096/1015 943/1097/1016 956/1098/1017
f 956/1098/1017 943/1097/1016 944/1099/1018
f 956/1098/1017 944/1099/1018 957/1100/1019
f 957/1100/1019 944/1099/1018 945/1101/1020
f 957/1100/1019 945/1101/1020 958/1102/1021
f 958/1102/1021 945/1101/1020 946/1103/1022
f 958/1102/1021 946/1103/1022 959/1104/1023
f 959/1104/1023 946/1103/1022 947/1105/1024
f 959/1104/1023 947/1105/1024 948/1106/1025
f 948/1106/1025 949/1107/1026 959/1104/1023
f 959/1104/1023 949/1107/1026 950/1108/1027
f 959/1104/1023 950/1108/1027 958/1102/1021
f 958/1102/1021 950/1108/1027 951/1109/1028
f 958/1102/1021 951/1109/1028 957/1100/1019
f 957/1100/1019 951/1109/1028 952/1110/1029
f 957/1100/1019 952/1110/1029 956/1098/1017
f 956/1098/1017 952/1110/1029 953/1111/1030
f 956/1098/1017 953/1111/1030 955/1096/1015
f 955/1096/1015 953/1111/1030 954/1112/1031
f 955/1096/1015 954/1112/1031 931/1094/1008
f 932/1113/1009 931/1114/1008 965/1115/1032
f 965/1115/1032 931/1114/1008 954/1116/1031
f 965/1115/1032 954/1116/1031 967/1117/1033
f 967/1117/1033 954/1116/1031 953/1118/1030
f 967/1117/1033 953/1118/1030 971/1119/1034
f 971/1119/1034 953/1118/1030 952/1120/1029
f 971/1119/1034 952/1120/1029 976/1121/1035
f 976/1121/1035 952/1120/1029 951/1122/1028
f 976/1121/1035 951/1122/1028 981/1123/1036
f 981/1123/1036 951/1122/1028 950/1124/1027
f 981/1123/1036 950/1124/1027 985/1125/1037
f 985/1125/1037 950/1124/1027 949/1126/1026
f 985/1125/1037 949/1126/1026 960/1127/1038
f 985/1125/1037 960/1127/1038 986/1128/1039
f 986/1128/1039 960/1127/1038 961/1129/1040
f 986/1128/1039 961/1129/1040 982/1130/1041
f 982/1130/1041 961/1129/1040 983/1131/1042
f 982/1130/1041 983/1131/1042 977/1132/1043
f 977/1132/1043 983/1131/1042 978/1133/1044
f 977/1132/1043 978/1133/1044 972/1134/1045
f 972/1134/1045 978/1133/1044 973/1135/1046
f 972/1134/1045 973/1135/1046 968/1136/1047
f 968/1136/1047 973/1135/1046 969/1137/1048
f 968/1136/1047 969/1137/1048 933/1138/1010
f 933/1138/1010 969/1137/1048 934/1139/1011
f 934/1139/1011 969/1137/1048 970/1140/1049
f 934/1139/1011 970/1140/1049 935/1141/1012
f 935/1141/1012 970/1140/1049 974/1142/1050
f 935/1141/1012 974/1142/1050 975/1143/1051
f 975/1143/1051 974/1142/1050 980/1144/1052
f 975/1143/1051 980/1144/1052 646/1145/719
f 646/1145/719 980/1144/1052 964/1146/1053
f 964/1146/1053 980/1144/1052 963/1147/1054
f 963/1147/1054 980/1144/1052 979/1148/1055
f 963/1147/1054 979/1148/1055 984/1149/1056
f 984/1149/1056 979/1148/1055 978/1133/1044
f 984/1149/1056 978/1133/1044 983/1131/1042
f 961/1129/1040 962/1150/1057 983/1131/1042
f 983/1131/1042 962/1150/1057 984/1149/1056
f 962/1150/1057 963/1147/1054 984/1149/1056
f 646/1145/719 936/1151/1013 975/1143/1051
f 975/1143/1051 936/1151/1013 935/1141/1012
f 968/1136/1047 933/1138/1010 966/1152/1058
f 966/1152/1058 933/1138/1010 932/1113/1009
f 966/1152/1058 932/1113/1009 965/1115/1032
f 968/1136/1047 966/1152/1058 965/1115/1032
f 972/1134/1045 968/1136/1047 967/1117/1033
f 967/1117/1033 968/1136/1047 965/1115/1032
f 974/1142/1050 970/1140/1049 969/1137/1048
f 974/1142/1050 969/1137/1048 973/1135/1046
f 977/1132/1043 972/1134/1045 971/1119/1034
f 971/1119/1034 972/1134/1045 967/1117/1033
f 978/1133/1044 979/1148/1055 973/1135/1046
f 973/1135/1046 979/1148/1055 974/1142/1050
f 979/1148/1055 980/1144/1052 974/1142/1050
f 982/1130/1041 977/1132/1043 976/1121/1035
f 976/1121/1035 977/1132/1043 971/1119/1034
f 986/1128/1039 982/1130/1041 981/1123/1036
f 981/1123/1036 982/1130/1041 976/1121/1035
f 985/1125/1037 986/1128/1039 981/1123/1036
f 964/1153/1053 993/1154/1059 646/1155/719
f 646/1155/719 993/1154/1059 994/1156/1060
f 646/1155/719 994/1156/1060 647/1157/720
f 647/1157/720 994/1156/1060 992/1158/1061
f 992/1158/1061 994/1156/1060 991/1159/1062
f 991/1159/1062 994/1156/1060 996/1160/1063
f 991/1159/1062 996/1160/1063 990/1161/1064
f 990/1161/1064 996/1160/1063 998/1162/1065
f 990/1161/1064 998/1162/1065 989/1163/1066
f 989/1163/1066 998/1162/1065 1000/1164/1067
f 989/1163/1066 1000/1164/1067 988/1165/1068
f 988/1165/1068 1000/1164/1067 1002/1166/1069
f 988/1165/1068 1002/1166/1069 987/1167/1070
f 987/1167/1070 1002/1166/1069 1001/1168/1071
f 987/1167/1070 1001/1168/1071 949/1169/1026
f 949/1169/1026 1001/1168/1071 960/1170/1038
f 960/1170/1038 1001/1168/1071 961/1171/1040
f 961/1171/1040 1001/1168/1071 999/1172/1072
f 961/1171/1040 999/1172/1072 962/1173/1057
f 962/1173/1057 999/1172/1072 997/1174/1073
f 962/1173/1057 997/1174/1073 963/1175/1054
f 963/1175/1054 997/1174/1073 995/1176/1074
f 963/1175/1054 995/1176/1074 964/1153/1053
f 964/1153/1053 995/1176/1074 993/1154/1059
f 996/1160/1063 994/1156/1060 993/1154/1059
f 996/1160/1063 993/1154/1059 995/1176/1074
f 998/1162/1065 996/1160/1063 995/1176/1074
f 998/1162/1065 995/1176/1074 997/1174/1073
f 1000/1164/1067 998/1162/1065 997/1174/1073
f 1000/1164/1067 997/1174/1073 999/1172/1072
f 1002/1166/1069 1000/1164/1067 999/1172/1072
f 1002/1166/1069 999/1172/1072 1001/1168/1071
f 674/1177/1075 673/1178/1076 738/1179/1077
f 738/1179/1077 673/1178/1076 696/1180/1078
f 738/1179/1077 696/1180/1078 745/1181/1079
f 745/1181/1079 696/1180/1078 806/1182/1080
f 745/1181/1079 806/1182/1080 746/1183/1081
f 746/1183/1081 806/1182/1080 805/1184/1082
f 746/1183/1081 805/1184/1082 747/1185/1083
f 747/1185/1083 805/1184/1082 804/1186/1084
f 747/1185/1083 804/1186/1084 748/1187/1085
f 748/1187/1085 804/1186/1084 803/1188/1086
f 748/1187/1085 803/1188/1086 749/1189/1087
f 749/1189/1087 803/1188/1086 802/1190/1088
f 749/1189/1087 802/1190/1088 750/1191/1089
f 750/1191/1089 802/1190/1088 795/1192/1090
f 750/1191/1089 795/1192/1090 757/1193/1091
f 757/1193/1091 795/1192/1090 788/1194/1092
f 757/1193/1091 788/1194/1092 763/1195/1093
f 763/1195/1093 788/1194/1092 787/1196/1094
f 763/1195/1093 787/1196/1094 764/1197/1095
f 764/1197/1095 787/1196/1094 786/1198/1096
f 764/1197/1095 786/1198/1096 765/1199/1097
f 765/1199/1097 786/1198/1096 785/1200/1098
f 765/1199/1097 785/1200/1098 766/1201/1099
f 766/1201/1099 785/1200/1098 784/1202/1100
f 766/1201/1099 784/1202/1100 767/1203/1101
f 767/1203/1101 784/1202/1100 783/1204/1102
f 767/1203/1101 783/1204/1102 949/1205/1026
f 949/1205/1026 783/1204/1102 776/1206/1103
f 949/1205/1026 776/1206/1103 987/1207/1070
f 987/1207/1070 776/1206/1103 775/1208/1104
f 987/1207/1070 775/1208/1104 843/1209/1105
f 696/1180/1078 695/1210/1106 806/1182/1080
f 806/1182/1080 695/1210/1106 807/1211/1107
f 807/1211/1107 695/1210/1106 694/1212/1108
f 807/1211/1107 694/1212/1108 693/1213/1109
f 693/1213/1109 692/1214/1110 807/1211/1107
f 807/1211/1107 692/1214/1110 691/1215/1111
f 807/1211/1107 691/1215/1111 814/1216/1112
f 814/1216/1112 691/1215/1111 690/1217/1113
f 814/1216/1112 690/1217/1113 689/1218/1114
f 689/1218/1114 688/1219/1115 814/1216/1112
f 814/1216/1112 688/1219/1115 821/1220/1116
f 821/1220/1116 688/1219/1115 687/1221/1117
f 821/1220/1116 687/1221/1117 822/1222/1118
f 822/1222/1118 687/1221/1117 881/1223/1119
f 822/1222/1118 881/1223/1119 823/1224/1120
f 823/1224/1120 881/1223/1119 880/1225/1121
f 823/1224/1120 880/1225/1121 824/1226/1122
f 824/1226/1122 880/1225/1121 879/1227/1123
f 824/1226/1122 879/1227/1123 825/1228/1124
f 825/1228/1124 879/1227/1123 878/1229/1125
f 825/1228/1124 878/1229/1125 826/1230/1126
f 826/1230/1126 878/1229/1125 871/1231/1127
f 826/1230/1126 871/1231/1127 833/1232/1128
f 833/1232/1128 871/1231/1127 864/1233/1129
f 833/1232/1128 864/1233/1129 839/1234/1130
f 839/1234/1130 864/1233/1129 863/1235/1131
f 839/1234/1130 863/1235/1131 840/1236/1132
f 840/1236/1132 863/1235/1131 862/1237/1133
f 840/1236/1132 862/1237/1133 841/1238/1134
f 841/1238/1134 862/1237/1133 861/1239/1135
f 841/1238/1134 861/1239/1135 842/1240/1136
f 842/1240/1136 861/1239/1135 860/1241/1137
f 842/1240/1136 860/1241/1137 843/1209/1105
f 843/1209/1105 860/1241/1137 859/1242/1138
f 843/1209/1105 859/1242/1138 987/1207/1070
f 987/1207/1070 859/1242/1138 852/1243/1139
f 987/1207/1070 852/1243/1139 851/1244/1140
f 881/1223/1119 687/1221/1117 882/1245/1141
f 882/1245/1141 687/1221/1117 686/1246/1142
f 882/1245/1141 686/1246/1142 883/1247/1143
f 883/1247/1143 686/1246/1142 685/1248/1144
f 883/1247/1143 685/1248/1144 890/1249/1145
f 890/1249/1145 685/1248/1144 684/1250/1146
f 890/1249/1145 684/1250/1146 1003/1251/1147
f 1003/1251/1147 684/1250/1146 683/1252/1148
f 1003/1251/1147 683/1252/1148 682/1253/1149
f 682/1253/1149 681/1254/1150 1003/1251/1147
f 1003/1251/1147 681/1254/1150 680/1255/1151
f 1003/1251/1147 680/1255/1151 679/1256/1152
f 1003/1251/1147 679/1256/1152 948/1257/1025
f 948/1257/1025 679/1256/1152 678/1258/1153
f 948/1257/1025 678/1258/1153 677/1259/1154
f 677/1259/1154 676/1260/1155 948/1257/1025
f 948/1257/1025 676/1260/1155 675/1261/1156
f 948/1257/1025 675/1261/1156 674/1177/1075
f 948/1257/1025 674/1177/1075 738/1179/1077
f 738/1179/1077 731/1262/1157 948/1257/1025
f 948/1257/1025 731/1262/1157 730/1263/1158
f 948/1257/1025 730/1263/1158 729/1264/1159
f 729/1264/1159 728/1265/1160 948/1257/1025
f 948/1257/1025 728/1265/1160 727/1266/1161
f 948/1257/1025 727/1266/1161 726/1267/1162
f 726/1267/1162 719/1268/1163 948/1257/1025
f 948/1257/1025 719/1268/1163 949/1205/1026
f 949/1205/1026 719/1268/1163 712/1269/1164
f 949/1205/1026 712/1269/1164 711/1270/1165
f 711/1270/1165 710/1271/1166 949/1205/1026
f 949/1205/1026 710/1271/1166 709/1272/1167
f 949/1205/1026 709/1272/1167 708/1273/1168
f 708/1273/1168 707/1274/1169 949/1205/1026
f 949/1205/1026 707/1274/1169 700/1275/1170
f 949/1205/1026 700/1275/1170 699/1276/1171
f 699/1276/1171 767/1203/1101 949/1205/1026
f 851/1244/1140 919/1277/1172 987/1207/1070
f 987/1207/1070 919/1277/1172 918/1278/1173
f 987/1207/1070 918/1278/1173 917/1279/1174
f 917/1279/1174 916/1280/1175 987/1207/1070
f 987/1207/1070 916/1280/1175 915/1281/1176
f 987/1207/1070 915/1281/1176 909/1282/1177
f 909/1282/1177 902/1283/1178 987/1207/1070
f 987/1207/1070 902/1283/1178 1003/1251/1147
f 1003/1251/1147 902/1283/1178 901/1284/1179
f 1003/1251/1147 901/1284/1179 900/1285/1180
f 900/1285/1180 899/1286/1181 1003/1251/1147
f 1003/1251/1147 899/1286/1181 898/1287/1182
f 1003/1251/1147 898/1287/1182 897/1288/1183
f 897/1288/1183 890/1249/1145 1003/1251/1147
f 1005/1289/1184 1010/1290/1185 1004/1291/1186
f 1004/1291/1186 1010/1290/1185 1011/1292/1187
f 1004/1291/1186 1011/1292/1187 1012/1293/1188
f 1006/1294/1189 1008/1295/1190 1005/1289/1184
f 1005/1289/1184 1008/1295/1190 1009/1296/1191
f 1005/1289/1184 1009/1296/1191 1010/1290/1185
f 1008/1295/1190 1006/1294/1189 942/1297/1192
f 942/1297/1192 1006/1294/1189 1007/1298/1193
f 942/1297/1192 1007/1298/1193 943/1299/1194
f 943/1299/1194 1007/1298/1193 944/1300/1195
f 944/1300/1195 1007/1298/1193 945/1301/1196
f 945/1301/1196 1007/1298/1193 946/1302/1197
f 946/1302/1197 1007/1298/1193 947/1303/1198
f 947/1303/1198 1007/1298/1193 948/1304/1199
f 948/1304/1199 1007/1298/1193 1003/1305/1200
f 1003/1305/1200 1007/1298/1193 1004/1291/1186
f 1003/1305/1200 1004/1291/1186 1015/1306/1201
f 1015/1306/1201 1004/1291/1186 1014/1307/1202
f 1014/1307/1202 1004/1291/1186 1013/1308/1203
f 1013/1308/1203 1004/1291/1186 1012/1293/1188
f 987/1309/1070 1003/1310/1147 1022/1311/1204
f 1022/1311/1204 1003/1310/1147 1015/1312/1205
f 1022/1311/1204 1015/1312/1205 1023/1313/1206
f 1023/1313/1206 1015/1312/1205 1014/1314/1207
f 1023/1313/1206 1014/1314/1207 1024/1315/1208
f 1024/1315/1208 1014/1314/1207 1013/1316/1209
f 1024/1315/1208 1013/1316/1209 1025/1317/1210
f 1025/1317/1210 1013/1316/1209 1012/1318/1211
f 1025/1317/1210 1012/1318/1211 1026/1319/1212
f 1026/1319/1212 1012/1318/1211 1011/1320/1213
f 1026/1319/1212 1011/1320/1213 1010/1321/1214
f 1010/1321/1214 1016/1322/1215 1026/1319/1212
f 1026/1319/1212 1016/1322/1215 1017/1323/1216
f 1026/1319/1212 1017/1323/1216 1025/1317/1210
f 1025/1317/1210 1017/1323/1216 1018/1324/1217
f 1025/1317/1210 1018/1324/1217 1024/1315/1208
f 1024/1315/1208 1018/1324/1217 1019/1325/1218
f 1024/1315/1208 1019/1325/1218 1023/1313/1206
f 1023/1313/1206 1019/1325/1218 1020/1326/1219
f 1023/1313/1206 1020/1326/1219 1022/1311/1204
f 1022/1311/1204 1020/1326/1219 1021/1327/1220
f 1022/1311/1204 1021/1327/1220 987/1309/1070
f 1016/1328/1215 1027/1329/1221 1038/1330/1222
f 1038/1330/1222 1027/1329/1221 1028/1331/1223
f 1038/1330/1222 1028/1331/1223 1039/1332/1224
f 1039/1332/1224 1028/1331/1223 1029/1333/1225
f 1039/1332/1224 1029/1333/1225 1040/1334/1226
f 1040/1334/1226 1029/1333/1225 1030/1335/1227
f 1040/1334/1226 1030/1335/1227 1041/1336/1228
f 1041/1336/1228 1030/1335/1227 1031/1337/1229
f 1041/1336/1228 1031/1337/1229 1042/1338/1230
f 1042/1338/1230 1031/1337/1229 1032/1339/1231
f 1042/1338/1230 1032/1339/1231 648/1340/717
f 648/1340/717 647/1341/720 1042/1338/1230
f 1042/1338/1230 647/1341/720 1033/1342/1232
f 1042/1338/1230 1033/1342/1232 1041/1336/1228
f 1041/1336/1228 1033/1342/1232 1034/1343/1233
f 1041/1336/1228 1034/1343/1233 1040/1334/1226
f 1040/1334/1226 1034/1343/1233 1035/1344/1234
f 1040/1334/1226 1035/1344/1234 1039/1332/1224
f 1039/1332/1224 1035/1344/1234 1036/1345/1235
f 1039/1332/1224 1036/1345/1235 1038/1330/1222
f 1038/1330/1222 1036/1345/1235 1037/1346/1236
f 1038/1330/1222 1037/1346/1236 1016/1328/1215
f 1017/1347/1216 1016/1348/1215 1045/1349/1237
f 1045/1349/1237 1016/1348/1215 1037/1350/1236
f 1045/1349/1237 1037/1350/1236 1044/1351/1238
f 1044/1351/1238 1037/1350/1236 1036/1352/1235
f 1044/1351/1238 1036/1352/1235 1048/1353/1239
f 1048/1353/1239 1036/1352/1235 1047/1354/1240
f 1048/1353/1239 1047/1354/1240 1053/1355/1241
f 1053/1355/1241 1047/1354/1240 1052/1356/1242
f 1053/1355/1241 1052/1356/1242 1058/1357/1243
f 1058/1357/1243 1052/1356/1242 1057/1358/1244
f 1058/1357/1243 1057/1358/1244 1062/1359/1245
f 1062/1359/1245 1057/1358/1244 1061/1360/1246
f 1062/1359/1245 1061/1360/1246 989/1361/1066
f 989/1361/1066 1061/1360/1246 990/1362/1064
f 990/1362/1064 1061/1360/1246 1060/1363/1247
f 990/1362/1064 1060/1363/1247 991/1364/1062
f 991/1364/1062 1060/1363/1247 1056/1365/1248
f 991/1364/1062 1056/1365/1248 1055/1366/1249
f 1055/1366/1249 1056/1365/1248 1050/1367/1250
f 1055/1366/1249 1050/1367/1250 647/1368/720
f 647/1368/720 1050/1367/1250 1033/1369/1232
f 1033/1369/1232 1050/1367/1250 1034/1370/1233
f 1034/1370/1233 1050/1367/1250 1051/1371/1251
f 1034/1370/1233 1051/1371/1251 1046/1372/1252
f 1046/1372/1252 1051/1371/1251 1052/1356/1242
f 1046/1372/1252 1052/1356/1242 1047/1354/1240
f 1036/1352/1235 1035/1373/1234 1047/1354/1240
f 1047/1354/1240 1035/1373/1234 1046/1372/1252
f 1035/1373/1234 1034/1370/1233 1046/1372/1252
f 647/1368/720 992/1374/1061 1055/1366/1249
f 1055/1366/1249 992/1374/1061 991/1364/1062
f 1062/1359/1245 989/1361/1066 1064/1375/1253
f 1064/1375/1253 989/1361/1066 988/1376/1068
f 1064/1375/1253 988/1376/1068 1043/1377/1254
f 1043/1377/1254 988/1376/1068 987/1378/1070
f 1043/1377/1254 987/1378/1070 1021/1379/1220
f 1043/1377/1254 1021/1379/1220 1063/1380/1255
f 1063/1380/1255 1021/1379/1220 1020/1381/1219
f 1063/1380/1255 1020/1381/1219 1059/1382/1256
f 1059/1382/1256 1020/1381/1219 1019/1383/1218
f 1059/1382/1256 1019/1383/1218 1054/1384/1257
f 1054/1384/1257 1019/1383/1218 1018/1385/1217
f 1054/1384/1257 1018/1385/1217 1049/1386/1258
f 1049/1386/1258 1018/1385/1217 1017/1347/1216
f 1049/1386/1258 1017/1347/1216 1045/1349/1237
f 1049/1386/1258 1045/1349/1237 1044/1351/1238
f 1054/1384/1257 1049/1386/1258 1048/1353/1239
f 1048/1353/1239 1049/1386/1258 1044/1351/1238
f 1054/1384/1257 1048/1353/1239 1053/1355/1241
f 1057/1358/1244 1052/1356/1242 1051/1371/1251
f 1057/1358/1244 1051/1371/1251 1056/1365/1248
f 1056/1365/1248 1051/1371/1251 1050/1367/1250
f 1059/1382/1256 1054/1384/1257 1053/1355/1241
f 1059/1382/1256 1053/1355/1241 1058/1357/1243
f 1061/1360/1246 1057/1358/1244 1056/1365/1248
f 1060/1363/1247 1061/1360/1246 1056/1365/1248
f 1063/1380/1255 1059/1382/1256 1058/1357/1243
f 1063/1380/1255 1058/1357/1243 1062/1359/1245
f 1043/1377/1254 1063/1380/1255 1062/1359/1245
f 1064/1375/1253 1043/1377/1254 1062/1359/1245
f 1027/1387/1221 1016/1388/1215 1009/1389/1259
f 1009/1389/1259 1016/1388/1215 1010/1390/1214
f 1005/1391/1260 1004/1392/1261 325/1393/1262
f 325/1393/1262 1004/1392/1261 326/1394/1263
f 672/1395/1264 737/1396/1265 649/1397/1266
f 649/1397/1266 737/1396/1265 744/1398/1267
f 649/1397/1266 744/1398/1267 650/1399/1268
f 650/1399/1268 744/1398/1267 797/1400/1269
f 650/1399/1268 797/1400/1269 651/1401/1270
f 651/1401/1270 797/1400/1269 796/1402/1271
f 651/1401/1270 796/1402/1271 652/1403/1272
f 652/1403/1272 796/1402/1271 653/1404/1273
f 653/1404/1273 796/1402/1271 654/1405/1274
f 654/1405/1274 796/1402/1271 655/1406/1275
f 655/1406/1275 796/1402/1271 813/1407/1276
f 655/1406/1275 813/1407/1276 656/1408/1277
f 656/1408/1277 813/1407/1276 657/1409/1278
f 657/1409/1278 813/1407/1276 658/1410/1279
f 658/1410/1279 813/1407/1276 820/1411/1280
f 658/1410/1279 820/1411/1280 659/1412/1281
f 659/1412/1281 820/1411/1280 819/1413/1282
f 659/1412/1281 819/1413/1282 874/1414/1283
f 874/1414/1283 819/1413/1282 875/1415/1284
f 875/1415/1284 819/1413/1282 818/1416/1285
f 875/1415/1284 818/1416/1285 876/1417/1286
f 876/1417/1286 818/1416/1285 817/1418/1287
f 876/1417/1286 817/1418/1287 877/1419/1288
f 877/1419/1288 817/1418/1287 816/1420/1289
f 877/1419/1288 816/1420/1289 870/1421/1290
f 870/1421/1290 816/1420/1289 815/1422/1291
f 870/1421/1290 815/1422/1291 853/1423/1292
f 853/1423/1292 815/1422/1291 832/1424/1293
f 853/1423/1292 832/1424/1293 854/1425/1294
f 854/1425/1294 832/1424/1293 838/1426/1295
f 854/1425/1294 838/1426/1295 855/1427/1296
f 855/1427/1296 838/1426/1295 837/1428/1297
f 855/1427/1296 837/1428/1297 856/1429/1298
f 856/1429/1298 837/1428/1297 836/1430/1299
f 856/1429/1298 836/1430/1299 857/1431/1300
f 857/1431/1300 836/1430/1299 835/1432/1301
f 857/1431/1300 835/1432/1301 858/1433/1302
f 858/1433/1302 835/1432/1301 834/1434/1303
f 858/1433/1302 834/1434/1303 326/1435/1304
f 326/1435/1304 834/1434/1303 774/1436/1305
f 326/1435/1304 774/1436/1305 773/1437/1306
f 737/1396/1265 672/1395/1264 1007/1438/1307
f 1007/1438/1307 672/1395/1264 671/1439/1308
f 1007/1438/1307 671/1439/1308 670/1440/1309
f 670/1440/1309 669/1441/1310 1007/1438/1307
f 1007/1438/1307 669/1441/1310 668/1442/1311
f 1007/1438/1307 668/1442/1311 667/1443/1312
f 1007/1438/1307 667/1443/1312 1004/1444/1313
f 1004/1444/1313 667/1443/1312 666/1445/1314
f 1004/1444/1313 666/1445/1314 665/1446/1315
f 665/1446/1315 664/1447/1316 1004/1444/1313
f 1004/1444/1313 664/1447/1316 663/1448/1317
f 1004/1444/1313 663/1448/1317 662/1449/1318
f 1004/1444/1313 662/1449/1318 872/1450/1319
f 872/1450/1319 662/1449/1318 661/1451/1320
f 872/1450/1319 661/1451/1320 660/1452/1321
f 872/1450/1319 660/1452/1321 873/1453/1322
f 873/1453/1322 660/1452/1321 659/1412/1281
f 873/1453/1322 659/1412/1281 874/1414/1283
f 721/1454/1323 720/1455/1324 1007/1438/1307
f 1007/1438/1307 720/1455/1324 737/1396/1265
f 797/1400/1269 744/1398/1267 798/1456/1325
f 798/1456/1325 744/1398/1267 743/1457/1326
f 798/1456/1325 743/1457/1326 799/1458/1327
f 799/1458/1327 743/1457/1326 742/1459/1328
f 799/1458/1327 742/1459/1328 800/1460/1329
f 800/1460/1329 742/1459/1328 741/1461/1330
f 800/1460/1329 741/1461/1330 801/1462/1331
f 801/1462/1331 741/1461/1330 740/1463/1332
f 801/1462/1331 740/1463/1332 794/1464/1333
f 794/1464/1333 740/1463/1332 739/1465/1334
f 794/1464/1333 739/1465/1334 777/1466/1335
f 777/1466/1335 739/1465/1334 756/1467/1336
f 777/1466/1335 756/1467/1336 778/1468/1337
f 778/1468/1337 756/1467/1336 762/1469/1338
f 778/1468/1337 762/1469/1338 779/1470/1339
f 779/1470/1339 762/1469/1338 761/1471/1340
f 779/1470/1339 761/1471/1340 780/1472/1341
f 780/1472/1341 761/1471/1340 760/1473/1342
f 780/1472/1341 760/1473/1342 781/1474/1343
f 781/1474/1343 760/1473/1342 759/1475/1344
f 781/1474/1343 759/1475/1344 782/1476/1345
f 782/1476/1345 759/1475/1344 758/1477/1346
f 782/1476/1345 758/1477/1346 327/1478/1347
f 327/1478/1347 758/1477/1346 698/1479/1348
f 327/1478/1347 698/1479/1348 697/1480/1349
f 697/1480/1349 706/1481/1350 327/1478/1347
f 327/1478/1347 706/1481/1350 705/1482/1351
f 327/1478/1347 705/1482/1351 704/1483/1352
f 704/1483/1352 703/1484/1353 327/1478/1347
f 327/1478/1347 703/1484/1353 702/1485/1354
f 327/1478/1347 702/1485/1354 701/1486/1355
f 701/1486/1355 718/1487/1356 327/1478/1347
f 327/1478/1347 718/1487/1356 1007/1438/1307
f 1007/1438/1307 718/1487/1356 725/1488/1357
f 1007/1438/1307 725/1488/1357 724/1489/1358
f 724/1489/1358 723/1490/1359 1007/1438/1307
f 1007/1438/1307 723/1490/1359 722/1491/1360
f 1007/1438/1307 722/1491/1360 721/1454/1323
f 326/1435/1304 773/1437/1306 327/1478/1347
f 327/1478/1347 773/1437/1306 782/1476/1345
f 872/1450/1319 889/1492/1361 1004/1444/1313
f 1004/1444/1313 889/1492/1361 896/1493/1362
f 1004/1444/1313 896/1493/1362 895/1494/1363
f 895/1494/1363 894/1495/1364 1004/1444/1313
f 1004/1444/1313 894/1495/1364 893/1496/1365
f 1004/1444/1313 893/1496/1365 892/1497/1366
f 892/1497/1366 891/1498/1367 1004/1444/1313
f 1004/1444/1313 891/1498/1367 326/1435/1304
f 326/1435/1304 891/1498/1367 908/1499/1368
f 326/1435/1304 908/1499/1368 914/1500/1369
f 914/1500/1369 913/1501/1370 326/1435/1304
f 326/1435/1304 913/1501/1370 912/1502/1371
f 326/1435/1304 912/1502/1371 911/1503/1372
f 911/1503/1372 910/1504/1373 326/1435/1304
f 326/1435/1304 910/1504/1373 850/1505/1374
f 326/1435/1304 850/1505/1374 849/1506/1375
f 849/1506/1375 858/1433/1302 326/1435/1304
f 1007/1507/1376 1006/1508/1377 327/1509/1378
f 327/1509/1378 1006/1508/1377 324/1510/1379
f 1006/1511/1380 1005/1512/1381 324/1513/1382
f 324/1513/1382 1005/1512/1381 325/1514/1383
f 1/1515/264 172/1516/266 323/1517/486
f 323/1517/486 172/1516/266 338/1518/464
f 929/1519/1384 645/1520/1385 930/1521/1386
f 930/1521/1386 645/1520/1385 648/1522/1387
f 930/1521/1386 648/1522/1387 1027/1523/1388
f 1027/1523/1388 648/1522/1387 1028/1524/1389
f 1028/1524/1389 648/1522/1387 1029/1525/1390
f 1029/1525/1390 648/1522/1387 1030/1526/1391
f 1030/1526/1391 648/1522/1387 1031/1527/1392
f 1031/1527/1392 648/1522/1387 1032/1528/1393
f 929/1519/1384 928/1529/1394 645/1520/1385
f 645/1520/1385 928/1529/1394 927/1530/1395
f 645/1520/1385 927/1530/1395 926/1531/1396
f 926/1531/1396 925/1532/1397 645/1520/1385
f 1009/1533/1398 1008/1534/1399 1027/1523/1388
f 1027/1523/1388 1008/1534/1399 930/1521/1386
f 931/1535/1008 930/1536/1007 942/1537/1014
f 942/1537/1014 930/1536/1007 1008/1538/1400
g Body2

v -2.132067 -2.050108 -1.700000
v -2.132067 -2.056923 -1.648236
v -2.132067 -2.076903 -1.600000
v -2.132067 -2.108687 -1.558579
v -2.132067 -2.150108 -1.526795
v -2.132067 -2.198345 -1.506815
v -2.132067 -2.250108 -1.500000
v 1.993778 -2.250108 -1.500000
v 1.993778 -2.198345 -1.506815
v 1.993778 -2.150108 -1.526795
v 1.993778 -2.108687 -1.558579
v 1.993778 -2.076903 -1.600000
v 1.993778 -2.056923 -1.648236
v 1.993778 -2.050108 -1.700000
v -1.100606 -2.056923 -1.648236
v -0.069145 -2.056923 -1.648236
v 0.962317 -2.056923 -1.648236
v -1.100606 -2.076903 -1.600000
v -0.069145 -2.076903 -1.600000
v 0.962317 -2.076903 -1.600000
v -1.100606 -2.108687 -1.558579
v -0.069145 -2.108687 -1.558579
v 0.962317 -2.108687 -1.558579
v -1.100606 -2.150108 -1.526795
v -0.069145 -2.150108 -1.526795
v 0.962317 -2.150108 -1.526795
v -1.100606 -2.198345 -1.506815
v -0.069145 -2.198345 -1.506815
v 0.962317 -2.198345 -1.506815
v -2.132067 -2.570451 -1.500000
v -2.133330 -2.570451 -1.500000
v -2.133330 -5.357648 -1.500000
v -1.479397 -5.357648 -1.500000
v -1.479397 -2.570451 -1.500000
v 1.079044 -2.570451 -1.500000
v 1.079044 -5.400000 -1.500000
v 2.000000 -5.400000 -1.500000
v 2.000000 -2.570451 -1.500000
v 1.993778 -2.570451 -1.500000
v -2.132067 -2.050108 -2.000000
v -2.132067 -2.570451 -2.000000
v -1.479397 -5.357648 -2.000000
v -1.479397 -2.570451 -2.000000
v -2.133330 -5.357648 -2.000000
v -2.133330 -2.570451 -2.000000
v 1.993778 -2.050108 -2.000000
v 1.993778 -2.570451 -2.000000
v 2.000000 -2.570451 -2.000000
v 2.000000 -5.400000 -2.000000
v 1.079044 -5.400000 -2.000000
v 1.079044 -2.570451 -2.000000
vt -3.094384 0.104720 0.000000
vt -2.062923 0.104720 0.000000
vt -3.094384 0.157080 0.000000
vt -1.031461 0.104720 0.000000
vt 1.031461 0.157080 0.000000
vt 0.000000 0.104720 0.000000
vt 1.031461 0.104720 0.000000
vt 1.031461 0.052360 0.000000
vt 0.000000 0.052360 0.000000
vt 1.031461 0.000000 0.000000
vt 0.000000 0.000000 0.000000
vt 1.031461 -0.052360 0.000000
vt 0.000000 -0.052360 0.000000
vt 1.031461 -0.104720 0.000000
vt 0.000000 -0.104720 0.000000
vt 1.031461 -0.157080 0.000000
vt -1.031461 -0.104720 0.000000
vt -3.094384 -0.157080 0.000000
vt -2.062923 -0.104720 0.000000
vt -3.094384 -0.104720 0.000000
vt -3.094384 -0.052360 0.000000
vt -2.062923 -0.052360 0.000000
vt -3.094384 0.000000 0.000000
vt -2.062923 0.000000 0.000000
vt -3.094384 0.052360 0.000000
vt -2.062923 0.052360 0.000000
vt -1.031461 0.052360 0.000000
vt -1.031461 0.000000 0.000000
vt -1.031461 -0.052360 0.000000
vt 2.062923 -0.260171 0.000000
vt 2.062923 0.060171 0.000000
vt 1.148189 -0.260171 0.000000
vt -2.062923 0.060171 0.000000
vt -1.410252 -0.260171 0.000000
vt -2.062923 -0.260171 0.000000
vt -1.410252 -3.047368 0.000000
vt -2.064185 -3.047368 0.000000
vt -2.064185 -0.260171 0.000000
vt 1.148189 -3.089720 0.000000
vt 2.069145 -3.089720 0.000000
vt 2.069145 -0.260171 0.000000
vt 0.148236 0.493185 0.000000
vt 0.100000 0.473205 0.000000
vt 0.200000 0.500000 0.000000
vt 0.058579 0.441421 0.000000
vt 0.026795 0.400000 0.000000
vt 0.006815 0.351764 0.000000
vt -0.000000 0.300000 0.000000
vt 0.520343 0.000000 0.000000
vt -0.000000 0.000000 0.000000
vt 0.520343 0.500000 0.000000
vt 0.000000 0.000000 0.000000
vt 2.787197 0.000000 0.000000
vt 0.000000 0.500000 0.000000
vt 2.787197 0.500000 0.000000
vt 0.000000 0.000000 0.000000
vt 0.653933 0.000000 0.000000
vt 0.000000 0.500000 0.000000
vt 0.653933 0.500000 0.000000
vt -0.000000 0.000000 0.000000
vt 2.787197 0.000000 0.000000
vt -0.000000 0.500000 0.000000
vt 2.787197 0.500000 0.000000
vt -0.000000 0.000000 0.000000
vt 0.001262 0.000000 0.000000
vt -0.000000 0.500000 0.000000
vt 0.001262 0.500000 0.000000
vt 4.125845 0.300000 0.000000
vt 0.000000 0.300000 0.000000
vt 4.125845 0.000000 0.000000
vt 0.000000 0.000000 0.000000
vt 0.513528 0.351764 0.000000
vt 0.320343 0.500000 0.000000
vt 0.520343 0.300000 0.000000
vt 0.000000 0.000000 0.000000
vt 0.520343 0.000000 0.000000
vt 0.493548 0.400000 0.000000
vt 0.461764 0.441421 0.000000
vt 0.420343 0.473205 0.000000
vt 0.372106 0.493185 0.000000
vt 0.000000 0.500000 0.000000
vt -0.000000 0.000000 0.000000
vt 0.006222 0.000000 0.000000
vt -0.000000 0.500000 0.000000
vt 0.006222 0.500000 0.000000
vt 0.000000 0.000000 0.000000
vt 2.829549 0.000000 0.000000
vt 0.000000 0.500000 0.000000
vt 2.829549 0.500000 0.000000
vt 0.000000 0.000000 0.000000
vt 0.920956 0.000000 0.000000
vt 0.000000 0.500000 0.000000
vt 0.920956 0.500000 0.000000
vt -0.000000 0.000000 0.000000
vt 2.829549 0.000000 0.000000
vt -0.000000 0.500000 0.000000
vt 2.829549 0.500000 0.000000
vt -0.000000 0.000000 0.000000
vt 2.558441 0.000000 0.000000
vt -0.000000 0.500000 0.000000
vt 2.558441 0.500000 0.000000
vt 1.410252 -0.260171 0.000000
vt 2.062923 0.260171 0.000000
vt -1.148189 -0.260171 0.000000
vt -2.062923 0.260171 0.000000
vt -2.062923 -0.260171 0.000000
vt 2.062923 -0.260171 0.000000
vt 1.410252 -3.047368 0.000000
vt 2.064185 -3.047368 0.000000
vt 2.064185 -0.260171 0.000000
vt -2.069145 -0.260171 0.000000
vt -2.069145 -3.089720 0.000000
vt -1.148189 -3.089720 0.000000
vn 0.000000 0.965926 0.258819
vn 0.000000 0.965926 0.258819
vn 0.000000 1.000000 0.000000
vn 0.000000 0.965926 0.258819
vn 0.000000 1.000000 0.000000
vn 0.000000 0.965926 0.258819
vn 0.000000 0.965926 0.258819
vn 0.000000 0.866025 0.500000
vn 0.000000 0.866025 0.500000
vn 0.000000 0.707107 0.707107
vn 0.000000 0.707107 0.707107
vn 0.000000 0.500000 0.866025
vn 0.000000 0.500000 0.866025
vn 0.000000 0.258819 0.965926
vn 0.000000 0.258819 0.965926
vn -0.000000 -0.000000 1.000000
vn 0.000000 0.258819 0.965926
vn -0.000000 -0.000000 1.000000
vn 0.000000 0.258819 0.965926
vn 0.000000 0.258819 0.965926
vn 0.000000 0.500000 0.866025
vn 0.000000 0.500000 0.866025
vn 0.000000 0.707107 0.707107
vn 0.000000 0.707107 0.707107
vn 0.000000 0.866025 0.500000
vn 0.000000 0.866025 0.500000
vn 0.000000 0.866025 0.500000
vn 0.000000 0.707107 0.707107
vn 0.000000 0.500000 0.866025
vn 0.000000 0.000000 1.000000
vn 0.000000 0.000000 1.000000
vn 0.000000 0.000000 1.000000
vn 0.000000 0.000000 1.000000
vn 0.000000 0.000000 1.000000
vn 0.000000 0.000000 1.000000
vn 0.000000 0.000000 1.000000
vn 0.000000 0.000000 1.000000
vn 0.000000 0.000000 1.000000
vn 0.000000 0.000000 1.000000
vn -1.000000 0.000000 0.000000
vn -1.000000 0.000000 0.000000
vn -1.000000 0.000000 0.000000
vn -1.000000 0.000000 0.000000
vn -1.000000 0.000000 0.000000
vn -1.000000 0.000000 0.000000
vn -1.000000 0.000000 0.000000
vn -1.000000 0.000000 0.000000
vn -1.000000 0.000000 0.000000
vn -1.000000 0.000000 0.000000
vn 1.000000 0.000000 0.000000
vn 1.000000 0.000000 0.000000
vn 1.000000 0.000000 0.000000
vn 1.000000 0.000000 0.000000
vn 0.000000 -1.000000 0.000000
vn 0.000000 -1.000000 0.000000
vn 0.000000 -1.000000 0.000000
vn 0.000000 -1.000000 0.000000
vn -1.000000 0.000000 0.000000
vn -1.000000 0.000000 0.000000
vn -1.000000 0.000000 0.000000
vn -1.000000 0.000000 0.000000
vn 0.000000 1.000000 0.000000
vn 0.000000 1.000000 0.000000
vn 0.000000 1.000000 0.000000
vn 0.000000 1.000000 0.000000
vn 0.000000 1.000000 0.000000
vn 0.000000 1.000000 0.000000
vn 1.000000 0.000000 0.000000
vn 1.000000 0.000000 0.000000
vn 1.000000 0.000000 0.000000
vn 1.000000 0.000000 0.000000
vn 1.000000 0.000000 0.000000
vn 1.000000 0.000000 0.000000
vn 1.000000 0.000000 0.000000
vn 1.000000 0.000000 0.000000
vn 1.000000 0.000000 0.000000
vn 1.000000 0.000000 0.000000
vn 0.000000 1.000000 0.000000
vn 0.000000 1.000000 0.000000
vn 0.000000 1.000000 0.000000
vn 0.000000 1.000000 0.000000
vn 1.000000 0.000000 0.000000
vn 1.000000 0.000000 0.000000
vn 1.000000 0.000000 0.000000
vn 1.000000 0.000000 0.000000
vn 0.000000 -1.000000 0.000000
vn 0.000000 -1.000000 0.000000
vn 0.000000 -1.000000 0.000000
vn 0.000000 -1.000000 0.000000
vn -1.000000 0.000000 0.000000
vn -1.000000 0.000000 0.000000
vn -1.000000 0.000000 0.000000
vn -1.000000 0.000000 0.000000
vn 0.000000 -1.000000 0.000000
vn 0.000000 -1.000000 0.000000
vn 0.000000 -1.000000 0.000000
vn 0.000000 -1.000000 0.000000
vn -0.000000 -0.000000 -1.000000
vn -0.000000 -0.000000 -1.000000
vn -0.000000 -0.000000 -1.000000
vn -0.000000 -0.000000 -1.000000
vn -0.000000 -0.000000 -1.000000
vn -0.000000 -0.000000 -1.000000
vn -0.000000 -0.000000 -1.000000
vn -0.000000 -0.000000 -1.000000
vn -0.000000 -0.000000 -1.000000
vn -0.000000 -0.000000 -1.000000
vn -0.000000 -0.000000 -1.000000
vn -0.000000 -0.000000 -1.000000
f 1066/1539/1401 1079/1540/1402 1065/1541/1403
f 1065/1541/1403 1079/1540/1402 1080/1542/1404
f 1065/1541/1403 1080/1542/1404 1078/1543/1405
f 1078/1543/1405 1080/1542/1404 1081/1544/1406
f 1078/1543/1405 1081/1544/1406 1077/1545/1407
f 1077/1545/1407 1081/1544/1406 1076/1546/1408
f 1076/1546/1408 1081/1544/1406 1084/1547/1409
f 1076/1546/1408 1084/1547/1409 1075/1548/1410
f 1075/1548/1410 1084/1547/1409 1087/1549/1411
f 1075/1548/1410 1087/1549/1411 1074/1550/1412
f 1074/1550/1412 1087/1549/1411 1090/1551/1413
f 1074/1550/1412 1090/1551/1413 1073/1552/1414
f 1073/1552/1414 1090/1551/1413 1093/1553/1415
f 1073/1552/1414 1093/1553/1415 1072/1554/1416
f 1072/1554/1416 1093/1553/1415 1092/1555/1417
f 1072/1554/1416 1092/1555/1417 1071/1556/1418
f 1071/1556/1418 1092/1555/1417 1091/1557/1419
f 1071/1556/1418 1091/1557/1419 1070/1558/1420
f 1070/1558/1420 1091/1557/1419 1069/1559/1421
f 1069/1559/1421 1091/1557/1419 1088/1560/1422
f 1069/1559/1421 1088/1560/1422 1068/1561/1423
f 1068/1561/1423 1088/1560/1422 1085/1562/1424
f 1068/1561/1423 1085/1562/1424 1067/1563/1425
f 1067/1563/1425 1085/1562/1424 1082/1564/1426
f 1067/1563/1425 1082/1564/1426 1066/1539/1401
f 1066/1539/1401 1082/1564/1426 1079/1540/1402
f 1084/1547/1409 1081/1544/1406 1080/1542/1404
f 1080/1542/1404 1079/1540/1402 1083/1565/1427
f 1083/1565/1427 1079/1540/1402 1082/1564/1426
f 1083/1565/1427 1082/1564/1426 1086/1566/1428
f 1086/1566/1428 1082/1564/1426 1085/1562/1424
f 1086/1566/1428 1085/1562/1424 1089/1567/1429
f 1089/1567/1429 1085/1562/1424 1088/1560/1422
f 1089/1567/1429 1088/1560/1422 1092/1555/1417
f 1092/1555/1417 1088/1560/1422 1091/1557/1419
f 1087/1549/1411 1084/1547/1409 1083/1565/1427
f 1083/1565/1427 1084/1547/1409 1080/1542/1404
f 1087/1549/1411 1083/1565/1427 1086/1566/1428
f 1090/1551/1413 1087/1549/1411 1086/1566/1428
f 1090/1551/1413 1086/1566/1428 1089/1567/1429
f 1093/1553/1415 1090/1551/1413 1089/1567/1429
f 1093/1553/1415 1089/1567/1429 1092/1555/1417
f 1103/1568/1430 1072/1569/1416 1099/1570/1431
f 1099/1570/1431 1072/1569/1416 1071/1571/1418
f 1099/1570/1431 1071/1571/1418 1098/1572/1432
f 1098/1572/1432 1071/1571/1418 1094/1573/1433
f 1098/1572/1432 1094/1573/1433 1097/1574/1434
f 1097/1574/1434 1094/1573/1433 1096/1575/1435
f 1096/1575/1435 1094/1573/1433 1095/1576/1436
f 1099/1570/1431 1100/1577/1437 1103/1568/1430
f 1103/1568/1430 1100/1577/1437 1101/1578/1438
f 1103/1568/1430 1101/1578/1438 1102/1579/1439
f 1070/1580/1440 1069/1581/1441 1071/1582/1442
f 1071/1582/1442 1069/1581/1441 1068/1583/1443
f 1071/1582/1442 1068/1583/1443 1067/1584/1444
f 1067/1584/1444 1066/1585/1445 1071/1582/1442
f 1071/1582/1442 1066/1585/1445 1065/1586/1446
f 1071/1582/1442 1065/1586/1446 1105/1587/1447
f 1105/1587/1447 1065/1586/1446 1104/1588/1448
f 1105/1587/1447 1094/1589/1449 1071/1582/1442
f 1106/1590/1450 1107/1591/1451 1097/1592/1452
f 1097/1592/1452 1107/1591/1451 1098/1593/1453
f 1108/1594/1454 1106/1595/1455 1096/1596/1456
f 1096/1596/1456 1106/1595/1455 1097/1597/1457
f 1109/1598/1458 1108/1599/1459 1095/1600/1460
f 1095/1600/1460 1108/1599/1459 1096/1601/1461
f 1105/1602/1462 1109/1603/1463 1094/1604/1464
f 1094/1604/1464 1109/1603/1463 1095/1605/1465
f 1065/1606/1403 1078/1607/1405 1104/1608/1466
f 1104/1608/1466 1078/1607/1405 1110/1609/1467
f 1077/1610/1468 1072/1611/1469 1078/1612/1470
f 1078/1612/1470 1072/1611/1469 1111/1613/1471
f 1078/1612/1470 1111/1613/1471 1110/1614/1472
f 1077/1610/1468 1076/1615/1473 1072/1611/1469
f 1072/1611/1469 1076/1615/1473 1075/1616/1474
f 1072/1611/1469 1075/1616/1474 1074/1617/1475
f 1074/1617/1475 1073/1618/1476 1072/1611/1469
f 1072/1611/1469 1103/1619/1477 1111/1613/1471
f 1112/1620/1478 1111/1621/1479 1102/1622/1480
f 1102/1622/1480 1111/1621/1479 1103/1623/1481
f 1113/1624/1482 1112/1625/1483 1101/1626/1484
f 1101/1626/1484 1112/1625/1483 1102/1627/1485
f 1114/1628/1486 1113/1629/1487 1100/1630/1488
f 1100/1630/1488 1113/1629/1487 1101/1631/1489
f 1115/1632/1490 1114/1633/1491 1099/1634/1492
f 1099/1634/1492 1114/1633/1491 1100/1635/1493
f 1107/1636/1494 1115/1637/1495 1098/1638/1496
f 1098/1638/1496 1115/1637/1495 1099/1639/1497
f 1107/1640/1498 1104/1641/1499 1115/1642/1500
f 1115/1642/1500 1104/1641/1499 1110/1643/1501
f 1115/1642/1500 1110/1643/1501 1111/1644/1502
f 1104/1641/1499 1107/1640/1498 1105/1645/1503
f 1105/1645/1503 1107/1640/1498 1106/1646/1504
f 1105/1645/1503 1106/1646/1504 1108/1647/1505
f 1108/1647/1505 1109/1648/1506 1105/1645/1503
f 1112/1649/1507 1113/1650/1508 1111/1644/1502
f 1111/1644/1502 1113/1650/1508 1114/1651/1509
f 1111/1644/1502 1114/1651/1509 1115/1642/1500
g Body4

v 2.700000 -12.700000 -2.550000
v -2.900000 -12.700000 -2.550000
v -2.900241 -12.700241 -2.545099
v -2.900961 -12.700961 -2.540246
v -2.903806 -12.703806 -2.530866
v -2.908427 -12.708427 -2.522222
v -2.914645 -12.714645 -2.514645
v -2.922222 -12.722221 -2.508427
v -2.930866 -12.730866 -2.503806
v -2.940246 -12.740245 -2.500961
v -2.950000 -12.750000 -2.500000
v 2.750000 -12.750000 -2.500000
v 2.740245 -12.740245 -2.500961
v 2.730866 -12.730866 -2.503806
v 2.722221 -12.722221 -2.508427
v 2.714645 -12.714645 -2.514645
v 2.708426 -12.708427 -2.522222
v 2.703806 -12.703806 -2.530866
v 2.700961 -12.700961 -2.540246
v 2.700241 -12.700241 -2.545099
v -2.678571 -12.701704 -2.537059
v -2.407143 -12.701704 -2.537059
v -2.135714 -12.701704 -2.537059
v -1.864286 -12.701704 -2.537059
v -1.592857 -12.701704 -2.537059
v -1.321429 -12.701704 -2.537059
v -1.050000 -12.701704 -2.537059
v -0.778571 -12.701704 -2.537059
v -0.507143 -12.701704 -2.537059
v -0.235714 -12.701704 -2.537059
v 0.035714 -12.701704 -2.537059
v 0.307143 -12.701704 -2.537059
v 0.578571 -12.701704 -2.537059
v 0.850000 -12.701704 -2.537059
v 1.121429 -12.701704 -2.537059
v 1.392857 -12.701704 -2.537059
v 1.664286 -12.701704 -2.537059
v 1.935714 -12.701704 -2.537059
v 2.207143 -12.701704 -2.537059
v 2.478571 -12.701704 -2.537059
v -2.678571 -12.706699 -2.525000
v -2.407143 -12.706699 -2.525000
v -2.135714 -12.706699 -2.525000
v -1.864286 -12.706699 -2.525000
v -1.592857 -12.706699 -2.525000
v -1.321429 -12.706699 -2.525000
v -1.050000 -12.706699 -2.525000
v -0.778571 -12.706699 -2.525000
v -0.507143 -12.706699 -2.525000
v -0.235714 -12.706699 -2.525000
v 0.035714 -12.706699 -2.525000
v 0.307143 -12.706699 -2.525000
v 0.578571 -12.706699 -2.525000
v 0.850000 -12.706699 -2.525000
v 1.121429 -12.706699 -2.525000
v 1.392857 -12.706699 -2.525000
v 1.664286 -12.706699 -2.525000
v 1.935714 -12.706699 -2.525000
v 2.207143 -12.706699 -2.525000
v 2.478571 -12.706699 -2.525000
v -2.678571 -12.714645 -2.514645
v -2.407143 -12.714645 -2.514645
v -2.135714 -12.714645 -2.514645
v -1.864286 -12.714645 -2.514645
v -1.592857 -12.714645 -2.514645
v -1.321429 -12.714645 -2.514645
v -1.050000 -12.714645 -2.514645
v -0.778571 -12.714645 -2.514645
v -0.507143 -12.714645 -2.514645
v -0.235714 -12.714645 -2.514645
v 0.035714 -12.714645 -2.514645
v 0.307143 -12.714645 -2.514645
v 0.578571 -12.714645 -2.514645
v 0.850000 -12.714645 -2.514645
v 1.121429 -12.714645 -2.514645
v 1.392857 -12.714645 -2.514645
v 1.664286 -12.714645 -2.514645
v 1.935714 -12.714645 -2.514645
v 2.207143 -12.714645 -2.514645
v 2.478571 -12.714645 -2.514645
v -2.678571 -12.725000 -2.506699
v -2.407143 -12.725000 -2.506699
v -2.135714 -12.725000 -2.506699
v -1.864286 -12.725000 -2.506699
v -1.592857 -12.725000 -2.506699
v -1.321429 -12.725000 -2.506699
v -1.050000 -12.725000 -2.506699
v -0.778571 -12.725000 -2.506699
v -0.507143 -12.725000 -2.506699
v -0.235714 -12.725000 -2.506699
v 0.035714 -12.725000 -2.506699
v 0.307143 -12.725000 -2.506699
v 0.578571 -12.725000 -2.506699
v 0.850000 -12.725000 -2.506699
v 1.121429 -12.725000 -2.506699
v 1.392857 -12.725000 -2.506699
v 1.664286 -12.725000 -2.506699
v 1.935714 -12.725000 -2.506699
v 2.207143 -12.725000 -2.506699
v 2.478571 -12.725000 -2.506699
v -2.678571 -12.737059 -2.501704
v -2.407143 -12.737059 -2.501704
v -2.135714 -12.737059 -2.501704
v -1.864286 -12.737059 -2.501704
v -1.592857 -12.737059 -2.501704
v -1.321429 -12.737059 -2.501704
v -1.050000 -12.737059 -2.501704
v -0.778571 -12.737059 -2.501704
v -0.507143 -12.737059 -2.501704
v -0.235714 -12.737059 -2.501704
v 0.035714 -12.737059 -2.501704
v 0.307143 -12.737059 -2.501704
v 0.578571 -12.737059 -2.501704
v 0.850000 -12.737059 -2.501704
v 1.121429 -12.737059 -2.501704
v 1.392857 -12.737059 -2.501704
v 1.664286 -12.737059 -2.501704
v 1.935714 -12.737059 -2.501704
v 2.207143 -12.737059 -2.501704
v 2.478571 -12.737059 -2.501704
v 2.750000 -12.450000 -2.500000
v 2.740245 -12.459754 -2.500961
v 2.730866 -12.469134 -2.503806
v 2.722221 -12.477778 -2.508427
v 2.714645 -12.485355 -2.514645
v 2.708426 -12.491573 -2.522222
v 2.703806 -12.496194 -2.530866
v 2.700961 -12.499039 -2.540246
v 2.700241 -12.499759 -2.545099
v 2.700000 -12.500000 -2.550000
v 0.301259 -12.450000 -2.500000
v 0.291504 -12.459754 -2.500961
v 0.282124 -12.469134 -2.503806
v 0.273480 -12.477778 -2.508427
v 0.265903 -12.485355 -2.514645
v 0.259685 -12.491573 -2.522222
v 0.255065 -12.496194 -2.530866
v 0.252219 -12.499039 -2.540246
v 0.251499 -12.499759 -2.545099
v 0.251259 -12.500000 -2.550000
v 0.528896 -12.462941 -2.501704
v 0.806534 -12.462941 -2.501704
v 1.084172 -12.462941 -2.501704
v 1.361810 -12.462941 -2.501704
v 1.639448 -12.462941 -2.501704
v 1.917086 -12.462941 -2.501704
v 2.194724 -12.462941 -2.501704
v 2.472362 -12.462941 -2.501704
v 0.528896 -12.475000 -2.506699
v 0.806534 -12.475000 -2.506699
v 1.084172 -12.475000 -2.506699
v 1.361810 -12.475000 -2.506699
v 1.639448 -12.475000 -2.506699
v 1.917086 -12.475000 -2.506699
v 2.194724 -12.475000 -2.506699
v 2.472362 -12.475000 -2.506699
v 0.528896 -12.485355 -2.514645
v 0.806534 -12.485355 -2.514645
v 1.084172 -12.485355 -2.514645
v 1.361810 -12.485355 -2.514645
v 1.639448 -12.485355 -2.514645
v 1.917086 -12.485355 -2.514645
v 2.194724 -12.485355 -2.514645
v 2.472362 -12.485355 -2.514645
v 0.528896 -12.493301 -2.525000
v 0.806534 -12.493301 -2.525000
v 1.084172 -12.493301 -2.525000
v 1.361810 -12.493301 -2.525000
v 1.639448 -12.493301 -2.525000
v 1.917086 -12.493301 -2.525000
v 2.194724 -12.493301 -2.525000
v 2.472362 -12.493301 -2.525000
v 0.528896 -12.498296 -2.537059
v 0.806534 -12.498296 -2.537059
v 1.084172 -12.498296 -2.537059
v 1.361810 -12.498296 -2.537059
v 1.639448 -12.498296 -2.537059
v 1.917086 -12.498296 -2.537059
v 2.194724 -12.498296 -2.537059
v 2.472362 -12.498296 -2.537059
v 0.301259 -12.227653 -2.500000
v 0.291504 -12.237408 -2.500961
v 0.282124 -12.246788 -2.503806
v 0.273480 -12.255432 -2.508427
v 0.265903 -12.263009 -2.514645
v 0.259685 -12.269227 -2.522222
v 0.255065 -12.273847 -2.530866
v 0.252219 -12.276693 -2.540246
v 0.251499 -12.277413 -2.545099
v 0.251259 -12.277653 -2.550000
v -0.666713 -12.500000 -2.550000
v -0.666713 -12.277653 -2.550000
v -0.666954 -12.277413 -2.545099
v -0.667674 -12.276693 -2.540246
v -0.670519 -12.273847 -2.530866
v -0.675140 -12.269227 -2.522222
v -0.681358 -12.263009 -2.514645
v -0.688935 -12.255432 -2.508427
v -0.697579 -12.246788 -2.503806
v -0.706959 -12.237408 -2.500961
v -0.716713 -12.227653 -2.500000
v -0.716713 -12.450000 -2.500000
v -0.706959 -12.459754 -2.500961
v -0.697579 -12.469134 -2.503806
v -0.688935 -12.477778 -2.508427
v -0.681358 -12.485355 -2.514645
v -0.675140 -12.491573 -2.522222
v -0.670519 -12.496194 -2.530866
v -0.667674 -12.499039 -2.540246
v -0.666954 -12.499759 -2.545099
v -0.462220 -12.240594 -2.501704
v -0.207727 -12.240594 -2.501704
v 0.046766 -12.240594 -2.501704
v -0.462220 -12.252653 -2.506699
v -0.207727 -12.252653 -2.506699
v 0.046766 -12.252653 -2.506699
v -0.462220 -12.263009 -2.514645
v -0.207727 -12.263009 -2.514645
v 0.046766 -12.263009 -2.514645
v -0.462220 -12.270955 -2.525000
v -0.207727 -12.270955 -2.525000
v 0.046766 -12.270955 -2.525000
v -0.462220 -12.275950 -2.537059
v -0.207727 -12.275950 -2.537059
v 0.046766 -12.275950 -2.537059
v -2.900000 -12.500000 -2.550000
v -2.950000 -12.450000 -2.500000
v -2.940246 -12.459754 -2.500961
v -2.930866 -12.469134 -2.503806
v -2.922222 -12.477778 -2.508427
v -2.914645 -12.485355 -2.514645
v -2.908427 -12.491573 -2.522222
v -2.903806 -12.496194 -2.530866
v -2.900961 -12.499039 -2.540246
v -2.900241 -12.499759 -2.545099
v -0.920412 -12.498296 -2.537059
v -1.174110 -12.498296 -2.537059
v -1.427809 -12.498296 -2.537059
v -1.681507 -12.498296 -2.537059
v -1.935206 -12.498296 -2.537059
v -2.188904 -12.498296 -2.537059
v -2.442603 -12.498296 -2.537059
v -2.696302 -12.498296 -2.537059
v -0.920412 -12.493301 -2.525000
v -1.174110 -12.493301 -2.525000
v -1.427809 -12.493301 -2.525000
v -1.681507 -12.493301 -2.525000
v -1.935206 -12.493301 -2.525000
v -2.188904 -12.493301 -2.525000
v -2.442603 -12.493301 -2.525000
v -2.696302 -12.493301 -2.525000
v -0.920412 -12.485355 -2.514645
v -1.174110 -12.485355 -2.514645
v -1.427809 -12.485355 -2.514645
v -1.681507 -12.485355 -2.514645
v -1.935206 -12.485355 -2.514645
v -2.188904 -12.485355 -2.514645
v -2.442603 -12.485355 -2.514645
v -2.696302 -12.485355 -2.514645
v -0.920412 -12.475000 -2.506699
v -1.174110 -12.475000 -2.506699
v -1.427809 -12.475000 -2.506699
v -1.681507 -12.475000 -2.506699
v -1.935206 -12.475000 -2.506699
v -2.188904 -12.475000 -2.506699
v -2.442603 -12.475000 -2.506699
v -2.696302 -12.475000 -2.506699
v -0.920412 -12.462941 -2.501704
v -1.174110 -12.462941 -2.501704
v -1.427809 -12.462941 -2.501704
v -1.681507 -12.462941 -2.501704
v -1.935206 -12.462941 -2.501704
v -2.188904 -12.462941 -2.501704
v -2.442603 -12.462941 -2.501704
v -2.696302 -12.462941 -2.501704
v 0.251259 -12.500000 -2.700000
v 2.700000 -12.500000 -2.700000
v 0.251259 -12.277653 -2.700000
v -0.666713 -12.277653 -2.700000
v -0.666713 -12.500000 -2.700000
v -3.200000 -8.700000 -2.500000
v -3.200000 -13.200000 -2.500000
v 3.000000 -13.200000 -2.500000
v 3.000000 -8.700000 -2.500000
v 2.996593 -8.674118 -2.500000
v 2.986603 -8.650000 -2.500000
v 2.970711 -8.629289 -2.500000
v 2.950000 -8.613397 -2.500000
v 2.925882 -8.603407 -2.500000
v 2.900000 -8.600000 -2.500000
v -3.100000 -8.600000 -2.500000
v -3.125882 -8.603407 -2.500000
v -3.150000 -8.613397 -2.500000
v -3.170711 -8.629289 -2.500000
v -3.186603 -8.650000 -2.500000
v -3.196593 -8.674118 -2.500000
v 3.114877 -13.200000 -2.513376
v 3.223607 -13.200000 -2.552786
v 3.320374 -13.200000 -2.616124
v 3.400000 -13.200000 -2.700000
v 3.400000 -8.700000 -2.700000
v 3.320374 -8.700000 -2.616124
v 3.223607 -8.700000 -2.552786
v 3.114877 -8.700000 -2.513376
v 3.114877 -10.950000 -2.513376
v 3.223607 -10.950000 -2.552786
v 3.320374 -10.950000 -2.616124
v 2.900000 -8.200000 -2.700000
v 2.900000 -8.279626 -2.616124
v 2.900000 -8.376393 -2.552786
v 2.900000 -8.485123 -2.513376
v 3.382963 -8.570590 -2.700000
v 3.333013 -8.450000 -2.700000
v 3.253553 -8.346447 -2.700000
v 3.150000 -8.266987 -2.700000
v 3.029410 -8.217037 -2.700000
v 2.955614 -8.492445 -2.513376
v 2.983756 -8.387420 -2.552786
v 3.008801 -8.293950 -2.616124
v 3.007438 -8.513911 -2.513376
v 3.061803 -8.419748 -2.552786
v 3.110187 -8.335946 -2.616124
v 3.051941 -8.548059 -2.513376
v 3.128825 -8.471175 -2.552786
v 3.197249 -8.402751 -2.616124
v 3.086089 -8.592562 -2.513376
v 3.180252 -8.538197 -2.552786
v 3.264054 -8.489813 -2.616124
v 3.107555 -8.644386 -2.513376
v 3.212580 -8.616244 -2.552786
v 3.306050 -8.591199 -2.616124
v -3.100000 -8.200000 -2.700000
v -3.100000 -8.279626 -2.616124
v -3.100000 -8.376393 -2.552786
v -3.100000 -8.485123 -2.513376
v -1.100000 -8.279626 -2.616124
v 0.900000 -8.279626 -2.616124
v -1.100000 -8.376393 -2.552786
v 0.900000 -8.376393 -2.552786
v -1.100000 -8.485123 -2.513376
v 0.900000 -8.485123 -2.513376
v -3.600000 -8.700000 -2.700000
v -3.520374 -8.700000 -2.616124
v -3.423607 -8.700000 -2.552786
v -3.314877 -8.700000 -2.513376
v -3.229410 -8.217037 -2.700000
v -3.350000 -8.266987 -2.700000
v -3.453553 -8.346447 -2.700000
v -3.533013 -8.450000 -2.700000
v -3.582963 -8.570590 -2.700000
v -3.307555 -8.644386 -2.513376
v -3.412580 -8.616244 -2.552786
v -3.506050 -8.591199 -2.616124
v -3.286089 -8.592562 -2.513376
v -3.380252 -8.538197 -2.552786
v -3.464054 -8.489813 -2.616124
v -3.251941 -8.548059 -2.513376
v -3.328825 -8.471175 -2.552786
v -3.397249 -8.402751 -2.616124
v -3.207438 -8.513911 -2.513376
v -3.261803 -8.419748 -2.552786
v -3.310187 -8.335946 -2.616124
v -3.155614 -8.492445 -2.513376
v -3.183756 -8.387420 -2.552786
v -3.208801 -8.293950 -2.616124
v -3.600000 -13.200000 -2.700000
v -3.520374 -13.200000 -2.616124
v -3.423607 -13.200000 -2.552786
v -3.314877 -13.200000 -2.513376
v -3.520374 -10.950000 -2.616124
v -3.423607 -10.950000 -2.552786
v -3.314877 -10.950000 -2.513376
v -2.900000 -12.700000 -2.700000
v -3.100000 -12.700000 -2.700000
v -3.100000 -12.700000 -2.900000
v -2.900000 -12.700000 -2.900000
v 2.700000 -8.900000 -2.700000
v 2.700000 -8.900000 -2.900000
v 2.700000 -12.700000 -2.900000
v 2.700000 -12.700000 -2.700000
v -2.900000 -8.900000 -2.700000
v -2.900000 -8.900000 -2.900000
v -2.900000 -12.500000 -2.700000
v 2.900000 -12.700000 -2.700000
v 2.900000 -12.700000 -2.900000
v 2.900000 -8.700000 -2.700000
v 2.900000 -8.700000 -2.900000
v -3.100000 -8.700000 -2.700000
v -3.100000 -8.700000 -2.900000
vt 1.300000 -0.039270 0.000000
vt 1.300241 -0.034361 0.000000
vt -4.300000 -0.039270 0.000000
vt -4.300241 -0.034361 0.000000
vt -4.300961 -0.029452 0.000000
vt -2.178571 -0.026180 0.000000
vt -2.450000 -0.026180 0.000000
vt -2.450000 -0.013090 0.000000
vt -2.721429 -0.013090 0.000000
vt -2.721429 0.000000 0.000000
vt -2.992857 0.000000 0.000000
vt -2.992857 0.013090 0.000000
vt -3.264286 0.013090 0.000000
vt -3.264286 0.026180 0.000000
vt -3.535714 0.026180 0.000000
vt -4.350000 0.039270 0.000000
vt -3.807143 0.026180 0.000000
vt -4.078571 0.026180 0.000000
vt -3.807143 0.013090 0.000000
vt -4.078571 0.013090 0.000000
vt -3.807143 0.000000 0.000000
vt -4.078571 0.000000 0.000000
vt -3.807143 -0.013090 0.000000
vt -4.078571 -0.013090 0.000000
vt -3.807143 -0.026180 0.000000
vt -4.078571 -0.026180 0.000000
vt -4.303806 -0.019635 0.000000
vt -4.308427 -0.009817 0.000000
vt -4.314645 0.000000 0.000000
vt -4.322221 0.009817 0.000000
vt -4.330866 0.019635 0.000000
vt -4.340245 0.029452 0.000000
vt 1.300961 -0.029452 0.000000
vt 1.078571 -0.026180 0.000000
vt 0.807143 -0.026180 0.000000
vt 0.535714 -0.026180 0.000000
vt 0.535714 -0.013090 0.000000
vt 0.264286 -0.013090 0.000000
vt 0.264286 0.000000 0.000000
vt -0.007143 0.000000 0.000000
vt -0.007143 0.013090 0.000000
vt -0.278571 0.013090 0.000000
vt -0.278571 0.026180 0.000000
vt -0.550000 0.026180 0.000000
vt 1.340246 0.029452 0.000000
vt 1.350000 0.039270 0.000000
vt 1.303806 -0.019635 0.000000
vt 1.078571 -0.013090 0.000000
vt 0.807143 -0.013090 0.000000
vt 0.807143 0.000000 0.000000
vt 0.535714 0.000000 0.000000
vt 0.535714 0.013090 0.000000
vt 0.264286 0.013090 0.000000
vt 0.264286 0.026180 0.000000
vt -0.007143 0.026180 0.000000
vt 1.308427 -0.009817 0.000000
vt 1.078571 0.000000 0.000000
vt 0.807143 0.013090 0.000000
vt 0.535714 0.026180 0.000000
vt 1.314645 0.000000 0.000000
vt 1.322222 0.009817 0.000000
vt 1.078571 0.013090 0.000000
vt 1.330866 0.019635 0.000000
vt 1.078571 0.026180 0.000000
vt 0.807143 0.026180 0.000000
vt 0.264286 -0.026180 0.000000
vt -0.007143 -0.026180 0.000000
vt -0.278571 -0.026180 0.000000
vt -0.278571 -0.013090 0.000000
vt -0.550000 -0.013090 0.000000
vt -0.550000 0.000000 0.000000
vt -0.821429 0.000000 0.000000
vt -0.821429 0.013090 0.000000
vt -1.092857 0.013090 0.000000
vt -1.092857 0.026180 0.000000
vt -1.364286 0.026180 0.000000
vt -1.635714 0.026180 0.000000
vt -1.907143 0.026180 0.000000
vt -1.635714 0.013090 0.000000
vt -1.907143 0.013090 0.000000
vt -1.635714 0.000000 0.000000
vt -1.907143 0.000000 0.000000
vt -1.635714 -0.013090 0.000000
vt -1.907143 -0.013090 0.000000
vt -1.635714 -0.026180 0.000000
vt -1.907143 -0.026180 0.000000
vt -0.007143 -0.013090 0.000000
vt -0.550000 -0.026180 0.000000
vt -0.821429 -0.026180 0.000000
vt -1.092857 -0.026180 0.000000
vt -1.092857 -0.013090 0.000000
vt -1.364286 -0.013090 0.000000
vt -1.364286 0.000000 0.000000
vt -0.821429 -0.013090 0.000000
vt -1.364286 -0.026180 0.000000
vt -2.178571 -0.013090 0.000000
vt -2.178571 0.000000 0.000000
vt -2.178571 0.013090 0.000000
vt -2.178571 0.026180 0.000000
vt -2.721429 -0.026180 0.000000
vt -2.992857 -0.026180 0.000000
vt -3.264286 -0.026180 0.000000
vt -3.264286 -0.013090 0.000000
vt -3.535714 -0.013090 0.000000
vt -3.535714 0.000000 0.000000
vt -2.992857 -0.013090 0.000000
vt -3.535714 -0.026180 0.000000
vt -0.278571 0.000000 0.000000
vt -1.092857 0.000000 0.000000
vt -2.450000 0.000000 0.000000
vt -2.721429 0.013090 0.000000
vt -2.992857 0.026180 0.000000
vt -3.264286 0.000000 0.000000
vt -0.550000 0.013090 0.000000
vt -1.364286 0.013090 0.000000
vt -2.450000 0.013090 0.000000
vt -2.450000 0.026180 0.000000
vt -3.535714 0.013090 0.000000
vt -0.821429 0.026180 0.000000
vt -2.721429 0.026180 0.000000
vt -1.050000 -0.039270 0.000000
vt -0.750000 -0.039270 0.000000
vt -1.040245 -0.029452 0.000000
vt -0.759754 -0.029452 0.000000
vt -0.769134 -0.019635 0.000000
vt -1.030866 -0.019635 0.000000
vt -0.777778 -0.009817 0.000000
vt -1.022222 -0.009817 0.000000
vt -1.014645 -0.000000 0.000000
vt -0.785355 0.000000 0.000000
vt -1.008427 0.009817 0.000000
vt -0.791573 0.009817 0.000000
vt -0.796194 0.019635 0.000000
vt -1.003806 0.019635 0.000000
vt -0.799039 0.029452 0.000000
vt -1.000961 0.029452 0.000000
vt -1.000241 0.034361 0.000000
vt -0.799759 0.034361 0.000000
vt -1.000000 0.039270 0.000000
vt -0.800000 0.039270 0.000000
vt 1.450000 0.039270 0.000000
vt -0.998741 0.039270 0.000000
vt 1.440245 0.029452 0.000000
vt 0.617086 0.026180 0.000000
vt 0.894724 0.026180 0.000000
vt 0.894724 0.013090 0.000000
vt 1.172362 0.013090 0.000000
vt 1.172362 0.000000 0.000000
vt 1.422221 0.009817 0.000000
vt 1.414645 0.000000 0.000000
vt 1.408426 -0.009817 0.000000
vt 1.172362 -0.013090 0.000000
vt 1.403806 -0.019635 0.000000
vt 1.172362 -0.026180 0.000000
vt 1.400961 -0.029452 0.000000
vt 1.400241 -0.034361 0.000000
vt 0.894724 -0.026180 0.000000
vt 0.617086 -0.026180 0.000000
vt 0.617086 -0.013090 0.000000
vt 0.339448 -0.013090 0.000000
vt 0.339448 0.000000 0.000000
vt 0.061810 0.000000 0.000000
vt 0.061810 0.013090 0.000000
vt -0.215828 0.013090 0.000000
vt -0.215828 0.026180 0.000000
vt -0.493466 0.026180 0.000000
vt -0.771104 0.026180 0.000000
vt -1.008496 0.029452 0.000000
vt -1.017876 0.019635 0.000000
vt -0.771104 0.013090 0.000000
vt -1.026520 0.009817 0.000000
vt -0.771104 0.000000 0.000000
vt -1.034097 0.000000 0.000000
vt -1.040315 -0.009817 0.000000
vt -0.771104 -0.013090 0.000000
vt -1.044935 -0.019635 0.000000
vt -0.771104 -0.026180 0.000000
vt -1.047781 -0.029452 0.000000
vt -0.493466 -0.026180 0.000000
vt -0.215828 -0.026180 0.000000
vt -0.493466 -0.013090 0.000000
vt -0.215828 -0.013090 0.000000
vt -0.493466 0.000000 0.000000
vt -0.215828 0.000000 0.000000
vt -0.493466 0.013090 0.000000
vt -1.048501 -0.034361 0.000000
vt 1.400000 -0.039270 0.000000
vt -1.048741 -0.039270 0.000000
vt 1.430866 0.019635 0.000000
vt 1.172362 0.026180 0.000000
vt 0.061810 0.026180 0.000000
vt 0.339448 0.026180 0.000000
vt 0.617086 0.013090 0.000000
vt 0.894724 0.000000 0.000000
vt 0.339448 0.013090 0.000000
vt 0.617086 0.000000 0.000000
vt 0.061810 -0.013090 0.000000
vt 0.061810 -0.026180 0.000000
vt 0.894724 -0.013090 0.000000
vt 0.339448 -0.026180 0.000000
vt -0.627654 -0.039270 0.000000
vt -0.637408 -0.029452 0.000000
vt -0.850000 -0.039270 0.000000
vt -0.859755 -0.029452 0.000000
vt -0.646788 -0.019635 0.000000
vt -0.869134 -0.019635 0.000000
vt -0.655432 -0.009817 0.000000
vt -0.877778 -0.009817 0.000000
vt -0.663009 0.000000 0.000000
vt -0.885355 -0.000000 0.000000
vt -0.669227 0.009817 0.000000
vt -0.891573 0.009817 0.000000
vt -0.673847 0.019635 0.000000
vt -0.896194 0.019635 0.000000
vt -0.676693 0.029452 0.000000
vt -0.899039 0.029452 0.000000
vt -0.677413 0.034361 0.000000
vt -0.899759 0.034361 0.000000
vt -0.677654 0.039270 0.000000
vt -0.900000 0.039270 0.000000
vt 1.011173 0.039270 0.000000
vt 0.788827 0.039270 0.000000
vt 1.010932 0.034361 0.000000
vt 0.788586 0.034361 0.000000
vt 1.010212 0.029452 0.000000
vt 0.787866 0.029452 0.000000
vt 1.007367 0.019635 0.000000
vt 0.785021 0.019635 0.000000
vt 1.002747 0.009817 0.000000
vt 0.780400 0.009817 0.000000
vt 0.996529 -0.000000 0.000000
vt 0.774182 0.000000 0.000000
vt 0.988952 -0.009817 0.000000
vt 0.766605 -0.009817 0.000000
vt 0.980307 -0.019635 0.000000
vt 0.757961 -0.019635 0.000000
vt 0.970928 -0.029452 0.000000
vt 0.748581 -0.029452 0.000000
vt 0.961173 -0.039270 0.000000
vt 0.738827 -0.039270 0.000000
vt -0.225629 -0.039270 0.000000
vt 0.792343 -0.039270 0.000000
vt -0.215875 -0.029452 0.000000
vt 0.028864 -0.026180 0.000000
vt -0.206495 -0.019635 0.000000
vt 0.028864 -0.013090 0.000000
vt -0.197851 -0.009817 0.000000
vt 0.028864 0.000000 0.000000
vt -0.190274 0.000000 0.000000
vt -0.184056 0.009817 0.000000
vt 0.028864 0.013090 0.000000
vt -0.179435 0.019635 0.000000
vt 0.028864 0.026180 0.000000
vt -0.176590 0.029452 0.000000
vt -0.175870 0.034361 0.000000
vt -0.175629 0.039270 0.000000
vt 0.283357 0.026180 0.000000
vt 0.742583 0.034361 0.000000
vt 0.537850 0.026180 0.000000
vt 0.743303 0.029452 0.000000
vt 0.746149 0.019635 0.000000
vt 0.537850 0.013090 0.000000
vt 0.750769 0.009817 0.000000
vt 0.537850 0.000000 0.000000
vt 0.756987 0.000000 0.000000
vt 0.764564 -0.009817 0.000000
vt 0.537850 -0.013090 0.000000
vt 0.773208 -0.019635 0.000000
vt 0.537850 -0.026180 0.000000
vt 0.782588 -0.029452 0.000000
vt 0.283357 -0.026180 0.000000
vt 0.742343 0.039270 0.000000
vt 0.283357 -0.013090 0.000000
vt 0.283357 0.000000 0.000000
vt 0.283357 0.013090 0.000000
vt -2.516643 -0.039270 0.000000
vt -0.283357 -0.039270 0.000000
vt -2.516884 -0.034361 0.000000
vt -1.551849 -0.026180 0.000000
vt -1.805548 -0.026180 0.000000
vt -1.805548 -0.013090 0.000000
vt -2.059246 -0.013090 0.000000
vt -2.059246 0.000000 0.000000
vt -2.312945 0.000000 0.000000
vt -2.312945 0.013090 0.000000
vt -2.538865 0.009817 0.000000
vt -2.547509 0.019635 0.000000
vt -2.312945 0.026180 0.000000
vt -2.556889 0.029452 0.000000
vt -2.566643 0.039270 0.000000
vt -2.059246 0.026180 0.000000
vt -1.805548 0.026180 0.000000
vt -1.805548 0.013090 0.000000
vt -1.551849 0.013090 0.000000
vt -1.551849 0.000000 0.000000
vt -1.298151 0.000000 0.000000
vt -1.298151 -0.013090 0.000000
vt -1.044452 -0.013090 0.000000
vt -1.044452 -0.026180 0.000000
vt -0.790754 -0.026180 0.000000
vt -0.537055 -0.026180 0.000000
vt -0.283597 -0.034361 0.000000
vt -0.284317 -0.029452 0.000000
vt -0.287163 -0.019635 0.000000
vt -0.537055 -0.013090 0.000000
vt -0.790754 -0.013090 0.000000
vt -0.790754 0.000000 0.000000
vt -1.044452 0.000000 0.000000
vt -1.044452 0.013090 0.000000
vt -1.298151 0.013090 0.000000
vt -1.298151 0.026180 0.000000
vt -1.551849 0.026180 0.000000
vt -0.291783 -0.009817 0.000000
vt -0.537055 0.000000 0.000000
vt -0.790754 0.013090 0.000000
vt -1.044452 0.026180 0.000000
vt -0.298001 0.000000 0.000000
vt -0.305578 0.009817 0.000000
vt -0.537055 0.013090 0.000000
vt -0.314222 0.019635 0.000000
vt -0.537055 0.026180 0.000000
vt -0.323602 0.029452 0.000000
vt -0.790754 0.026180 0.000000
vt -0.333357 0.039270 0.000000
vt -2.531288 0.000000 0.000000
vt -2.525070 -0.009817 0.000000
vt -2.312945 -0.013090 0.000000
vt -2.520449 -0.019635 0.000000
vt -2.312945 -0.026180 0.000000
vt -2.517604 -0.029452 0.000000
vt -1.298151 -0.026180 0.000000
vt -1.551849 -0.013090 0.000000
vt -2.059246 -0.026180 0.000000
vt -1.805548 0.000000 0.000000
vt -2.059246 0.013090 0.000000
vt 2.900000 0.039270 0.000000
vt 2.700000 0.039270 0.000000
vt 2.900241 0.034361 0.000000
vt 2.699759 0.034361 0.000000
vt 2.900961 0.029452 0.000000
vt 2.699039 0.029452 0.000000
vt 2.696194 0.019635 0.000000
vt 2.903806 0.019635 0.000000
vt 2.691573 0.009817 0.000000
vt 2.908427 0.009817 0.000000
vt 2.914645 -0.000000 0.000000
vt 2.685355 -0.000000 0.000000
vt 2.922222 -0.009817 0.000000
vt 2.677778 -0.009817 0.000000
vt 2.669134 -0.019635 0.000000
vt 2.930866 -0.019635 0.000000
vt 2.659755 -0.029452 0.000000
vt 2.940246 -0.029452 0.000000
vt 2.950000 -0.039270 0.000000
vt 2.650000 -0.039270 0.000000
vt 0.000000 0.050000 0.000000
vt 2.448741 0.050000 0.000000
vt 0.000000 0.200000 0.000000
vt 2.448741 0.200000 0.000000
vt 0.000000 0.050000 0.000000
vt 0.222346 0.050000 0.000000
vt 0.000000 0.200000 0.000000
vt 0.222346 0.200000 0.000000
vt 0.000000 0.050000 0.000000
vt 0.917972 0.050000 0.000000
vt 0.000000 0.200000 0.000000
vt 0.917972 0.200000 0.000000
vt -0.000000 0.050000 0.000000
vt 0.222346 0.050000 0.000000
vt -0.000000 0.200000 0.000000
vt 0.222346 0.200000 0.000000
vt 3.100000 2.500000 0.000000
vt 2.850000 1.750000 0.000000
vt 3.100000 -2.000000 0.000000
vt 0.616713 1.527654 0.000000
vt 3.000000 -2.100000 0.000000
vt -0.401259 1.527654 0.000000
vt -3.000000 -2.100000 0.000000
vt -3.100000 -2.000000 0.000000
vt -3.096593 -2.025882 0.000000
vt -3.100000 2.500000 0.000000
vt -2.850000 2.050000 0.000000
vt 2.850000 2.050000 0.000000
vt -2.850000 1.750000 0.000000
vt -3.086603 -2.050000 0.000000
vt -3.070711 -2.070711 0.000000
vt -3.050000 -2.086603 0.000000
vt -3.025882 -2.096593 0.000000
vt 3.025882 -2.096593 0.000000
vt 3.050000 -2.086603 0.000000
vt 3.070711 -2.070711 0.000000
vt 3.086603 -2.050000 0.000000
vt 3.096593 -2.025882 0.000000
vt 0.616713 1.750000 0.000000
vt -0.401259 1.750000 0.000000
vt -0.500000 0.463648 0.000000
vt -5.000000 0.463648 0.000000
vt -2.750000 0.347736 0.000000
vt -5.000000 0.347736 0.000000
vt -2.750000 0.231824 0.000000
vt -5.000000 0.231824 0.000000
vt -2.750000 0.115912 0.000000
vt -5.000000 0.115912 0.000000
vt -5.000000 -0.000000 0.000000
vt -0.500000 0.000000 0.000000
vt -0.500000 0.115912 0.000000
vt -0.500000 0.231824 0.000000
vt -0.500000 0.347736 0.000000
vt 0.321751 0.508320 0.000000
vt 0.437662 0.508320 0.000000
vt 0.321751 0.593040 0.000000
vt 0.437662 0.593040 0.000000
vt 0.321751 0.677760 0.000000
vt 0.437662 0.677760 0.000000
vt 0.321751 0.762481 0.000000
vt 0.437662 0.762481 0.000000
vt 0.321751 0.847201 0.000000
vt 0.437662 0.847201 0.000000
vt 0.321751 0.931921 0.000000
vt 0.437662 0.931921 0.000000
vt 0.321751 1.016641 0.000000
vt 0.437662 1.016641 0.000000
vt 0.553574 0.931921 0.000000
vt 0.553574 1.016641 0.000000
vt 0.669486 0.931921 0.000000
vt 0.669486 1.016641 0.000000
vt 0.785398 0.931921 0.000000
vt 0.785398 1.016641 0.000000
vt 0.553574 0.508320 0.000000
vt 0.553574 0.593040 0.000000
vt 0.553574 0.677760 0.000000
vt 0.553574 0.762481 0.000000
vt 0.553574 0.847201 0.000000
vt 0.669486 0.508320 0.000000
vt 0.669486 0.593040 0.000000
vt 0.669486 0.677760 0.000000
vt 0.669486 0.762481 0.000000
vt 0.669486 0.847201 0.000000
vt 0.785398 0.508320 0.000000
vt 0.785398 0.593040 0.000000
vt 0.785398 0.677760 0.000000
vt 0.785398 0.762481 0.000000
vt 0.785398 0.847201 0.000000
vt -0.500000 0.115912 0.000000
vt -2.500000 0.115912 0.000000
vt -0.500000 0.000000 0.000000
vt -4.500000 0.115912 0.000000
vt -6.500000 0.000000 0.000000
vt -6.500000 0.115912 0.000000
vt -6.500000 0.231824 0.000000
vt -4.500000 0.231824 0.000000
vt -6.500000 0.347736 0.000000
vt -4.500000 0.347736 0.000000
vt -6.500000 0.463648 0.000000
vt -2.500000 0.347736 0.000000
vt -0.500000 0.463648 0.000000
vt -0.500000 0.347736 0.000000
vt -0.500000 0.231824 0.000000
vt -2.500000 0.231824 0.000000
vt 0.321751 0.508320 0.000000
vt 0.437662 0.508320 0.000000
vt 0.321751 0.593040 0.000000
vt 0.437662 0.593040 0.000000
vt 0.321751 0.677760 0.000000
vt 0.437662 0.677760 0.000000
vt 0.321751 0.762481 0.000000
vt 0.437662 0.762481 0.000000
vt 0.321751 0.847201 0.000000
vt 0.437662 0.847201 0.000000
vt 0.321751 0.931921 0.000000
vt 0.437662 0.931921 0.000000
vt 0.321751 1.016641 0.000000
vt 0.437662 1.016641 0.000000
vt 0.553574 0.931921 0.000000
vt 0.553574 1.016641 0.000000
vt 0.669486 0.931921 0.000000
vt 0.669486 1.016641 0.000000
vt 0.785398 0.931921 0.000000
vt 0.785398 1.016641 0.000000
vt 0.553574 0.508320 0.000000
vt 0.553574 0.593040 0.000000
vt 0.553574 0.677760 0.000000
vt 0.553574 0.762481 0.000000
vt 0.553574 0.847201 0.000000
vt 0.669486 0.508320 0.000000
vt 0.669486 0.593040 0.000000
vt 0.669486 0.677760 0.000000
vt 0.669486 0.762481 0.000000
vt 0.669486 0.847201 0.000000
vt 0.785398 0.508320 0.000000
vt 0.785398 0.593040 0.000000
vt 0.785398 0.677760 0.000000
vt 0.785398 0.762481 0.000000
vt 0.785398 0.847201 0.000000
vt -4.500000 0.000000 0.000000
vt 0.000000 0.000000 0.000000
vt -2.250000 0.115912 0.000000
vt 0.000000 0.115912 0.000000
vt -2.250000 0.231824 0.000000
vt 0.000000 0.231824 0.000000
vt -2.250000 0.347736 0.000000
vt 0.000000 0.347736 0.000000
vt 0.000000 0.463648 0.000000
vt -4.500000 0.463648 0.000000
vt -4.500000 0.347736 0.000000
vt -4.500000 0.231824 0.000000
vt -4.500000 0.115912 0.000000
vt 0.000000 0.200000 0.000000
vt 0.200000 0.200000 0.000000
vt 0.000000 0.400000 0.000000
vt 0.200000 0.400000 0.000000
vt 0.000000 0.050000 0.000000
vt 0.200000 0.050000 0.000000
vt 0.000000 0.200000 0.000000
vt 0.200000 0.200000 0.000000
vt 0.000000 0.400000 0.000000
vt 3.800000 0.400000 0.000000
vt 3.800000 0.200000 0.000000
vt 0.000000 0.200000 0.000000
vt 5.600000 0.200000 0.000000
vt 0.000000 0.400000 0.000000
vt 5.600000 0.400000 0.000000
vt 3.600000 0.050000 0.000000
vt 3.800000 0.050000 0.000000
vt 3.600000 0.200000 0.000000
vt 3.800000 0.200000 0.000000
vt 3.800000 0.400000 0.000000
vt -0.000000 0.400000 0.000000
vt -0.000000 0.200000 0.000000
vt 0.000000 0.200000 0.000000
vt 0.200000 0.200000 0.000000
vt 0.000000 0.400000 0.000000
vt 0.200000 0.400000 0.000000
vt -0.000000 0.200000 0.000000
vt 4.000000 0.200000 0.000000
vt -0.000000 0.400000 0.000000
vt 4.000000 0.400000 0.000000
vt 0.000000 0.200000 0.000000
vt 6.000000 0.200000 0.000000
vt 0.000000 0.400000 0.000000
vt 6.000000 0.400000 0.000000
vt 0.000000 0.200000 0.000000
vt 4.000000 0.200000 0.000000
vt 0.000000 0.400000 0.000000
vt 4.000000 0.400000 0.000000
vt -2.000000 -2.800000 0.000000
vt -2.000000 -3.000000 0.000000
vt 1.800000 -2.800000 0.000000
vt 2.000000 -3.000000 0.000000
vt 1.800000 2.800000 0.000000
vt 2.000000 3.000000 0.000000
vt -2.000000 3.000000 0.000000
vt -2.000000 2.800000 0.000000
vt 0.200000 0.050000 0.000000
vt 5.800000 0.050000 0.000000
vt 0.200000 0.200000 0.000000
vt 5.800000 0.200000 0.000000
vt 0.400000 0.000000 0.000000
vt 6.600000 0.000000 0.000000
vt 0.285124 0.013376 0.000000
vt 6.714877 0.013376 0.000000
vt 0.176393 0.052786 0.000000
vt 6.823607 0.052786 0.000000
vt 0.079626 0.116124 0.000000
vt 6.920374 0.116124 0.000000
vt 0.000000 0.200000 0.000000
vt 7.000000 0.200000 0.000000
vt 2.129410 -3.482963 0.000000
vt 2.000000 -3.000000 0.000000
vt 2.000000 -3.500000 0.000000
vt -2.000000 -3.000000 0.000000
vt -2.500000 -3.500000 0.000000
vt -2.000000 -2.800000 0.000000
vt -2.000000 2.800000 0.000000
vt 2.250000 -3.433013 0.000000
vt 2.353553 -3.353553 0.000000
vt 2.433013 -3.250000 0.000000
vt 2.482963 -3.129410 0.000000
vt 2.500000 -3.000000 0.000000
vt 2.000000 3.000000 0.000000
vt 2.500000 3.000000 0.000000
vt 2.482963 3.129410 0.000000
vt 2.433013 3.250000 0.000000
vt 2.353553 3.353553 0.000000
vt 2.250000 3.433013 0.000000
vt 2.129410 3.482963 0.000000
vt 2.000000 3.500000 0.000000
vt -2.000000 3.000000 0.000000
vt -2.500000 3.500000 0.000000
vt 0.000000 0.050000 0.000000
vt 2.233287 0.050000 0.000000
vt 0.000000 0.200000 0.000000
vt 2.233287 0.200000 0.000000
vt -1.800000 -0.566713 0.000000
vt -1.800000 -2.800000 0.000000
vt -1.577654 -0.566713 0.000000
vt 1.800000 -2.800000 0.000000
vt -1.577654 0.351259 0.000000
vt 1.800000 2.800000 0.000000
vt -1.800000 2.800000 0.000000
vt -1.800000 0.351259 0.000000
vn -0.000000 1.000000 0.000000
vn -0.000000 0.995185 0.098017
vn -0.000000 1.000000 0.000000
vn -0.000000 0.995185 0.098017
vn -0.000000 0.980785 0.195090
vn -0.000000 0.965926 0.258819
vn -0.000000 0.965926 0.258819
vn -0.000000 0.866025 0.500000
vn -0.000000 0.866025 0.500000
vn -0.000000 0.707107 0.707107
vn -0.000000 0.707107 0.707107
vn -0.000000 0.500000 0.866025
vn -0.000000 0.500000 0.866025
vn -0.000000 0.258819 0.965926
vn -0.000000 0.258819 0.965926
vn -0.000000 0.000000 1.000000
vn -0.000000 0.258819 0.965926
vn -0.000000 0.258819 0.965926
vn -0.000000 0.500000 0.866025
vn -0.000000 0.500000 0.866025
vn -0.000000 0.707107 0.707107
vn -0.000000 0.707107 0.707107
vn -0.000000 0.866025 0.500000
vn -0.000000 0.866025 0.500000
vn -0.000000 0.965926 0.258819
vn -0.000000 0.965926 0.258819
vn -0.000000 0.923880 0.382683
vn -0.000000 0.831470 0.555570
vn -0.000000 0.707107 0.707107
vn -0.000000 0.555570 0.831470
vn -0.000000 0.382683 0.923880
vn -0.000000 0.195090 0.980785
vn -0.000000 0.980785 0.195090
vn -0.000000 0.965926 0.258819
vn -0.000000 0.965926 0.258819
vn -0.000000 0.965926 0.258819
vn -0.000000 0.866025 0.500000
vn -0.000000 0.866025 0.500000
vn -0.000000 0.707107 0.707107
vn -0.000000 0.707107 0.707107
vn -0.000000 0.500000 0.866025
vn -0.000000 0.500000 0.866025
vn -0.000000 0.258819 0.965926
vn -0.000000 0.258819 0.965926
vn -0.000000 0.195090 0.980785
vn -0.000000 0.000000 1.000000
vn -0.000000 0.923880 0.382683
vn -0.000000 0.866025 0.500000
vn -0.000000 0.866025 0.500000
vn -0.000000 0.707107 0.707107
vn -0.000000 0.707107 0.707107
vn -0.000000 0.500000 0.866025
vn -0.000000 0.500000 0.866025
vn -0.000000 0.258819 0.965926
vn -0.000000 0.258819 0.965926
vn -0.000000 0.831470 0.555570
vn -0.000000 0.707107 0.707107
vn -0.000000 0.500000 0.866025
vn -0.000000 0.258819 0.965926
vn -0.000000 0.707107 0.707107
vn -0.000000 0.555570 0.831470
vn -0.000000 0.500000 0.866025
vn -0.000000 0.382683 0.923880
vn -0.000000 0.258819 0.965926
vn -0.000000 0.258819 0.965926
vn -0.000000 0.965926 0.258819
vn -0.000000 0.965926 0.258819
vn -0.000000 0.965926 0.258819
vn -0.000000 0.866025 0.500000
vn -0.000000 0.866025 0.500000
vn -0.000000 0.707107 0.707107
vn -0.000000 0.707107 0.707107
vn -0.000000 0.500000 0.866025
vn -0.000000 0.500000 0.866025
vn -0.000000 0.258819 0.965926
vn -0.000000 0.258819 0.965926
vn -0.000000 0.258819 0.965926
vn -0.000000 0.258819 0.965926
vn -0.000000 0.500000 0.866025
vn -0.000000 0.500000 0.866025
vn -0.000000 0.707107 0.707107
vn -0.000000 0.707107 0.707107
vn -0.000000 0.866025 0.500000
vn -0.000000 0.866025 0.500000
vn -0.000000 0.965926 0.258819
vn -0.000000 0.965926 0.258819
vn -0.000000 0.866025 0.500000
vn -0.000000 0.965926 0.258819
vn -0.000000 0.965926 0.258819
vn -0.000000 0.965926 0.258819
vn -0.000000 0.866025 0.500000
vn -0.000000 0.866025 0.500000
vn -0.000000 0.707107 0.707107
vn -0.000000 0.866025 0.500000
vn -0.000000 0.965926 0.258819
vn -0.000000 0.866025 0.500000
vn -0.000000 0.707107 0.707107
vn -0.000000 0.500000 0.866025
vn -0.000000 0.258819 0.965926
vn -0.000000 0.965926 0.258819
vn -0.000000 0.965926 0.258819
vn -0.000000 0.965926 0.258819
vn -0.000000 0.866025 0.500000
vn -0.000000 0.866025 0.500000
vn -0.000000 0.707107 0.707107
vn -0.000000 0.866025 0.500000
vn -0.000000 0.965926 0.258819
vn -0.000000 0.707107 0.707107
vn -0.000000 0.707107 0.707107
vn -0.000000 0.707107 0.707107
vn -0.000000 0.500000 0.866025
vn -0.000000 0.258819 0.965926
vn -0.000000 0.707107 0.707107
vn -0.000000 0.500000 0.866025
vn -0.000000 0.500000 0.866025
vn -0.000000 0.500000 0.866025
vn -0.000000 0.258819 0.965926
vn -0.000000 0.500000 0.866025
vn -0.000000 0.258819 0.965926
vn -0.000000 0.258819 0.965926
vn -0.000000 0.000000 1.000000
vn -0.195090 0.000000 0.980785
vn -0.195090 0.000000 0.980785
vn -0.382683 0.000000 0.923880
vn -0.382683 0.000000 0.923880
vn -0.555570 0.000000 0.831470
vn -0.555570 0.000000 0.831470
vn -0.707107 0.000000 0.707107
vn -0.707107 0.000000 0.707107
vn -0.831470 0.000000 0.555570
vn -0.831470 0.000000 0.555570
vn -0.923880 0.000000 0.382683
vn -0.923880 0.000000 0.382683
vn -0.980785 0.000000 0.195090
vn -0.980785 0.000000 0.195090
vn -0.995185 0.000000 0.098017
vn -0.995185 0.000000 0.098017
vn -1.000000 0.000000 0.000000
vn -1.000000 -0.000000 -0.000000
vn 0.000000 -0.000000 1.000000
vn 0.000000 -0.195090 0.980785
vn 0.000000 -0.258819 0.965926
vn 0.000000 -0.258819 0.965926
vn 0.000000 -0.500000 0.866025
vn 0.000000 -0.500000 0.866025
vn 0.000000 -0.707107 0.707107
vn 0.000000 -0.555570 0.831470
vn 0.000000 -0.707107 0.707107
vn 0.000000 -0.831470 0.555570
vn 0.000000 -0.866025 0.500000
vn 0.000000 -0.923880 0.382683
vn 0.000000 -0.965926 0.258819
vn 0.000000 -0.980785 0.195090
vn 0.000000 -0.995185 0.098017
vn 0.000000 -0.965926 0.258819
vn 0.000000 -0.965926 0.258819
vn 0.000000 -0.866025 0.500000
vn 0.000000 -0.866025 0.500000
vn 0.000000 -0.707107 0.707107
vn 0.000000 -0.707107 0.707107
vn 0.000000 -0.500000 0.866025
vn 0.000000 -0.500000 0.866025
vn 0.000000 -0.258819 0.965926
vn 0.000000 -0.258819 0.965926
vn 0.000000 -0.258819 0.965926
vn 0.000000 -0.195090 0.980785
vn 0.000000 -0.382683 0.923880
vn 0.000000 -0.500000 0.866025
vn 0.000000 -0.555570 0.831470
vn 0.000000 -0.707107 0.707107
vn 0.000000 -0.707107 0.707107
vn 0.000000 -0.831470 0.555570
vn 0.000000 -0.866025 0.500000
vn 0.000000 -0.923880 0.382683
vn 0.000000 -0.965926 0.258819
vn 0.000000 -0.980785 0.195090
vn 0.000000 -0.965926 0.258819
vn 0.000000 -0.965926 0.258819
vn 0.000000 -0.866025 0.500000
vn 0.000000 -0.866025 0.500000
vn 0.000000 -0.707107 0.707107
vn 0.000000 -0.707107 0.707107
vn 0.000000 -0.500000 0.866025
vn 0.000000 -0.995185 0.098017
vn -0.000000 -1.000000 -0.000000
vn -0.000000 -1.000000 -0.000000
vn 0.000000 -0.382683 0.923880
vn 0.000000 -0.258819 0.965926
vn 0.000000 -0.258819 0.965926
vn 0.000000 -0.258819 0.965926
vn 0.000000 -0.500000 0.866025
vn 0.000000 -0.707107 0.707107
vn 0.000000 -0.500000 0.866025
vn 0.000000 -0.707107 0.707107
vn 0.000000 -0.866025 0.500000
vn 0.000000 -0.965926 0.258819
vn 0.000000 -0.866025 0.500000
vn 0.000000 -0.965926 0.258819
vn -0.000000 0.000000 1.000000
vn -0.195090 0.000000 0.980785
vn -0.195090 0.000000 0.980785
vn -0.382683 0.000000 0.923880
vn -0.382683 0.000000 0.923880
vn -0.555570 0.000000 0.831470
vn -0.555570 0.000000 0.831470
vn -0.707107 0.000000 0.707107
vn -0.707107 0.000000 0.707107
vn -0.831470 0.000000 0.555570
vn -0.831470 0.000000 0.555570
vn -0.923880 0.000000 0.382683
vn -0.923880 0.000000 0.382683
vn -0.980785 0.000000 0.195090
vn -0.980785 0.000000 0.195090
vn -0.995185 0.000000 0.098017
vn -0.995185 0.000000 0.098017
vn -1.000000 -0.000000 -0.000000
vn -1.000000 0.000000 0.000000
vn 1.000000 -0.000000 -0.000000
vn 1.000000 -0.000000 -0.000000
vn 0.995185 0.000000 0.098017
vn 0.995185 0.000000 0.098017
vn 0.980785 0.000000 0.195090
vn 0.980785 0.000000 0.195090
vn 0.923880 0.000000 0.382683
vn 0.923880 0.000000 0.382683
vn 0.831470 0.000000 0.555570
vn 0.831470 0.000000 0.555570
vn 0.707107 0.000000 0.707107
vn 0.707107 0.000000 0.707107
vn 0.555570 0.000000 0.831470
vn 0.555570 0.000000 0.831470
vn 0.382683 0.000000 0.923880
vn 0.382683 0.000000 0.923880
vn 0.195090 0.000000 0.980785
vn 0.195090 0.000000 0.980785
vn 0.000000 0.000000 1.000000
vn 0.000000 0.000000 1.000000
vn -0.000000 -0.195090 0.980785
vn -0.000000 -0.258819 0.965926
vn -0.000000 -0.382683 0.923880
vn -0.000000 -0.500000 0.866025
vn -0.000000 -0.555570 0.831470
vn -0.000000 -0.707107 0.707107
vn -0.000000 -0.707107 0.707107
vn -0.000000 -0.831470 0.555570
vn -0.000000 -0.866025 0.500000
vn -0.000000 -0.923880 0.382683
vn -0.000000 -0.965926 0.258819
vn -0.000000 -0.980785 0.195090
vn -0.000000 -0.995185 0.098017
vn 0.000000 -1.000000 -0.000000
vn -0.000000 -0.965926 0.258819
vn -0.000000 -0.995185 0.098017
vn -0.000000 -0.965926 0.258819
vn -0.000000 -0.980785 0.195090
vn -0.000000 -0.923880 0.382683
vn -0.000000 -0.866025 0.500000
vn -0.000000 -0.831470 0.555570
vn -0.000000 -0.707107 0.707107
vn -0.000000 -0.707107 0.707107
vn -0.000000 -0.555570 0.831470
vn -0.000000 -0.500000 0.866025
vn -0.000000 -0.382683 0.923880
vn -0.000000 -0.258819 0.965926
vn -0.000000 -0.195090 0.980785
vn -0.000000 -0.258819 0.965926
vn 0.000000 -1.000000 -0.000000
vn -0.000000 -0.500000 0.866025
vn -0.000000 -0.707107 0.707107
vn -0.000000 -0.866025 0.500000
vn -0.000000 -1.000000 -0.000000
vn -0.000000 -1.000000 -0.000000
vn 0.000000 -0.995185 0.098017
vn 0.000000 -0.965926 0.258819
vn 0.000000 -0.965926 0.258819
vn 0.000000 -0.866025 0.500000
vn 0.000000 -0.866025 0.500000
vn 0.000000 -0.707107 0.707107
vn 0.000000 -0.707107 0.707107
vn 0.000000 -0.500000 0.866025
vn 0.000000 -0.555570 0.831470
vn 0.000000 -0.382683 0.923880
vn 0.000000 -0.258819 0.965926
vn 0.000000 -0.195090 0.980785
vn 0.000000 0.000000 1.000000
vn 0.000000 -0.258819 0.965926
vn 0.000000 -0.258819 0.965926
vn 0.000000 -0.500000 0.866025
vn 0.000000 -0.500000 0.866025
vn 0.000000 -0.707107 0.707107
vn 0.000000 -0.707107 0.707107
vn 0.000000 -0.866025 0.500000
vn 0.000000 -0.866025 0.500000
vn 0.000000 -0.965926 0.258819
vn 0.000000 -0.965926 0.258819
vn 0.000000 -0.965926 0.258819
vn 0.000000 -0.995185 0.098017
vn 0.000000 -0.980785 0.195090
vn 0.000000 -0.923880 0.382683
vn 0.000000 -0.866025 0.500000
vn 0.000000 -0.866025 0.500000
vn 0.000000 -0.707107 0.707107
vn 0.000000 -0.707107 0.707107
vn 0.000000 -0.500000 0.866025
vn 0.000000 -0.500000 0.866025
vn 0.000000 -0.258819 0.965926
vn 0.000000 -0.258819 0.965926
vn 0.000000 -0.831470 0.555570
vn 0.000000 -0.707107 0.707107
vn 0.000000 -0.500000 0.866025
vn 0.000000 -0.258819 0.965926
vn 0.000000 -0.707107 0.707107
vn 0.000000 -0.555570 0.831470
vn 0.000000 -0.500000 0.866025
vn 0.000000 -0.382683 0.923880
vn 0.000000 -0.258819 0.965926
vn 0.000000 -0.195090 0.980785
vn 0.000000 -0.258819 0.965926
vn 0.000000 -0.707107 0.707107
vn 0.000000 -0.831470 0.555570
vn 0.000000 -0.866025 0.500000
vn 0.000000 -0.923880 0.382683
vn 0.000000 -0.965926 0.258819
vn 0.000000 -0.980785 0.195090
vn 0.000000 -0.965926 0.258819
vn 0.000000 -0.866025 0.500000
vn 0.000000 -0.965926 0.258819
vn 0.000000 -0.707107 0.707107
vn 0.000000 -0.500000 0.866025
vn 1.000000 0.000000 0.000000
vn 1.000000 0.000000 0.000000
vn 0.995185 0.000000 0.098017
vn 0.995185 0.000000 0.098017
vn 0.980785 0.000000 0.195090
vn 0.980785 0.000000 0.195090
vn 0.923880 0.000000 0.382683
vn 0.923880 0.000000 0.382683
vn 0.831470 0.000000 0.555570
vn 0.831470 0.000000 0.555570
vn 0.707107 0.000000 0.707107
vn 0.707107 0.000000 0.707107
vn 0.555570 0.000000 0.831470
vn 0.555570 0.000000 0.831470
vn 0.382683 0.000000 0.923880
vn 0.382683 0.000000 0.923880
vn 0.195090 0.000000 0.980785
vn 0.195090 0.000000 0.980785
vn 0.000000 -1.000000 0.000000
vn 0.000000 -1.000000 0.000000
vn -1.000000 0.000000 0.000000
vn -1.000000 0.000000 0.000000
vn 0.000000 -1.000000 0.000000
vn 0.000000 -1.000000 0.000000
vn 1.000000 0.000000 0.000000
vn 1.000000 0.000000 0.000000
vn -0.000000 0.000000 1.000000
vn -0.000000 0.000000 1.000000
vn -0.000000 0.000000 1.000000
vn -0.000000 0.000000 1.000000
vn -0.000000 0.000000 1.000000
vn -0.000000 0.000000 1.000000
vn -0.000000 0.000000 1.000000
vn -0.000000 0.000000 1.000000
vn -0.000000 0.000000 1.000000
vn -0.000000 0.000000 1.000000
vn -0.000000 0.000000 1.000000
vn -0.000000 0.000000 1.000000
vn -0.000000 0.000000 1.000000
vn -0.000000 0.000000 1.000000
vn -0.000000 0.000000 1.000000
vn -0.000000 0.000000 1.000000
vn 0.229753 0.000000 0.973249
vn 0.229753 0.000000 0.973249
vn 0.447214 0.000000 0.894427
vn 0.447214 0.000000 0.894427
vn 0.640747 0.000000 0.767752
vn 0.640747 0.000000 0.767752
vn 0.800000 0.000000 0.600000
vn 0.800000 0.000000 0.600000
vn 0.640747 0.000000 0.767752
vn 0.447214 0.000000 0.894427
vn 0.229753 0.000000 0.973249
vn -0.000000 0.800000 0.600000
vn -0.000000 0.640747 0.767752
vn 0.207055 0.772741 0.600000
vn 0.165838 0.618914 0.767752
vn 0.400000 0.692820 0.600000
vn 0.320374 0.554904 0.767752
vn 0.565685 0.565685 0.600000
vn 0.453077 0.453077 0.767752
vn 0.692820 0.400000 0.600000
vn 0.554904 0.320374 0.767752
vn 0.772741 0.207055 0.600000
vn 0.618914 0.165838 0.767752
vn 0.431975 0.115747 0.894427
vn 0.221924 0.059464 0.973249
vn -0.000000 0.447214 0.894427
vn 0.115747 0.431975 0.894427
vn 0.223607 0.387298 0.894427
vn 0.316228 0.316228 0.894427
vn 0.387298 0.223607 0.894427
vn -0.000000 0.229753 0.973249
vn 0.059464 0.221924 0.973249
vn 0.114876 0.198972 0.973249
vn 0.162460 0.162460 0.973249
vn 0.198972 0.114876 0.973249
vn -0.000000 0.640747 0.767752
vn -0.000000 0.640747 0.767752
vn -0.000000 0.800000 0.600000
vn -0.000000 0.640747 0.767752
vn -0.000000 0.447214 0.894427
vn -0.000000 0.229753 0.973249
vn -0.000000 0.229753 0.973249
vn -0.000000 0.229753 0.973249
vn -0.000000 0.447214 0.894427
vn -0.000000 0.447214 0.894427
vn -0.800000 0.000000 0.600000
vn -0.640747 -0.000000 0.767752
vn -0.772741 0.207055 0.600000
vn -0.618914 0.165838 0.767752
vn -0.692820 0.400000 0.600000
vn -0.554904 0.320374 0.767752
vn -0.565685 0.565685 0.600000
vn -0.453077 0.453077 0.767752
vn -0.400000 0.692820 0.600000
vn -0.320374 0.554904 0.767752
vn -0.207055 0.772741 0.600000
vn -0.165838 0.618914 0.767752
vn -0.115747 0.431975 0.894427
vn -0.059464 0.221924 0.973249
vn -0.447214 0.000000 0.894427
vn -0.431975 0.115747 0.894427
vn -0.387298 0.223607 0.894427
vn -0.316228 0.316228 0.894427
vn -0.223607 0.387298 0.894427
vn -0.229753 0.000000 0.973249
vn -0.221924 0.059464 0.973249
vn -0.198972 0.114876 0.973249
vn -0.162460 0.162460 0.973249
vn -0.114876 0.198972 0.973249
vn -0.800000 0.000000 0.600000
vn -0.640747 0.000000 0.767752
vn -0.640747 0.000000 0.767752
vn -0.447214 0.000000 0.894427
vn -0.447214 0.000000 0.894427
vn -0.229753 0.000000 0.973249
vn -0.229753 0.000000 0.973249
vn 0.000000 -1.000000 0.000000
vn 0.000000 -1.000000 0.000000
vn 0.000000 -1.000000 0.000000
vn 0.000000 -1.000000 0.000000
vn -1.000000 0.000000 0.000000
vn -1.000000 0.000000 0.000000
vn -1.000000 0.000000 0.000000
vn -1.000000 0.000000 0.000000
vn -1.000000 0.000000 0.000000
vn 0.000000 -1.000000 0.000000
vn 0.000000 -1.000000 0.000000
vn 0.000000 -1.000000 0.000000
vn 0.000000 -1.000000 0.000000
vn 1.000000 0.000000 0.000000
vn 1.000000 0.000000 0.000000
vn 1.000000 0.000000 0.000000
vn 1.000000 0.000000 0.000000
vn 1.000000 0.000000 0.000000
vn 0.000000 -1.000000 0.000000
vn 0.000000 -1.000000 0.000000
vn 0.000000 -1.000000 0.000000
vn 0.000000 -1.000000 0.000000
vn 1.000000 0.000000 0.000000
vn 1.000000 0.000000 0.000000
vn 1.000000 0.000000 0.000000
vn 1.000000 0.000000 0.000000
vn 0.000000 1.000000 -0.000000
vn 0.000000 1.000000 -0.000000
vn 0.000000 1.000000 -0.000000
vn 0.000000 1.000000 -0.000000
vn -1.000000 0.000000 0.000000
vn -1.000000 0.000000 0.000000
vn -1.000000 0.000000 0.000000
vn -1.000000 0.000000 0.000000
vn 0.000000 -0.000000 -1.000000
vn 0.000000 -0.000000 -1.000000
vn 0.000000 -0.000000 -1.000000
vn 0.000000 -0.000000 -1.000000
vn 0.000000 -0.000000 -1.000000
vn 0.000000 -0.000000 -1.000000
vn 0.000000 -0.000000 -1.000000
vn 0.000000 -0.000000 -1.000000
vn 0.000000 1.000000 -0.000000
vn 0.000000 1.000000 -0.000000
vn 0.000000 -1.000000 0.000000
vn 0.000000 -1.000000 0.000000
vn 0.000000 -1.000000 0.000000
vn 0.000000 -1.000000 0.000000
vn 0.000000 -1.000000 0.000000
vn 0.000000 -1.000000 0.000000
vn 0.000000 -1.000000 0.000000
vn 0.000000 -1.000000 0.000000
vn 0.000000 -1.000000 0.000000
vn 0.000000 -1.000000 0.000000
vn 0.000000 -0.000000 -1.000000
vn 0.000000 -0.000000 -1.000000
vn 0.000000 -0.000000 -1.000000
vn 0.000000 -0.000000 -1.000000
vn 0.000000 -0.000000 -1.000000
vn 0.000000 -0.000000 -1.000000
vn 0.000000 -0.000000 -1.000000
vn 0.000000 -0.000000 -1.000000
vn 0.000000 -0.000000 -1.000000
vn 0.000000 -0.000000 -1.000000
vn 0.000000 -0.000000 -1.000000
vn 0.000000 -0.000000 -1.000000
vn 0.000000 -0.000000 -1.000000
vn 0.000000 -0.000000 -1.000000
vn 0.000000 -0.000000 -1.000000
vn 0.000000 -0.000000 -1.000000
vn 0.000000 -0.000000 -1.000000
vn 0.000000 -0.000000 -1.000000
vn 0.000000 -0.000000 -1.000000
vn 0.000000 -0.000000 -1.000000
vn 0.000000 -0.000000 -1.000000
vn 0.000000 -0.000000 -1.000000
vn 0.000000 -1.000000 0.000000
vn 0.000000 -1.000000 0.000000
vn 0.000000 -0.000000 -1.000000
vn 0.000000 -0.000000 -1.000000
vn 0.000000 -0.000000 -1.000000
vn 0.000000 -0.000000 -1.000000
vn 0.000000 -0.000000 -1.000000
vn 0.000000 -0.000000 -1.000000
vn 0.000000 -0.000000 -1.000000
vn 0.000000 -0.000000 -1.000000
f 1117/1652/1510 1118/1653/1511 1116/1654/1512
f 1116/1654/1512 1118/1653/1511 1135/1655/1513
f 1135/1655/1513 1118/1653/1511 1134/1656/1514
f 1134/1656/1514 1118/1653/1511 1148/1657/1515
f 1134/1656/1514 1148/1657/1515 1149/1658/1516
f 1149/1658/1516 1148/1657/1515 1169/1659/1517
f 1149/1658/1516 1169/1659/1517 1170/1660/1518
f 1170/1660/1518 1169/1659/1517 1190/1661/1519
f 1170/1660/1518 1190/1661/1519 1191/1662/1520
f 1191/1662/1520 1190/1661/1519 1211/1663/1521
f 1191/1662/1520 1211/1663/1521 1212/1664/1522
f 1212/1664/1522 1211/1663/1521 1232/1665/1523
f 1212/1664/1522 1232/1665/1523 1233/1666/1524
f 1233/1666/1524 1232/1665/1523 1127/1667/1525
f 1233/1666/1524 1127/1667/1525 1234/1668/1526
f 1234/1668/1526 1127/1667/1525 1235/1669/1527
f 1234/1668/1526 1235/1669/1527 1214/1670/1528
f 1214/1670/1528 1235/1669/1527 1215/1671/1529
f 1214/1670/1528 1215/1671/1529 1194/1672/1530
f 1194/1672/1530 1215/1671/1529 1195/1673/1531
f 1194/1672/1530 1195/1673/1531 1174/1674/1532
f 1174/1674/1532 1195/1673/1531 1175/1675/1533
f 1174/1674/1532 1175/1675/1533 1154/1676/1534
f 1154/1676/1534 1175/1675/1533 1155/1677/1535
f 1154/1676/1534 1155/1677/1535 1134/1656/1514
f 1134/1656/1514 1155/1677/1535 1133/1678/1536
f 1133/1678/1536 1155/1677/1535 1175/1675/1533
f 1133/1678/1536 1175/1675/1533 1132/1679/1537
f 1132/1679/1537 1175/1675/1533 1195/1673/1531
f 1132/1679/1537 1195/1673/1531 1131/1680/1538
f 1131/1680/1538 1195/1673/1531 1130/1681/1539
f 1130/1681/1539 1195/1673/1531 1215/1671/1529
f 1130/1681/1539 1215/1671/1529 1129/1682/1540
f 1129/1682/1540 1215/1671/1529 1235/1669/1527
f 1129/1682/1540 1235/1669/1527 1128/1683/1541
f 1128/1683/1541 1235/1669/1527 1127/1667/1525
f 1119/1684/1542 1136/1685/1543 1118/1653/1511
f 1118/1653/1511 1136/1685/1543 1137/1686/1544
f 1118/1653/1511 1137/1686/1544 1138/1687/1545
f 1138/1687/1545 1137/1686/1544 1158/1688/1546
f 1138/1687/1545 1158/1688/1546 1159/1689/1547
f 1159/1689/1547 1158/1688/1546 1179/1690/1548
f 1159/1689/1547 1179/1690/1548 1180/1691/1549
f 1180/1691/1549 1179/1690/1548 1200/1692/1550
f 1180/1691/1549 1200/1692/1550 1201/1693/1551
f 1201/1693/1551 1200/1692/1550 1221/1694/1552
f 1201/1693/1551 1221/1694/1552 1222/1695/1553
f 1222/1695/1553 1221/1694/1552 1125/1696/1554
f 1222/1695/1553 1125/1696/1554 1127/1667/1525
f 1127/1667/1525 1125/1696/1554 1126/1697/1555
f 1119/1684/1542 1120/1698/1556 1136/1685/1543
f 1136/1685/1543 1120/1698/1556 1156/1699/1557
f 1136/1685/1543 1156/1699/1557 1157/1700/1558
f 1157/1700/1558 1156/1699/1557 1177/1701/1559
f 1157/1700/1558 1177/1701/1559 1178/1702/1560
f 1178/1702/1560 1177/1701/1559 1198/1703/1561
f 1178/1702/1560 1198/1703/1561 1199/1704/1562
f 1199/1704/1562 1198/1703/1561 1219/1705/1563
f 1199/1704/1562 1219/1705/1563 1220/1706/1564
f 1220/1706/1564 1219/1705/1563 1125/1696/1554
f 1220/1706/1564 1125/1696/1554 1221/1694/1552
f 1120/1698/1556 1121/1707/1565 1156/1699/1557
f 1156/1699/1557 1121/1707/1565 1176/1708/1566
f 1156/1699/1557 1176/1708/1566 1177/1701/1559
f 1177/1701/1559 1176/1708/1566 1197/1709/1567
f 1177/1701/1559 1197/1709/1567 1198/1703/1561
f 1198/1703/1561 1197/1709/1567 1218/1710/1568
f 1198/1703/1561 1218/1710/1568 1219/1705/1563
f 1219/1705/1563 1218/1710/1568 1125/1696/1554
f 1121/1707/1565 1122/1711/1569 1176/1708/1566
f 1176/1708/1566 1122/1711/1569 1123/1712/1570
f 1176/1708/1566 1123/1712/1570 1196/1713/1571
f 1196/1713/1571 1123/1712/1570 1124/1714/1572
f 1196/1713/1571 1124/1714/1572 1216/1715/1573
f 1216/1715/1573 1124/1714/1572 1125/1696/1554
f 1216/1715/1573 1125/1696/1554 1217/1716/1574
f 1217/1716/1574 1125/1696/1554 1218/1710/1568
f 1217/1716/1574 1218/1710/1568 1197/1709/1567
f 1158/1688/1546 1137/1686/1544 1157/1700/1558
f 1157/1700/1558 1137/1686/1544 1136/1685/1543
f 1138/1687/1545 1139/1717/1575 1118/1653/1511
f 1118/1653/1511 1139/1717/1575 1140/1718/1576
f 1118/1653/1511 1140/1718/1576 1141/1719/1577
f 1141/1719/1577 1140/1718/1576 1161/1720/1578
f 1141/1719/1577 1161/1720/1578 1162/1721/1579
f 1162/1721/1579 1161/1720/1578 1182/1722/1580
f 1162/1721/1579 1182/1722/1580 1183/1723/1581
f 1183/1723/1581 1182/1722/1580 1203/1724/1582
f 1183/1723/1581 1203/1724/1582 1204/1725/1583
f 1204/1725/1583 1203/1724/1582 1224/1726/1584
f 1204/1725/1583 1224/1726/1584 1225/1727/1585
f 1225/1727/1585 1224/1726/1584 1127/1667/1525
f 1225/1727/1585 1127/1667/1525 1226/1728/1586
f 1226/1728/1586 1127/1667/1525 1227/1729/1587
f 1226/1728/1586 1227/1729/1587 1206/1730/1588
f 1206/1730/1588 1227/1729/1587 1207/1731/1589
f 1206/1730/1588 1207/1731/1589 1186/1732/1590
f 1186/1732/1590 1207/1731/1589 1187/1733/1591
f 1186/1732/1590 1187/1733/1591 1166/1734/1592
f 1166/1734/1592 1187/1733/1591 1167/1735/1593
f 1166/1734/1592 1167/1735/1593 1146/1736/1594
f 1146/1736/1594 1167/1735/1593 1147/1737/1595
f 1146/1736/1594 1147/1737/1595 1118/1653/1511
f 1118/1653/1511 1147/1737/1595 1148/1657/1515
f 1138/1687/1545 1159/1689/1547 1139/1717/1575
f 1139/1717/1575 1159/1689/1547 1160/1738/1596
f 1139/1717/1575 1160/1738/1596 1140/1718/1576
f 1140/1718/1576 1160/1738/1596 1161/1720/1578
f 1141/1719/1577 1142/1739/1597 1118/1653/1511
f 1118/1653/1511 1142/1739/1597 1143/1740/1598
f 1118/1653/1511 1143/1740/1598 1144/1741/1599
f 1144/1741/1599 1143/1740/1598 1164/1742/1600
f 1144/1741/1599 1164/1742/1600 1165/1743/1601
f 1165/1743/1601 1164/1742/1600 1185/1744/1602
f 1165/1743/1601 1185/1744/1602 1186/1732/1590
f 1186/1732/1590 1185/1744/1602 1206/1730/1588
f 1141/1719/1577 1162/1721/1579 1142/1739/1597
f 1142/1739/1597 1162/1721/1579 1163/1745/1603
f 1142/1739/1597 1163/1745/1603 1143/1740/1598
f 1143/1740/1598 1163/1745/1603 1164/1742/1600
f 1146/1736/1594 1118/1653/1511 1145/1746/1604
f 1145/1746/1604 1118/1653/1511 1144/1741/1599
f 1145/1746/1604 1144/1741/1599 1165/1743/1601
f 1166/1734/1592 1146/1736/1594 1145/1746/1604
f 1166/1734/1592 1145/1746/1604 1165/1743/1601
f 1148/1657/1515 1147/1737/1595 1168/1747/1605
f 1168/1747/1605 1147/1737/1595 1167/1735/1593
f 1168/1747/1605 1167/1735/1593 1188/1748/1606
f 1188/1748/1606 1167/1735/1593 1187/1733/1591
f 1188/1748/1606 1187/1733/1591 1208/1749/1607
f 1208/1749/1607 1187/1733/1591 1207/1731/1589
f 1208/1749/1607 1207/1731/1589 1228/1750/1608
f 1228/1750/1608 1207/1731/1589 1227/1729/1587
f 1228/1750/1608 1227/1729/1587 1127/1667/1525
f 1149/1658/1516 1150/1751/1609 1134/1656/1514
f 1134/1656/1514 1150/1751/1609 1151/1752/1610
f 1134/1656/1514 1151/1752/1610 1152/1753/1611
f 1152/1753/1611 1151/1752/1610 1172/1754/1612
f 1152/1753/1611 1172/1754/1612 1173/1755/1613
f 1173/1755/1613 1172/1754/1612 1193/1756/1614
f 1173/1755/1613 1193/1756/1614 1194/1672/1530
f 1194/1672/1530 1193/1756/1614 1214/1670/1528
f 1149/1658/1516 1170/1660/1518 1150/1751/1609
f 1150/1751/1609 1170/1660/1518 1171/1757/1615
f 1150/1751/1609 1171/1757/1615 1151/1752/1610
f 1151/1752/1610 1171/1757/1615 1172/1754/1612
f 1154/1676/1534 1134/1656/1514 1153/1758/1616
f 1153/1758/1616 1134/1656/1514 1152/1753/1611
f 1153/1758/1616 1152/1753/1611 1173/1755/1613
f 1174/1674/1532 1154/1676/1534 1153/1758/1616
f 1174/1674/1532 1153/1758/1616 1173/1755/1613
f 1179/1690/1548 1158/1688/1546 1178/1702/1560
f 1178/1702/1560 1158/1688/1546 1157/1700/1558
f 1159/1689/1547 1180/1691/1549 1160/1738/1596
f 1160/1738/1596 1180/1691/1549 1181/1759/1617
f 1160/1738/1596 1181/1759/1617 1161/1720/1578
f 1161/1720/1578 1181/1759/1617 1182/1722/1580
f 1162/1721/1579 1183/1723/1581 1163/1745/1603
f 1163/1745/1603 1183/1723/1581 1184/1760/1618
f 1163/1745/1603 1184/1760/1618 1164/1742/1600
f 1164/1742/1600 1184/1760/1618 1185/1744/1602
f 1186/1732/1590 1166/1734/1592 1165/1743/1601
f 1148/1657/1515 1168/1747/1605 1169/1659/1517
f 1169/1659/1517 1168/1747/1605 1189/1761/1619
f 1169/1659/1517 1189/1761/1619 1190/1661/1519
f 1190/1661/1519 1189/1761/1619 1210/1762/1620
f 1190/1661/1519 1210/1762/1620 1211/1663/1521
f 1211/1663/1521 1210/1762/1620 1231/1763/1621
f 1211/1663/1521 1231/1763/1621 1232/1665/1523
f 1232/1665/1523 1231/1763/1621 1127/1667/1525
f 1189/1761/1619 1168/1747/1605 1188/1748/1606
f 1170/1660/1518 1191/1662/1520 1171/1757/1615
f 1171/1757/1615 1191/1662/1520 1192/1764/1622
f 1171/1757/1615 1192/1764/1622 1172/1754/1612
f 1172/1754/1612 1192/1764/1622 1193/1756/1614
f 1194/1672/1530 1174/1674/1532 1173/1755/1613
f 1200/1692/1550 1179/1690/1548 1199/1704/1562
f 1199/1704/1562 1179/1690/1548 1178/1702/1560
f 1180/1691/1549 1201/1693/1551 1181/1759/1617
f 1181/1759/1617 1201/1693/1551 1202/1765/1623
f 1181/1759/1617 1202/1765/1623 1182/1722/1580
f 1182/1722/1580 1202/1765/1623 1203/1724/1582
f 1183/1723/1581 1204/1725/1583 1184/1760/1618
f 1184/1760/1618 1204/1725/1583 1205/1766/1624
f 1184/1760/1618 1205/1766/1624 1185/1744/1602
f 1185/1744/1602 1205/1766/1624 1206/1730/1588
f 1189/1761/1619 1188/1748/1606 1209/1767/1625
f 1209/1767/1625 1188/1748/1606 1208/1749/1607
f 1209/1767/1625 1208/1749/1607 1229/1768/1626
f 1229/1768/1626 1208/1749/1607 1228/1750/1608
f 1229/1768/1626 1228/1750/1608 1127/1667/1525
f 1191/1662/1520 1212/1664/1522 1192/1764/1622
f 1192/1764/1622 1212/1664/1522 1213/1769/1627
f 1192/1764/1622 1213/1769/1627 1193/1756/1614
f 1193/1756/1614 1213/1769/1627 1214/1670/1528
f 1217/1716/1574 1197/1709/1567 1196/1713/1571
f 1196/1713/1571 1197/1709/1567 1176/1708/1566
f 1216/1715/1573 1217/1716/1574 1196/1713/1571
f 1221/1694/1552 1200/1692/1550 1220/1706/1564
f 1220/1706/1564 1200/1692/1550 1199/1704/1562
f 1201/1693/1551 1222/1695/1553 1202/1765/1623
f 1202/1765/1623 1222/1695/1553 1223/1770/1628
f 1202/1765/1623 1223/1770/1628 1203/1724/1582
f 1203/1724/1582 1223/1770/1628 1224/1726/1584
f 1226/1728/1586 1206/1730/1588 1205/1766/1624
f 1226/1728/1586 1205/1766/1624 1225/1727/1585
f 1225/1727/1585 1205/1766/1624 1204/1725/1583
f 1189/1761/1619 1209/1767/1625 1210/1762/1620
f 1210/1762/1620 1209/1767/1625 1230/1771/1629
f 1210/1762/1620 1230/1771/1629 1231/1763/1621
f 1231/1763/1621 1230/1771/1629 1127/1667/1525
f 1230/1771/1629 1209/1767/1625 1229/1768/1626
f 1234/1668/1526 1214/1670/1528 1213/1769/1627
f 1234/1668/1526 1213/1769/1627 1233/1666/1524
f 1233/1666/1524 1213/1769/1627 1212/1664/1522
f 1127/1667/1525 1224/1726/1584 1223/1770/1628
f 1223/1770/1628 1222/1695/1553 1127/1667/1525
f 1127/1667/1525 1230/1771/1629 1229/1768/1626
f 1127/1772/1525 1236/1773/1630 1128/1774/1631
f 1128/1774/1631 1236/1773/1630 1237/1775/1632
f 1128/1774/1631 1237/1775/1632 1238/1776/1633
f 1128/1774/1631 1238/1776/1633 1129/1777/1634
f 1129/1777/1634 1238/1776/1633 1239/1778/1635
f 1129/1777/1634 1239/1778/1635 1130/1779/1636
f 1130/1779/1636 1239/1778/1635 1131/1780/1637
f 1131/1780/1637 1239/1778/1635 1240/1781/1638
f 1131/1780/1637 1240/1781/1638 1132/1782/1639
f 1132/1782/1639 1240/1781/1638 1241/1783/1640
f 1132/1782/1639 1241/1783/1640 1242/1784/1641
f 1132/1782/1639 1242/1784/1641 1133/1785/1642
f 1133/1785/1642 1242/1784/1641 1243/1786/1643
f 1133/1785/1642 1243/1786/1643 1134/1787/1644
f 1134/1787/1644 1243/1786/1643 1135/1788/1645
f 1135/1788/1645 1243/1786/1643 1244/1789/1646
f 1135/1788/1645 1244/1789/1646 1116/1790/1647
f 1116/1790/1647 1244/1789/1646 1245/1791/1648
f 1236/1792/1630 1246/1793/1649 1237/1794/1650
f 1237/1794/1650 1246/1793/1649 1261/1795/1651
f 1237/1794/1650 1261/1795/1651 1262/1796/1652
f 1262/1796/1652 1261/1795/1651 1270/1797/1653
f 1262/1796/1652 1270/1797/1653 1271/1798/1654
f 1271/1798/1654 1270/1797/1653 1279/1799/1655
f 1271/1798/1654 1279/1799/1655 1239/1800/1656
f 1239/1800/1656 1279/1799/1655 1240/1801/1657
f 1240/1801/1657 1279/1799/1655 1241/1802/1658
f 1241/1802/1658 1279/1799/1655 1287/1803/1659
f 1241/1802/1658 1287/1803/1659 1242/1804/1660
f 1242/1804/1660 1287/1803/1659 1295/1805/1661
f 1242/1804/1660 1295/1805/1661 1243/1806/1662
f 1243/1806/1662 1295/1805/1661 1244/1807/1663
f 1244/1807/1663 1295/1805/1661 1294/1808/1664
f 1244/1807/1663 1294/1808/1664 1293/1809/1665
f 1293/1809/1665 1294/1808/1664 1285/1810/1666
f 1293/1809/1665 1285/1810/1666 1284/1811/1667
f 1284/1811/1667 1285/1810/1666 1276/1812/1668
f 1284/1811/1667 1276/1812/1668 1275/1813/1669
f 1275/1813/1669 1276/1812/1668 1267/1814/1670
f 1275/1813/1669 1267/1814/1670 1266/1815/1671
f 1266/1815/1671 1267/1814/1670 1258/1816/1672
f 1266/1815/1671 1258/1816/1672 1257/1817/1673
f 1257/1817/1673 1258/1816/1672 1246/1793/1649
f 1257/1817/1673 1246/1793/1649 1256/1818/1674
f 1256/1818/1674 1246/1793/1649 1247/1819/1675
f 1256/1818/1674 1247/1819/1675 1248/1820/1676
f 1256/1818/1674 1248/1820/1676 1264/1821/1677
f 1264/1821/1677 1248/1820/1676 1249/1822/1678
f 1264/1821/1677 1249/1822/1678 1272/1823/1679
f 1272/1823/1679 1249/1822/1678 1250/1824/1680
f 1272/1823/1679 1250/1824/1680 1251/1825/1681
f 1272/1823/1679 1251/1825/1681 1280/1826/1682
f 1280/1826/1682 1251/1825/1681 1252/1827/1683
f 1280/1826/1682 1252/1827/1683 1288/1828/1684
f 1288/1828/1684 1252/1827/1683 1253/1829/1685
f 1288/1828/1684 1253/1829/1685 1289/1830/1686
f 1289/1830/1686 1253/1829/1685 1290/1831/1687
f 1289/1830/1686 1290/1831/1687 1281/1832/1688
f 1281/1832/1688 1290/1831/1687 1282/1833/1689
f 1281/1832/1688 1282/1833/1689 1273/1834/1690
f 1273/1834/1690 1282/1833/1689 1274/1835/1691
f 1273/1834/1690 1274/1835/1691 1265/1836/1692
f 1265/1836/1692 1274/1835/1691 1266/1815/1671
f 1265/1836/1692 1266/1815/1671 1257/1817/1673
f 1290/1831/1687 1253/1829/1685 1244/1807/1663
f 1244/1807/1663 1253/1829/1685 1254/1837/1693
f 1244/1807/1663 1254/1837/1693 1245/1838/1694
f 1245/1838/1694 1254/1837/1693 1255/1839/1695
f 1239/1800/1656 1238/1840/1696 1271/1798/1654
f 1271/1798/1654 1238/1840/1696 1263/1841/1697
f 1271/1798/1654 1263/1841/1697 1262/1796/1652
f 1262/1796/1652 1263/1841/1697 1237/1794/1650
f 1238/1840/1696 1237/1794/1650 1263/1841/1697
f 1265/1836/1692 1257/1817/1673 1256/1818/1674
f 1258/1816/1672 1259/1842/1698 1246/1793/1649
f 1246/1793/1649 1259/1842/1698 1260/1843/1699
f 1246/1793/1649 1260/1843/1699 1261/1795/1651
f 1261/1795/1651 1260/1843/1699 1269/1844/1700
f 1261/1795/1651 1269/1844/1700 1270/1797/1653
f 1270/1797/1653 1269/1844/1700 1278/1845/1701
f 1270/1797/1653 1278/1845/1701 1279/1799/1655
f 1279/1799/1655 1278/1845/1701 1287/1803/1659
f 1258/1816/1672 1267/1814/1670 1259/1842/1698
f 1259/1842/1698 1267/1814/1670 1268/1846/1702
f 1259/1842/1698 1268/1846/1702 1260/1843/1699
f 1260/1843/1699 1268/1846/1702 1269/1844/1700
f 1273/1834/1690 1265/1836/1692 1264/1821/1677
f 1264/1821/1677 1265/1836/1692 1256/1818/1674
f 1275/1813/1669 1266/1815/1671 1274/1835/1691
f 1267/1814/1670 1276/1812/1668 1268/1846/1702
f 1268/1846/1702 1276/1812/1668 1277/1847/1703
f 1268/1846/1702 1277/1847/1703 1269/1844/1700
f 1269/1844/1700 1277/1847/1703 1278/1845/1701
f 1281/1832/1688 1273/1834/1690 1272/1823/1679
f 1272/1823/1679 1273/1834/1690 1264/1821/1677
f 1275/1813/1669 1274/1835/1691 1283/1848/1704
f 1283/1848/1704 1274/1835/1691 1282/1833/1689
f 1283/1848/1704 1282/1833/1689 1291/1849/1705
f 1291/1849/1705 1282/1833/1689 1290/1831/1687
f 1291/1849/1705 1290/1831/1687 1244/1807/1663
f 1276/1812/1668 1285/1810/1666 1277/1847/1703
f 1277/1847/1703 1285/1810/1666 1286/1850/1706
f 1277/1847/1703 1286/1850/1706 1278/1845/1701
f 1278/1845/1701 1286/1850/1706 1287/1803/1659
f 1289/1830/1686 1281/1832/1688 1280/1826/1682
f 1280/1826/1682 1281/1832/1688 1272/1823/1679
f 1288/1828/1684 1289/1830/1686 1280/1826/1682
f 1275/1813/1669 1283/1848/1704 1284/1811/1667
f 1284/1811/1667 1283/1848/1704 1292/1851/1707
f 1284/1811/1667 1292/1851/1707 1293/1809/1665
f 1293/1809/1665 1292/1851/1707 1244/1807/1663
f 1292/1851/1707 1283/1848/1704 1291/1849/1705
f 1295/1805/1661 1287/1803/1659 1286/1850/1706
f 1295/1805/1661 1286/1850/1706 1294/1808/1664
f 1294/1808/1664 1286/1850/1706 1285/1810/1666
f 1244/1807/1663 1292/1851/1707 1291/1849/1705
f 1296/1852/1708 1297/1853/1709 1246/1854/1649
f 1246/1854/1649 1297/1853/1709 1247/1855/1710
f 1247/1855/1710 1297/1853/1709 1298/1856/1711
f 1247/1855/1710 1298/1856/1711 1248/1857/1712
f 1248/1857/1712 1298/1856/1711 1299/1858/1713
f 1248/1857/1712 1299/1858/1713 1249/1859/1714
f 1249/1859/1714 1299/1858/1713 1300/1860/1715
f 1249/1859/1714 1300/1860/1715 1250/1861/1716
f 1250/1861/1716 1300/1860/1715 1301/1862/1717
f 1250/1861/1716 1301/1862/1717 1251/1863/1718
f 1251/1863/1718 1301/1862/1717 1302/1864/1719
f 1251/1863/1718 1302/1864/1719 1252/1865/1720
f 1252/1865/1720 1302/1864/1719 1303/1866/1721
f 1252/1865/1720 1303/1866/1721 1253/1867/1722
f 1253/1867/1722 1303/1866/1721 1304/1868/1723
f 1253/1867/1722 1304/1868/1723 1254/1869/1724
f 1254/1869/1724 1304/1868/1723 1305/1870/1725
f 1254/1869/1724 1305/1870/1725 1255/1871/1726
f 1306/1872/1727 1307/1873/1728 1325/1874/1729
f 1325/1874/1729 1307/1873/1728 1308/1875/1730
f 1325/1874/1729 1308/1875/1730 1324/1876/1731
f 1324/1876/1731 1308/1875/1730 1309/1877/1732
f 1324/1876/1731 1309/1877/1732 1323/1878/1733
f 1323/1878/1733 1309/1877/1732 1310/1879/1734
f 1323/1878/1733 1310/1879/1734 1322/1880/1735
f 1322/1880/1735 1310/1879/1734 1311/1881/1736
f 1322/1880/1735 1311/1881/1736 1321/1882/1737
f 1321/1882/1737 1311/1881/1736 1312/1883/1738
f 1321/1882/1737 1312/1883/1738 1320/1884/1739
f 1320/1884/1739 1312/1883/1738 1313/1885/1740
f 1320/1884/1739 1313/1885/1740 1319/1886/1741
f 1319/1886/1741 1313/1885/1740 1314/1887/1742
f 1319/1886/1741 1314/1887/1742 1318/1888/1743
f 1318/1888/1743 1314/1887/1742 1315/1889/1744
f 1318/1888/1743 1315/1889/1744 1317/1890/1745
f 1317/1890/1745 1315/1889/1744 1316/1891/1746
f 1296/1892/1708 1316/1893/1746 1297/1894/1747
f 1297/1894/1747 1316/1893/1746 1328/1895/1748
f 1297/1894/1747 1328/1895/1748 1298/1896/1749
f 1298/1896/1749 1328/1895/1748 1331/1897/1750
f 1298/1896/1749 1331/1897/1750 1299/1898/1751
f 1299/1898/1751 1331/1897/1750 1334/1899/1752
f 1299/1898/1751 1334/1899/1752 1300/1900/1753
f 1300/1900/1753 1334/1899/1752 1301/1901/1754
f 1301/1901/1754 1334/1899/1752 1337/1902/1755
f 1301/1901/1754 1337/1902/1755 1302/1903/1756
f 1302/1903/1756 1337/1902/1755 1340/1904/1757
f 1302/1903/1756 1340/1904/1757 1303/1905/1758
f 1303/1905/1758 1340/1904/1757 1304/1906/1759
f 1304/1906/1759 1340/1904/1757 1305/1907/1760
f 1305/1907/1760 1340/1904/1757 1339/1908/1761
f 1305/1907/1760 1339/1908/1761 1308/1909/1762
f 1308/1909/1762 1339/1908/1761 1338/1910/1763
f 1308/1909/1762 1338/1910/1763 1309/1911/1764
f 1309/1911/1764 1338/1910/1763 1310/1912/1765
f 1310/1912/1765 1338/1910/1763 1335/1913/1766
f 1310/1912/1765 1335/1913/1766 1311/1914/1767
f 1311/1914/1767 1335/1913/1766 1332/1915/1768
f 1311/1914/1767 1332/1915/1768 1312/1916/1769
f 1312/1916/1769 1332/1915/1768 1313/1917/1770
f 1313/1917/1770 1332/1915/1768 1329/1918/1771
f 1313/1917/1770 1329/1918/1771 1314/1919/1772
f 1314/1919/1772 1329/1918/1771 1326/1920/1773
f 1314/1919/1772 1326/1920/1773 1315/1921/1774
f 1315/1921/1774 1326/1920/1773 1316/1893/1746
f 1316/1893/1746 1326/1920/1773 1327/1922/1775
f 1316/1893/1746 1327/1922/1775 1328/1895/1748
f 1328/1895/1748 1327/1922/1775 1331/1897/1750
f 1308/1909/1762 1307/1923/1776 1305/1907/1760
f 1327/1922/1775 1326/1920/1773 1330/1924/1777
f 1330/1924/1777 1326/1920/1773 1329/1918/1771
f 1330/1924/1777 1329/1918/1771 1333/1925/1778
f 1333/1925/1778 1329/1918/1771 1332/1915/1768
f 1333/1925/1778 1332/1915/1768 1336/1926/1779
f 1336/1926/1779 1332/1915/1768 1335/1913/1766
f 1336/1926/1779 1335/1913/1766 1339/1908/1761
f 1339/1908/1761 1335/1913/1766 1338/1910/1763
f 1334/1899/1752 1331/1897/1750 1330/1924/1777
f 1330/1924/1777 1331/1897/1750 1327/1922/1775
f 1334/1899/1752 1330/1924/1777 1333/1925/1778
f 1337/1902/1755 1334/1899/1752 1333/1925/1778
f 1337/1902/1755 1333/1925/1778 1336/1926/1779
f 1340/1904/1757 1337/1902/1755 1336/1926/1779
f 1340/1904/1757 1336/1926/1779 1339/1908/1761
f 1341/1927/1780 1306/1928/1781 1350/1929/1782
f 1350/1929/1782 1306/1928/1781 1355/1930/1783
f 1350/1929/1782 1355/1930/1783 1356/1931/1784
f 1356/1931/1784 1355/1930/1783 1364/1932/1785
f 1356/1931/1784 1364/1932/1785 1365/1933/1786
f 1365/1933/1786 1364/1932/1785 1373/1934/1787
f 1365/1933/1786 1373/1934/1787 1374/1935/1788
f 1374/1935/1788 1373/1934/1787 1382/1936/1789
f 1374/1935/1788 1382/1936/1789 1345/1937/1790
f 1345/1937/1790 1382/1936/1789 1344/1938/1791
f 1344/1938/1791 1382/1936/1789 1390/1939/1792
f 1344/1938/1791 1390/1939/1792 1343/1940/1793
f 1343/1940/1793 1390/1939/1792 1342/1941/1794
f 1342/1941/1794 1390/1939/1792 1389/1942/1795
f 1342/1941/1794 1389/1942/1795 1388/1943/1796
f 1388/1943/1796 1389/1942/1795 1380/1944/1797
f 1388/1943/1796 1380/1944/1797 1379/1945/1798
f 1379/1945/1798 1380/1944/1797 1371/1946/1799
f 1379/1945/1798 1371/1946/1799 1370/1947/1800
f 1370/1947/1800 1371/1946/1799 1362/1948/1801
f 1370/1947/1800 1362/1948/1801 1361/1949/1802
f 1361/1949/1802 1362/1948/1801 1353/1950/1803
f 1361/1949/1802 1353/1950/1803 1352/1951/1804
f 1352/1951/1804 1353/1950/1803 1306/1928/1781
f 1352/1951/1804 1306/1928/1781 1351/1952/1805
f 1351/1952/1805 1306/1928/1781 1325/1953/1806
f 1351/1952/1805 1325/1953/1806 1324/1954/1807
f 1324/1954/1807 1323/1955/1808 1351/1952/1805
f 1351/1952/1805 1323/1955/1808 1359/1956/1809
f 1351/1952/1805 1359/1956/1809 1360/1957/1810
f 1360/1957/1810 1359/1956/1809 1368/1958/1811
f 1360/1957/1810 1368/1958/1811 1369/1959/1812
f 1369/1959/1812 1368/1958/1811 1377/1960/1813
f 1369/1959/1812 1377/1960/1813 1378/1961/1814
f 1378/1961/1814 1377/1960/1813 1386/1962/1815
f 1378/1961/1814 1386/1962/1815 1387/1963/1816
f 1387/1963/1816 1386/1962/1815 1342/1941/1794
f 1387/1963/1816 1342/1941/1794 1388/1943/1796
f 1323/1955/1808 1322/1964/1817 1359/1956/1809
f 1359/1956/1809 1322/1964/1817 1367/1965/1818
f 1359/1956/1809 1367/1965/1818 1368/1958/1811
f 1368/1958/1811 1367/1965/1818 1376/1966/1819
f 1368/1958/1811 1376/1966/1819 1377/1960/1813
f 1377/1960/1813 1376/1966/1819 1385/1967/1820
f 1377/1960/1813 1385/1967/1820 1386/1962/1815
f 1386/1962/1815 1385/1967/1820 1342/1941/1794
f 1322/1964/1817 1321/1968/1821 1367/1965/1818
f 1367/1965/1818 1321/1968/1821 1320/1969/1822
f 1367/1965/1818 1320/1969/1822 1375/1970/1823
f 1375/1970/1823 1320/1969/1822 1319/1971/1824
f 1375/1970/1823 1319/1971/1824 1383/1972/1825
f 1383/1972/1825 1319/1971/1824 1318/1973/1826
f 1383/1972/1825 1318/1973/1826 1384/1974/1827
f 1384/1974/1827 1318/1973/1826 1385/1967/1820
f 1384/1974/1827 1385/1967/1820 1376/1966/1819
f 1317/1975/1745 1342/1941/1794 1318/1973/1826
f 1318/1973/1826 1342/1941/1794 1385/1967/1820
f 1345/1937/1790 1346/1976/1828 1374/1935/1788
f 1374/1935/1788 1346/1976/1828 1347/1977/1829
f 1374/1935/1788 1347/1977/1829 1366/1978/1830
f 1366/1978/1830 1347/1977/1829 1348/1979/1831
f 1366/1978/1830 1348/1979/1831 1358/1980/1832
f 1358/1980/1832 1348/1979/1831 1349/1981/1833
f 1358/1980/1832 1349/1981/1833 1350/1929/1782
f 1361/1949/1802 1352/1951/1804 1360/1957/1810
f 1360/1957/1810 1352/1951/1804 1351/1952/1805
f 1355/1930/1783 1306/1928/1781 1354/1982/1834
f 1354/1982/1834 1306/1928/1781 1353/1950/1803
f 1354/1982/1834 1353/1950/1803 1362/1948/1801
f 1355/1930/1783 1354/1982/1834 1363/1983/1835
f 1363/1983/1835 1354/1982/1834 1362/1948/1801
f 1363/1983/1835 1362/1948/1801 1371/1946/1799
f 1358/1980/1832 1350/1929/1782 1357/1984/1836
f 1357/1984/1836 1350/1929/1782 1356/1931/1784
f 1357/1984/1836 1356/1931/1784 1365/1933/1786
f 1366/1978/1830 1358/1980/1832 1357/1984/1836
f 1366/1978/1830 1357/1984/1836 1365/1933/1786
f 1370/1947/1800 1361/1949/1802 1369/1959/1812
f 1369/1959/1812 1361/1949/1802 1360/1957/1810
f 1355/1930/1783 1363/1983/1835 1364/1932/1785
f 1364/1932/1785 1363/1983/1835 1372/1985/1837
f 1364/1932/1785 1372/1985/1837 1373/1934/1787
f 1373/1934/1787 1372/1985/1837 1381/1986/1838
f 1373/1934/1787 1381/1986/1838 1382/1936/1789
f 1382/1936/1789 1381/1986/1838 1390/1939/1792
f 1372/1985/1837 1363/1983/1835 1371/1946/1799
f 1374/1935/1788 1366/1978/1830 1365/1933/1786
f 1379/1945/1798 1370/1947/1800 1378/1961/1814
f 1378/1961/1814 1370/1947/1800 1369/1959/1812
f 1381/1986/1838 1372/1985/1837 1380/1944/1797
f 1380/1944/1797 1372/1985/1837 1371/1946/1799
f 1384/1974/1827 1376/1966/1819 1375/1970/1823
f 1375/1970/1823 1376/1966/1819 1367/1965/1818
f 1383/1972/1825 1384/1974/1827 1375/1970/1823
f 1388/1943/1796 1379/1945/1798 1387/1963/1816
f 1387/1963/1816 1379/1945/1798 1378/1961/1814
f 1390/1939/1792 1381/1986/1838 1389/1942/1795
f 1389/1942/1795 1381/1986/1838 1380/1944/1797
f 1117/1987/1839 1341/1988/1840 1118/1989/1841
f 1118/1989/1841 1341/1988/1840 1350/1990/1842
f 1118/1989/1841 1350/1990/1842 1119/1991/1843
f 1119/1991/1843 1350/1990/1842 1349/1992/1844
f 1119/1991/1843 1349/1992/1844 1348/1993/1845
f 1119/1991/1843 1348/1993/1845 1120/1994/1846
f 1120/1994/1846 1348/1993/1845 1347/1995/1847
f 1120/1994/1846 1347/1995/1847 1121/1996/1848
f 1121/1996/1848 1347/1995/1847 1122/1997/1849
f 1122/1997/1849 1347/1995/1847 1346/1998/1850
f 1122/1997/1849 1346/1998/1850 1123/1999/1851
f 1123/1999/1851 1346/1998/1850 1345/2000/1852
f 1123/1999/1851 1345/2000/1852 1344/2001/1853
f 1123/1999/1851 1344/2001/1853 1124/2002/1854
f 1124/2002/1854 1344/2001/1853 1343/2003/1855
f 1124/2002/1854 1343/2003/1855 1125/2004/1856
f 1125/2004/1856 1343/2003/1855 1126/2005/1555
f 1126/2005/1555 1343/2003/1855 1342/2006/1794
f 1245/2007/1694 1255/2008/1695 1392/2009/1857
f 1392/2009/1857 1255/2008/1695 1391/2010/1858
f 1255/2011/1726 1305/2012/1725 1391/2013/1859
f 1391/2013/1859 1305/2012/1725 1393/2014/1860
f 1305/2015/1760 1307/2016/1776 1393/2017/1861
f 1393/2017/1861 1307/2016/1776 1394/2018/1862
f 1307/2019/1728 1306/2020/1727 1394/2021/1863
f 1394/2021/1863 1306/2020/1727 1395/2022/1864
f 1397/2023/1865 1342/2024/1794 1396/2025/1866
f 1396/2025/1866 1342/2024/1794 1316/2026/1746
f 1396/2025/1866 1316/2026/1746 1406/2027/1867
f 1406/2027/1867 1316/2026/1746 1296/2028/1708
f 1406/2027/1867 1296/2028/1708 1405/2029/1868
f 1405/2029/1868 1296/2028/1708 1399/2030/1869
f 1405/2029/1868 1399/2030/1869 1400/2031/1870
f 1398/2032/1871 1127/2033/1525 1397/2023/1865
f 1397/2023/1865 1127/2033/1525 1126/2034/1555
f 1397/2023/1865 1126/2034/1555 1342/2024/1794
f 1127/2033/1525 1398/2032/1871 1236/2035/1630
f 1236/2035/1630 1398/2032/1871 1399/2030/1869
f 1236/2035/1630 1399/2030/1869 1296/2028/1708
f 1400/2031/1870 1401/2036/1872 1405/2029/1868
f 1405/2029/1868 1401/2036/1872 1402/2037/1873
f 1405/2029/1868 1402/2037/1873 1403/2038/1874
f 1403/2038/1874 1404/2039/1875 1405/2029/1868
f 1407/2040/1876 1408/2041/1877 1406/2027/1867
f 1406/2027/1867 1408/2041/1877 1409/2042/1878
f 1406/2027/1867 1409/2042/1878 1410/2043/1879
f 1410/2043/1879 1411/2044/1880 1406/2027/1867
f 1406/2027/1867 1411/2044/1880 1396/2025/1866
f 1317/2045/1745 1316/2026/1746 1342/2024/1794
f 1296/2028/1708 1246/2046/1649 1236/2035/1630
f 1399/2047/1869 1398/2048/1871 1420/2049/1881
f 1420/2049/1881 1398/2048/1871 1412/2050/1882
f 1420/2049/1881 1412/2050/1882 1421/2051/1883
f 1421/2051/1883 1412/2050/1882 1413/2052/1884
f 1421/2051/1883 1413/2052/1884 1422/2053/1885
f 1422/2053/1885 1413/2052/1884 1414/2054/1886
f 1422/2053/1885 1414/2054/1886 1415/2055/1887
f 1415/2055/1887 1416/2056/1888 1422/2053/1885
f 1422/2053/1885 1416/2056/1888 1417/2057/1889
f 1422/2053/1885 1417/2057/1889 1421/2051/1883
f 1421/2051/1883 1417/2057/1889 1418/2058/1890
f 1421/2051/1883 1418/2058/1890 1420/2049/1881
f 1420/2049/1881 1418/2058/1890 1419/2059/1891
f 1420/2049/1881 1419/2059/1891 1399/2047/1869
f 1423/2060/1892 1424/2061/1893 1431/2062/1894
f 1431/2062/1894 1424/2061/1893 1434/2063/1895
f 1431/2062/1894 1434/2063/1895 1430/2064/1896
f 1430/2064/1896 1434/2063/1895 1437/2065/1897
f 1430/2064/1896 1437/2065/1897 1429/2066/1898
f 1429/2066/1898 1437/2065/1897 1440/2067/1899
f 1429/2066/1898 1440/2067/1899 1428/2068/1900
f 1428/2068/1900 1440/2067/1899 1443/2069/1901
f 1428/2068/1900 1443/2069/1901 1427/2070/1902
f 1427/2070/1902 1443/2069/1901 1446/2071/1903
f 1427/2070/1902 1446/2071/1903 1416/2072/1888
f 1416/2072/1888 1446/2071/1903 1417/2073/1889
f 1417/2073/1889 1446/2071/1903 1445/2074/1904
f 1417/2073/1889 1445/2074/1904 1418/2075/1890
f 1418/2075/1890 1445/2074/1904 1444/2076/1905
f 1418/2075/1890 1444/2076/1905 1419/2077/1891
f 1419/2077/1891 1444/2076/1905 1400/2078/1870
f 1419/2077/1891 1400/2078/1870 1399/2079/1869
f 1424/2061/1893 1425/2080/1906 1434/2063/1895
f 1434/2063/1895 1425/2080/1906 1433/2081/1907
f 1434/2063/1895 1433/2081/1907 1437/2065/1897
f 1437/2065/1897 1433/2081/1907 1436/2082/1908
f 1437/2065/1897 1436/2082/1908 1440/2067/1899
f 1440/2067/1899 1436/2082/1908 1439/2083/1909
f 1440/2067/1899 1439/2083/1909 1443/2069/1901
f 1443/2069/1901 1439/2083/1909 1442/2084/1910
f 1443/2069/1901 1442/2084/1910 1446/2071/1903
f 1446/2071/1903 1442/2084/1910 1445/2074/1904
f 1425/2080/1906 1426/2085/1911 1433/2081/1907
f 1433/2081/1907 1426/2085/1911 1432/2086/1912
f 1433/2081/1907 1432/2086/1912 1436/2082/1908
f 1436/2082/1908 1432/2086/1912 1435/2087/1913
f 1436/2082/1908 1435/2087/1913 1439/2083/1909
f 1439/2083/1909 1435/2087/1913 1438/2088/1914
f 1439/2083/1909 1438/2088/1914 1442/2084/1910
f 1442/2084/1910 1438/2088/1914 1441/2089/1915
f 1442/2084/1910 1441/2089/1915 1445/2074/1904
f 1445/2074/1904 1441/2089/1915 1444/2076/1905
f 1426/2085/1911 1405/2090/1868 1432/2086/1912
f 1432/2086/1912 1405/2090/1868 1404/2091/1875
f 1432/2086/1912 1404/2091/1875 1435/2087/1913
f 1435/2087/1913 1404/2091/1875 1403/2092/1874
f 1435/2087/1913 1403/2092/1874 1438/2088/1914
f 1438/2088/1914 1403/2092/1874 1402/2093/1873
f 1438/2088/1914 1402/2093/1873 1441/2089/1915
f 1441/2089/1915 1402/2093/1873 1401/2094/1872
f 1441/2089/1915 1401/2094/1872 1444/2076/1905
f 1444/2076/1905 1401/2094/1872 1400/2078/1870
f 1448/2095/1916 1451/2096/1917 1447/2097/1918
f 1447/2097/1918 1451/2096/1917 1452/2098/1919
f 1447/2097/1918 1452/2098/1919 1423/2099/1892
f 1423/2099/1892 1452/2098/1919 1424/2100/1893
f 1424/2100/1893 1452/2098/1919 1425/2101/1906
f 1425/2101/1906 1452/2098/1919 1454/2102/1920
f 1425/2101/1906 1454/2102/1920 1426/2103/1911
f 1426/2103/1911 1454/2102/1920 1456/2104/1921
f 1426/2103/1911 1456/2104/1921 1405/2105/1868
f 1405/2105/1868 1456/2104/1921 1455/2106/1922
f 1405/2105/1868 1455/2106/1922 1406/2107/1867
f 1406/2107/1867 1455/2106/1922 1450/2108/1923
f 1450/2108/1923 1455/2106/1922 1449/2109/1924
f 1449/2109/1924 1455/2106/1922 1453/2110/1925
f 1449/2109/1924 1453/2110/1925 1448/2095/1916
f 1448/2095/1916 1453/2110/1925 1451/2096/1917
f 1454/2102/1920 1452/2098/1919 1451/2096/1917
f 1454/2102/1920 1451/2096/1917 1453/2110/1925
f 1456/2104/1921 1454/2102/1920 1453/2110/1925
f 1456/2104/1921 1453/2110/1925 1455/2106/1922
f 1457/2111/1926 1458/2112/1927 1465/2113/1928
f 1465/2113/1928 1458/2112/1927 1468/2114/1929
f 1465/2113/1928 1468/2114/1929 1464/2115/1930
f 1464/2115/1930 1468/2114/1929 1471/2116/1931
f 1464/2115/1930 1471/2116/1931 1463/2117/1932
f 1463/2117/1932 1471/2116/1931 1474/2118/1933
f 1463/2117/1932 1474/2118/1933 1462/2119/1934
f 1462/2119/1934 1474/2118/1933 1477/2120/1935
f 1462/2119/1934 1477/2120/1935 1461/2121/1936
f 1461/2121/1936 1477/2120/1935 1480/2122/1937
f 1461/2121/1936 1480/2122/1937 1447/2123/1918
f 1447/2123/1918 1480/2122/1937 1448/2124/1916
f 1448/2124/1916 1480/2122/1937 1479/2125/1938
f 1448/2124/1916 1479/2125/1938 1449/2126/1924
f 1449/2126/1924 1479/2125/1938 1478/2127/1939
f 1449/2126/1924 1478/2127/1939 1450/2128/1923
f 1450/2128/1923 1478/2127/1939 1407/2129/1876
f 1450/2128/1923 1407/2129/1876 1406/2130/1867
f 1458/2112/1927 1459/2131/1940 1468/2114/1929
f 1468/2114/1929 1459/2131/1940 1467/2132/1941
f 1468/2114/1929 1467/2132/1941 1471/2116/1931
f 1471/2116/1931 1467/2132/1941 1470/2133/1942
f 1471/2116/1931 1470/2133/1942 1474/2118/1933
f 1474/2118/1933 1470/2133/1942 1473/2134/1943
f 1474/2118/1933 1473/2134/1943 1477/2120/1935
f 1477/2120/1935 1473/2134/1943 1476/2135/1944
f 1477/2120/1935 1476/2135/1944 1480/2122/1937
f 1480/2122/1937 1476/2135/1944 1479/2125/1938
f 1459/2131/1940 1460/2136/1945 1467/2132/1941
f 1467/2132/1941 1460/2136/1945 1466/2137/1946
f 1467/2132/1941 1466/2137/1946 1470/2133/1942
f 1470/2133/1942 1466/2137/1946 1469/2138/1947
f 1470/2133/1942 1469/2138/1947 1473/2134/1943
f 1473/2134/1943 1469/2138/1947 1472/2139/1948
f 1473/2134/1943 1472/2139/1948 1476/2135/1944
f 1476/2135/1944 1472/2139/1948 1475/2140/1949
f 1476/2135/1944 1475/2140/1949 1479/2125/1938
f 1479/2125/1938 1475/2140/1949 1478/2127/1939
f 1460/2136/1945 1396/2141/1866 1466/2137/1946
f 1466/2137/1946 1396/2141/1866 1411/2142/1880
f 1466/2137/1946 1411/2142/1880 1469/2138/1947
f 1469/2138/1947 1411/2142/1880 1410/2143/1879
f 1469/2138/1947 1410/2143/1879 1472/2139/1948
f 1472/2139/1948 1410/2143/1879 1409/2144/1878
f 1472/2139/1948 1409/2144/1878 1475/2140/1949
f 1475/2140/1949 1409/2144/1878 1408/2145/1877
f 1475/2140/1949 1408/2145/1877 1478/2127/1939
f 1478/2127/1939 1408/2145/1877 1407/2129/1876
f 1457/2146/1926 1481/2147/1950 1485/2148/1951
f 1485/2148/1951 1481/2147/1950 1482/2149/1952
f 1485/2148/1951 1482/2149/1952 1486/2150/1953
f 1486/2150/1953 1482/2149/1952 1483/2151/1954
f 1486/2150/1953 1483/2151/1954 1487/2152/1955
f 1487/2152/1955 1483/2151/1954 1484/2153/1956
f 1487/2152/1955 1484/2153/1956 1397/2154/1865
f 1397/2154/1865 1396/2155/1866 1487/2152/1955
f 1487/2152/1955 1396/2155/1866 1460/2156/1945
f 1487/2152/1955 1460/2156/1945 1486/2150/1953
f 1486/2150/1953 1460/2156/1945 1459/2157/1940
f 1486/2150/1953 1459/2157/1940 1485/2148/1951
f 1485/2148/1951 1459/2157/1940 1458/2158/1927
f 1485/2148/1951 1458/2158/1927 1457/2146/1926
f 1488/2159/1957 1489/2160/1958 1491/2161/1959
f 1491/2161/1959 1489/2160/1958 1490/2162/1960
f 1116/2163/1647 1245/2164/1648 1495/2165/1961
f 1495/2165/1961 1245/2164/1648 1392/2166/1962
f 1495/2165/1961 1392/2166/1962 1494/2167/1963
f 1494/2167/1963 1392/2166/1962 1493/2168/1964
f 1493/2168/1964 1392/2166/1962 1492/2169/1965
f 1492/2170/1966 1496/2171/1967 1493/2172/1968
f 1493/2172/1968 1496/2171/1967 1497/2173/1969
f 1341/2174/1840 1117/2175/1839 1498/2176/1970
f 1498/2176/1970 1117/2175/1839 1488/2177/1971
f 1498/2176/1970 1488/2177/1971 1491/2178/1972
f 1491/2178/1972 1497/2179/1973 1498/2176/1970
f 1498/2176/1970 1497/2179/1973 1496/2180/1974
f 1499/2181/1975 1495/2182/1976 1500/2183/1977
f 1500/2183/1977 1495/2182/1976 1494/2184/1978
f 1501/2185/1979 1499/2186/1980 1502/2187/1981
f 1502/2187/1981 1499/2186/1980 1500/2188/1982
f 1503/2189/1983 1501/2190/1984 1504/2191/1985
f 1504/2191/1985 1501/2190/1984 1502/2192/1986
f 1489/2193/1987 1503/2194/1988 1490/2195/1989
f 1490/2195/1989 1503/2194/1988 1504/2196/1990
f 1491/2197/1991 1490/2198/1992 1497/2199/1993
f 1497/2199/1993 1490/2198/1992 1504/2200/1994
f 1497/2199/1993 1504/2200/1994 1493/2201/1995
f 1493/2201/1995 1504/2200/1994 1502/2202/1996
f 1493/2201/1995 1502/2202/1996 1500/2203/1997
f 1500/2203/1997 1494/2204/1998 1493/2201/1995
f 1117/2205/1510 1116/2206/1512 1488/2207/1999
f 1488/2207/1999 1116/2206/1512 1495/2208/2000
f 1398/2209/2001 1397/2210/2002 1412/2211/2003
f 1412/2211/2003 1397/2210/2002 1484/2212/2004
f 1412/2211/2003 1484/2212/2004 1413/2213/2005
f 1413/2213/2005 1484/2212/2004 1483/2214/2006
f 1413/2213/2005 1483/2214/2006 1414/2215/2007
f 1414/2215/2007 1483/2214/2006 1482/2216/2008
f 1414/2215/2007 1482/2216/2008 1415/2217/2009
f 1415/2217/2009 1482/2216/2008 1481/2218/2010
f 1465/2219/2011 1503/2220/2012 1457/2221/2013
f 1457/2221/2013 1503/2220/2012 1489/2222/2014
f 1457/2221/2013 1489/2222/2014 1481/2223/2015
f 1481/2223/2015 1489/2222/2014 1488/2224/2016
f 1481/2223/2015 1488/2224/2016 1495/2225/2017
f 1465/2219/2011 1464/2226/2018 1503/2220/2012
f 1503/2220/2012 1464/2226/2018 1463/2227/2019
f 1503/2220/2012 1463/2227/2019 1462/2228/2020
f 1462/2228/2020 1461/2229/2021 1503/2220/2012
f 1503/2220/2012 1461/2229/2021 1447/2230/2022
f 1503/2220/2012 1447/2230/2022 1501/2231/2023
f 1501/2231/2023 1447/2230/2022 1423/2232/2024
f 1501/2231/2023 1423/2232/2024 1431/2233/2025
f 1431/2233/2025 1430/2234/2026 1501/2231/2023
f 1501/2231/2023 1430/2234/2026 1429/2235/2027
f 1501/2231/2023 1429/2235/2027 1428/2236/2028
f 1428/2236/2028 1427/2237/2029 1501/2231/2023
f 1501/2231/2023 1427/2237/2029 1416/2238/2030
f 1501/2231/2023 1416/2238/2030 1499/2239/2031
f 1499/2239/2031 1416/2238/2030 1415/2240/2032
f 1499/2239/2031 1415/2240/2032 1495/2225/2017
f 1495/2225/2017 1415/2240/2032 1481/2223/2015
f 1306/2241/1781 1341/2242/1780 1395/2243/2033
f 1395/2243/2033 1341/2242/1780 1498/2244/2034
f 1395/2245/2035 1498/2246/2036 1394/2247/2037
f 1394/2247/2037 1498/2246/2036 1496/2248/2038
f 1394/2247/2037 1496/2248/2038 1393/2249/2039
f 1393/2249/2039 1496/2248/2038 1492/2250/2040
f 1393/2249/2039 1492/2250/2040 1392/2251/2041
f 1392/2251/2041 1391/2252/2042 1393/2249/2039
# 1504 vertices
# 2252 texture params
# 2042 normals
# 3020 facets

# 3 groups
