ISO-10303-21;
HEADER;
/* Generated by software containing ST-Developer
 * from STEP Tools, Inc. (www.steptools.com) 
 */

FILE_DESCRIPTION(
/* description */ ('HOOPS Exchange Step'),
/* implementation_level */ '2;1');

FILE_NAME(
/* name */ 'Spotify Display.step',
/* time_stamp */ '2026-08-15T20:11:11-05:00',
/* author */ (''),
/* organization */ (''),
/* preprocessor_version */ 'ST-DEVELOPER v20.1',
/* originating_system */ 'Autodesk Translation Framework v15.8.0.0',
/* authorisation */ '');

FILE_SCHEMA (('AUTOMOTIVE_DESIGN { 1 0 10303 214 3 1 1 }'));
ENDSEC;

DATA;
#10=MECHANICAL_DESIGN_GEOMETRIC_PRESENTATION_REPRESENTATION('',(#19,#20,
#21),#3130);
#11=SHAPE_REPRESENTATION_RELATIONSHIP('SRR','None',#3140,#12);
#12=ADVANCED_BREP_SHAPE_REPRESENTATION('',(#22,#23,#24),#3128);
#13=ITEM_DEFINED_TRANSFORMATION($,$,#1880,#2045);
#14=(
REPRESENTATION_RELATIONSHIP($,$,#3141,#3140)
REPRESENTATION_RELATIONSHIP_WITH_TRANSFORMATION(#13)
SHAPE_REPRESENTATION_RELATIONSHIP()
);
#15=CONTEXT_DEPENDENT_SHAPE_REPRESENTATION(#14,#3139);
#16=NEXT_ASSEMBLY_USAGE_OCCURRENCE('Varsay\X2\0131\X0\lan:1',
'Varsay\X2\0131\X0\lan:1','Varsay\X2\0131\X0\lan:1',#3143,#3144,
'Varsay\X2\0131\X0\lan:1');
#17=(
BOUNDED_SURFACE()
B_SPLINE_SURFACE(2,2,((#3031,#3032,#3033),(#3034,#3035,#3036),(#3037,#3038,
#3039)),.UNSPECIFIED.,.F.,.F.,.F.)
B_SPLINE_SURFACE_WITH_KNOTS((3,3),(3,3),(0.643501108793284,1.5707963267949),
(1.5707963267949,3.14159265358979),.UNSPECIFIED.)
GEOMETRIC_REPRESENTATION_ITEM()
RATIONAL_B_SPLINE_SURFACE(((1.,0.707106781186547,1.),(0.894427190999914,
0.632455532033674,0.894427190999914),(1.,0.707106781186547,1.)))
REPRESENTATION_ITEM('')
SURFACE()
);
#18=(
BOUNDED_SURFACE()
B_SPLINE_SURFACE(2,2,((#3047,#3048,#3049),(#3050,#3051,#3052),(#3053,#3054,
#3055)),.UNSPECIFIED.,.F.,.F.,.F.)
B_SPLINE_SURFACE_WITH_KNOTS((3,3),(3,3),(0.643501108793284,1.5707963267949),
(1.5707963267949,3.14159265358979),.UNSPECIFIED.)
GEOMETRIC_REPRESENTATION_ITEM()
RATIONAL_B_SPLINE_SURFACE(((1.,0.707106781186547,1.),(0.894427190999904,
0.632455532033667,0.894427190999904),(1.,0.707106781186547,1.)))
REPRESENTATION_ITEM('')
SURFACE()
);
#19=STYLED_ITEM('',(#3154),#22);
#20=STYLED_ITEM('',(#3154),#23);
#21=STYLED_ITEM('',(#3154),#24);
#22=MANIFOLD_SOLID_BREP('Body1',#1864);
#23=MANIFOLD_SOLID_BREP('Body2',#1865);
#24=MANIFOLD_SOLID_BREP('Body4',#1866);
#25=SPHERICAL_SURFACE('',#1959,5.);
#26=SPHERICAL_SURFACE('',#1971,5.);
#27=CIRCLE('',#1903,3.);
#28=CIRCLE('',#1904,3.);
#29=CIRCLE('',#1907,0.499999999999998);
#30=CIRCLE('',#1908,0.499999999999998);
#31=CIRCLE('',#1911,0.499999999999998);
#32=CIRCLE('',#1912,0.499999999999998);
#33=CIRCLE('',#1915,0.500000000000003);
#34=CIRCLE('',#1916,0.500000000000003);
#35=CIRCLE('',#1919,0.499999999999989);
#36=CIRCLE('',#1920,0.499999999999989);
#37=CIRCLE('',#1923,0.499999999999998);
#38=CIRCLE('',#1924,0.499999999999998);
#39=CIRCLE('',#1927,0.500000000000007);
#40=CIRCLE('',#1928,0.500000000000007);
#41=CIRCLE('',#1931,0.499999999999998);
#42=CIRCLE('',#1932,0.499999999999998);
#43=CIRCLE('',#1935,0.500000000000007);
#44=CIRCLE('',#1936,0.500000000000007);
#45=CIRCLE('',#1939,0.499999999999998);
#46=CIRCLE('',#1940,0.499999999999998);
#47=CIRCLE('',#1943,0.499999999999998);
#48=CIRCLE('',#1944,0.499999999999998);
#49=CIRCLE('',#1947,0.500000000000003);
#50=CIRCLE('',#1948,0.500000000000003);
#51=CIRCLE('',#1951,0.499999999999998);
#52=CIRCLE('',#1952,0.499999999999998);
#53=CIRCLE('',#1954,5.);
#54=CIRCLE('',#1955,5.);
#55=CIRCLE('',#1957,5.);
#56=CIRCLE('',#1958,5.);
#57=CIRCLE('',#1960,5.);
#58=CIRCLE('',#1962,5.);
#59=CIRCLE('',#1965,5.);
#60=CIRCLE('',#1967,5.);
#61=CIRCLE('',#1969,5.);
#62=CIRCLE('',#1970,5.);
#63=CIRCLE('',#1981,2.);
#64=CIRCLE('',#1982,2.);
#65=CIRCLE('',#2018,0.999999999999996);
#66=CIRCLE('',#2019,0.999999999999999);
#67=CIRCLE('',#2021,5.);
#68=CIRCLE('',#2022,5.);
#69=CIRCLE('',#2023,5.);
#70=CIRCLE('',#2024,5.);
#71=CIRCLE('',#2026,5.);
#72=CIRCLE('',#2027,5.);
#73=CIRCLE('',#2028,5.);
#74=CIRCLE('',#2030,5.);
#75=FACE_BOUND('',#257,.T.);
#76=FACE_BOUND('',#264,.T.);
#77=FACE_BOUND('',#295,.T.);
#78=FACE_BOUND('',#296,.T.);
#79=FACE_BOUND('',#297,.T.);
#80=FACE_BOUND('',#298,.T.);
#81=FACE_BOUND('',#300,.T.);
#82=FACE_BOUND('',#307,.T.);
#83=FACE_BOUND('',#308,.T.);
#84=FACE_BOUND('',#309,.T.);
#85=FACE_BOUND('',#310,.T.);
#86=FACE_BOUND('',#344,.T.);
#87=FACE_BOUND('',#362,.T.);
#88=PLANE('',#1889);
#89=PLANE('',#1890);
#90=PLANE('',#1891);
#91=PLANE('',#1900);
#92=PLANE('',#1901);
#93=PLANE('',#1905);
#94=PLANE('',#1909);
#95=PLANE('',#1913);
#96=PLANE('',#1917);
#97=PLANE('',#1921);
#98=PLANE('',#1925);
#99=PLANE('',#1929);
#100=PLANE('',#1933);
#101=PLANE('',#1937);
#102=PLANE('',#1941);
#103=PLANE('',#1945);
#104=PLANE('',#1949);
#105=PLANE('',#1963);
#106=PLANE('',#1964);
#107=PLANE('',#1972);
#108=PLANE('',#1973);
#109=PLANE('',#1974);
#110=PLANE('',#1975);
#111=PLANE('',#1976);
#112=PLANE('',#1977);
#113=PLANE('',#1978);
#114=PLANE('',#1979);
#115=PLANE('',#1983);
#116=PLANE('',#1984);
#117=PLANE('',#1985);
#118=PLANE('',#1986);
#119=PLANE('',#1987);
#120=PLANE('',#1988);
#121=PLANE('',#1989);
#122=PLANE('',#1990);
#123=PLANE('',#1991);
#124=PLANE('',#1992);
#125=PLANE('',#1993);
#126=PLANE('',#1994);
#127=PLANE('',#1995);
#128=PLANE('',#1996);
#129=PLANE('',#2013);
#130=PLANE('',#2014);
#131=PLANE('',#2015);
#132=PLANE('',#2016);
#133=PLANE('',#2017);
#134=PLANE('',#2031);
#135=PLANE('',#2032);
#136=PLANE('',#2033);
#137=PLANE('',#2034);
#138=PLANE('',#2035);
#139=PLANE('',#2036);
#140=PLANE('',#2037);
#141=PLANE('',#2038);
#142=PLANE('',#2039);
#143=PLANE('',#2040);
#144=PLANE('',#2041);
#145=PLANE('',#2042);
#146=PLANE('',#2043);
#147=PLANE('',#2044);
#148=FACE_OUTER_BOUND('',#250,.T.);
#149=FACE_OUTER_BOUND('',#251,.T.);
#150=FACE_OUTER_BOUND('',#252,.T.);
#151=FACE_OUTER_BOUND('',#253,.T.);
#152=FACE_OUTER_BOUND('',#254,.T.);
#153=FACE_OUTER_BOUND('',#255,.T.);
#154=FACE_OUTER_BOUND('',#256,.T.);
#155=FACE_OUTER_BOUND('',#258,.T.);
#156=FACE_OUTER_BOUND('',#259,.T.);
#157=FACE_OUTER_BOUND('',#260,.T.);
#158=FACE_OUTER_BOUND('',#261,.T.);
#159=FACE_OUTER_BOUND('',#262,.T.);
#160=FACE_OUTER_BOUND('',#263,.T.);
#161=FACE_OUTER_BOUND('',#265,.T.);
#162=FACE_OUTER_BOUND('',#266,.T.);
#163=FACE_OUTER_BOUND('',#267,.T.);
#164=FACE_OUTER_BOUND('',#268,.T.);
#165=FACE_OUTER_BOUND('',#269,.T.);
#166=FACE_OUTER_BOUND('',#270,.T.);
#167=FACE_OUTER_BOUND('',#271,.T.);
#168=FACE_OUTER_BOUND('',#272,.T.);
#169=FACE_OUTER_BOUND('',#273,.T.);
#170=FACE_OUTER_BOUND('',#274,.T.);
#171=FACE_OUTER_BOUND('',#275,.T.);
#172=FACE_OUTER_BOUND('',#276,.T.);
#173=FACE_OUTER_BOUND('',#277,.T.);
#174=FACE_OUTER_BOUND('',#278,.T.);
#175=FACE_OUTER_BOUND('',#279,.T.);
#176=FACE_OUTER_BOUND('',#280,.T.);
#177=FACE_OUTER_BOUND('',#281,.T.);
#178=FACE_OUTER_BOUND('',#282,.T.);
#179=FACE_OUTER_BOUND('',#283,.T.);
#180=FACE_OUTER_BOUND('',#284,.T.);
#181=FACE_OUTER_BOUND('',#285,.T.);
#182=FACE_OUTER_BOUND('',#286,.T.);
#183=FACE_OUTER_BOUND('',#287,.T.);
#184=FACE_OUTER_BOUND('',#288,.T.);
#185=FACE_OUTER_BOUND('',#289,.T.);
#186=FACE_OUTER_BOUND('',#290,.T.);
#187=FACE_OUTER_BOUND('',#291,.T.);
#188=FACE_OUTER_BOUND('',#292,.T.);
#189=FACE_OUTER_BOUND('',#293,.T.);
#190=FACE_OUTER_BOUND('',#294,.T.);
#191=FACE_OUTER_BOUND('',#299,.T.);
#192=FACE_OUTER_BOUND('',#301,.T.);
#193=FACE_OUTER_BOUND('',#302,.T.);
#194=FACE_OUTER_BOUND('',#303,.T.);
#195=FACE_OUTER_BOUND('',#304,.T.);
#196=FACE_OUTER_BOUND('',#305,.T.);
#197=FACE_OUTER_BOUND('',#306,.T.);
#198=FACE_OUTER_BOUND('',#311,.T.);
#199=FACE_OUTER_BOUND('',#312,.T.);
#200=FACE_OUTER_BOUND('',#313,.T.);
#201=FACE_OUTER_BOUND('',#314,.T.);
#202=FACE_OUTER_BOUND('',#315,.T.);
#203=FACE_OUTER_BOUND('',#316,.T.);
#204=FACE_OUTER_BOUND('',#317,.T.);
#205=FACE_OUTER_BOUND('',#318,.T.);
#206=FACE_OUTER_BOUND('',#319,.T.);
#207=FACE_OUTER_BOUND('',#320,.T.);
#208=FACE_OUTER_BOUND('',#321,.T.);
#209=FACE_OUTER_BOUND('',#322,.T.);
#210=FACE_OUTER_BOUND('',#323,.T.);
#211=FACE_OUTER_BOUND('',#324,.T.);
#212=FACE_OUTER_BOUND('',#325,.T.);
#213=FACE_OUTER_BOUND('',#326,.T.);
#214=FACE_OUTER_BOUND('',#327,.T.);
#215=FACE_OUTER_BOUND('',#328,.T.);
#216=FACE_OUTER_BOUND('',#329,.T.);
#217=FACE_OUTER_BOUND('',#330,.T.);
#218=FACE_OUTER_BOUND('',#331,.T.);
#219=FACE_OUTER_BOUND('',#332,.T.);
#220=FACE_OUTER_BOUND('',#333,.T.);
#221=FACE_OUTER_BOUND('',#334,.T.);
#222=FACE_OUTER_BOUND('',#335,.T.);
#223=FACE_OUTER_BOUND('',#336,.T.);
#224=FACE_OUTER_BOUND('',#337,.T.);
#225=FACE_OUTER_BOUND('',#338,.T.);
#226=FACE_OUTER_BOUND('',#339,.T.);
#227=FACE_OUTER_BOUND('',#340,.T.);
#228=FACE_OUTER_BOUND('',#341,.T.);
#229=FACE_OUTER_BOUND('',#342,.T.);
#230=FACE_OUTER_BOUND('',#343,.T.);
#231=FACE_OUTER_BOUND('',#345,.T.);
#232=FACE_OUTER_BOUND('',#346,.T.);
#233=FACE_OUTER_BOUND('',#347,.T.);
#234=FACE_OUTER_BOUND('',#348,.T.);
#235=FACE_OUTER_BOUND('',#349,.T.);
#236=FACE_OUTER_BOUND('',#350,.T.);
#237=FACE_OUTER_BOUND('',#351,.T.);
#238=FACE_OUTER_BOUND('',#352,.T.);
#239=FACE_OUTER_BOUND('',#353,.T.);
#240=FACE_OUTER_BOUND('',#354,.T.);
#241=FACE_OUTER_BOUND('',#355,.T.);
#242=FACE_OUTER_BOUND('',#356,.T.);
#243=FACE_OUTER_BOUND('',#357,.T.);
#244=FACE_OUTER_BOUND('',#358,.T.);
#245=FACE_OUTER_BOUND('',#359,.T.);
#246=FACE_OUTER_BOUND('',#360,.T.);
#247=FACE_OUTER_BOUND('',#361,.T.);
#248=FACE_OUTER_BOUND('',#363,.T.);
#249=FACE_OUTER_BOUND('',#364,.T.);
#250=EDGE_LOOP('',(#1202,#1203,#1204,#1205));
#251=EDGE_LOOP('',(#1206,#1207,#1208,#1209));
#252=EDGE_LOOP('',(#1210,#1211,#1212,#1213));
#253=EDGE_LOOP('',(#1214,#1215,#1216,#1217));
#254=EDGE_LOOP('',(#1218,#1219,#1220,#1221));
#255=EDGE_LOOP('',(#1222,#1223,#1224,#1225));
#256=EDGE_LOOP('',(#1226,#1227,#1228,#1229));
#257=EDGE_LOOP('',(#1230,#1231,#1232,#1233));
#258=EDGE_LOOP('',(#1234,#1235,#1236,#1237));
#259=EDGE_LOOP('',(#1238,#1239,#1240,#1241));
#260=EDGE_LOOP('',(#1242,#1243,#1244,#1245));
#261=EDGE_LOOP('',(#1246,#1247,#1248,#1249));
#262=EDGE_LOOP('',(#1250,#1251,#1252,#1253));
#263=EDGE_LOOP('',(#1254,#1255,#1256,#1257));
#264=EDGE_LOOP('',(#1258,#1259,#1260,#1261));
#265=EDGE_LOOP('',(#1262,#1263,#1264,#1265));
#266=EDGE_LOOP('',(#1266,#1267,#1268,#1269));
#267=EDGE_LOOP('',(#1270,#1271,#1272,#1273));
#268=EDGE_LOOP('',(#1274,#1275,#1276,#1277));
#269=EDGE_LOOP('',(#1278,#1279,#1280,#1281));
#270=EDGE_LOOP('',(#1282,#1283,#1284,#1285));
#271=EDGE_LOOP('',(#1286,#1287,#1288,#1289));
#272=EDGE_LOOP('',(#1290,#1291,#1292,#1293));
#273=EDGE_LOOP('',(#1294,#1295,#1296,#1297));
#274=EDGE_LOOP('',(#1298,#1299,#1300,#1301));
#275=EDGE_LOOP('',(#1302,#1303,#1304,#1305));
#276=EDGE_LOOP('',(#1306,#1307,#1308,#1309));
#277=EDGE_LOOP('',(#1310,#1311,#1312,#1313));
#278=EDGE_LOOP('',(#1314,#1315,#1316,#1317));
#279=EDGE_LOOP('',(#1318,#1319,#1320,#1321));
#280=EDGE_LOOP('',(#1322,#1323,#1324,#1325));
#281=EDGE_LOOP('',(#1326,#1327,#1328,#1329));
#282=EDGE_LOOP('',(#1330,#1331,#1332,#1333));
#283=EDGE_LOOP('',(#1334,#1335,#1336,#1337));
#284=EDGE_LOOP('',(#1338,#1339,#1340,#1341));
#285=EDGE_LOOP('',(#1342,#1343,#1344,#1345));
#286=EDGE_LOOP('',(#1346,#1347,#1348,#1349));
#287=EDGE_LOOP('',(#1350,#1351,#1352,#1353));
#288=EDGE_LOOP('',(#1354,#1355,#1356,#1357));
#289=EDGE_LOOP('',(#1358,#1359,#1360,#1361));
#290=EDGE_LOOP('',(#1362,#1363,#1364,#1365));
#291=EDGE_LOOP('',(#1366,#1367,#1368,#1369));
#292=EDGE_LOOP('',(#1370,#1371,#1372));
#293=EDGE_LOOP('',(#1373,#1374,#1375,#1376));
#294=EDGE_LOOP('',(#1377,#1378,#1379,#1380));
#295=EDGE_LOOP('',(#1381));
#296=EDGE_LOOP('',(#1382,#1383,#1384,#1385,#1386,#1387,#1388,#1389));
#297=EDGE_LOOP('',(#1390,#1391,#1392,#1393,#1394,#1395,#1396,#1397));
#298=EDGE_LOOP('',(#1398,#1399,#1400,#1401,#1402,#1403,#1404,#1405));
#299=EDGE_LOOP('',(#1406,#1407,#1408,#1409,#1410,#1411));
#300=EDGE_LOOP('',(#1412,#1413,#1414,#1415));
#301=EDGE_LOOP('',(#1416,#1417,#1418,#1419));
#302=EDGE_LOOP('',(#1420,#1421,#1422,#1423));
#303=EDGE_LOOP('',(#1424,#1425,#1426));
#304=EDGE_LOOP('',(#1427,#1428,#1429,#1430));
#305=EDGE_LOOP('',(#1431,#1432,#1433,#1434));
#306=EDGE_LOOP('',(#1435,#1436,#1437,#1438));
#307=EDGE_LOOP('',(#1439));
#308=EDGE_LOOP('',(#1440,#1441,#1442,#1443,#1444,#1445,#1446,#1447));
#309=EDGE_LOOP('',(#1448,#1449,#1450,#1451,#1452,#1453,#1454,#1455));
#310=EDGE_LOOP('',(#1456,#1457,#1458,#1459,#1460,#1461,#1462,#1463));
#311=EDGE_LOOP('',(#1464,#1465,#1466,#1467));
#312=EDGE_LOOP('',(#1468,#1469,#1470,#1471));
#313=EDGE_LOOP('',(#1472,#1473,#1474,#1475));
#314=EDGE_LOOP('',(#1476,#1477,#1478,#1479,#1480,#1481));
#315=EDGE_LOOP('',(#1482,#1483,#1484,#1485));
#316=EDGE_LOOP('',(#1486,#1487,#1488,#1489));
#317=EDGE_LOOP('',(#1490,#1491,#1492,#1493,#1494,#1495,#1496,#1497,#1498,
#1499,#1500,#1501));
#318=EDGE_LOOP('',(#1502,#1503,#1504,#1505,#1506));
#319=EDGE_LOOP('',(#1507,#1508,#1509,#1510));
#320=EDGE_LOOP('',(#1511,#1512,#1513,#1514));
#321=EDGE_LOOP('',(#1515,#1516,#1517,#1518));
#322=EDGE_LOOP('',(#1519,#1520,#1521,#1522));
#323=EDGE_LOOP('',(#1523,#1524,#1525,#1526));
#324=EDGE_LOOP('',(#1527,#1528,#1529,#1530,#1531));
#325=EDGE_LOOP('',(#1532,#1533,#1534,#1535));
#326=EDGE_LOOP('',(#1536,#1537,#1538,#1539));
#327=EDGE_LOOP('',(#1540,#1541,#1542,#1543));
#328=EDGE_LOOP('',(#1544,#1545,#1546,#1547));
#329=EDGE_LOOP('',(#1548,#1549,#1550,#1551));
#330=EDGE_LOOP('',(#1552,#1553,#1554,#1555,#1556,#1557,#1558,#1559,#1560,
#1561,#1562,#1563));
#331=EDGE_LOOP('',(#1564,#1565,#1566,#1567));
#332=EDGE_LOOP('',(#1568,#1569,#1570,#1571));
#333=EDGE_LOOP('',(#1572,#1573,#1574,#1575));
#334=EDGE_LOOP('',(#1576,#1577,#1578,#1579));
#335=EDGE_LOOP('',(#1580,#1581,#1582,#1583));
#336=EDGE_LOOP('',(#1584,#1585,#1586,#1587));
#337=EDGE_LOOP('',(#1588,#1589,#1590,#1591));
#338=EDGE_LOOP('',(#1592,#1593,#1594,#1595));
#339=EDGE_LOOP('',(#1596,#1597,#1598,#1599));
#340=EDGE_LOOP('',(#1600,#1601,#1602,#1603));
#341=EDGE_LOOP('',(#1604,#1605,#1606,#1607));
#342=EDGE_LOOP('',(#1608,#1609,#1610,#1611));
#343=EDGE_LOOP('',(#1612,#1613,#1614,#1615,#1616,#1617));
#344=EDGE_LOOP('',(#1618,#1619,#1620,#1621,#1622,#1623,#1624,#1625));
#345=EDGE_LOOP('',(#1626,#1627,#1628,#1629));
#346=EDGE_LOOP('',(#1630,#1631,#1632,#1633));
#347=EDGE_LOOP('',(#1634,#1635,#1636,#1637));
#348=EDGE_LOOP('',(#1638,#1639,#1640,#1641));
#349=EDGE_LOOP('',(#1642,#1643,#1644,#1645));
#350=EDGE_LOOP('',(#1646,#1647,#1648,#1649));
#351=EDGE_LOOP('',(#1650,#1651,#1652,#1653,#1654,#1655,#1656));
#352=EDGE_LOOP('',(#1657,#1658,#1659,#1660));
#353=EDGE_LOOP('',(#1661,#1662,#1663,#1664,#1665,#1666,#1667));
#354=EDGE_LOOP('',(#1668,#1669,#1670,#1671));
#355=EDGE_LOOP('',(#1672,#1673,#1674,#1675));
#356=EDGE_LOOP('',(#1676,#1677,#1678,#1679));
#357=EDGE_LOOP('',(#1680,#1681,#1682,#1683));
#358=EDGE_LOOP('',(#1684,#1685,#1686,#1687,#1688,#1689,#1690,#1691));
#359=EDGE_LOOP('',(#1692,#1693,#1694,#1695));
#360=EDGE_LOOP('',(#1696,#1697,#1698,#1699));
#361=EDGE_LOOP('',(#1700,#1701,#1702,#1703,#1704,#1705));
#362=EDGE_LOOP('',(#1706,#1707,#1708,#1709,#1710,#1711));
#363=EDGE_LOOP('',(#1712,#1713,#1714,#1715));
#364=EDGE_LOOP('',(#1716,#1717,#1718,#1719,#1720,#1721,#1722,#1723));
#365=ELLIPSE('',#1882,0.707106781186549,0.5);
#366=ELLIPSE('',#1883,0.707106781186548,0.5);
#367=ELLIPSE('',#1885,0.707106781186546,0.5);
#368=ELLIPSE('',#1887,0.707106781186546,0.5);
#369=ELLIPSE('',#1893,0.707106781186549,0.5);
#370=ELLIPSE('',#1894,0.707106781186548,0.5);
#371=ELLIPSE('',#1896,0.707106781186546,0.5);
#372=ELLIPSE('',#1898,0.707106781186549,0.5);
#373=ELLIPSE('',#1998,0.707106781186541,0.5);
#374=ELLIPSE('',#1999,0.707106781186541,0.5);
#375=ELLIPSE('',#2001,0.707106781186567,0.5);
#376=ELLIPSE('',#2003,0.70710678118653,0.5);
#377=ELLIPSE('',#2005,0.707106781186553,0.5);
#378=ELLIPSE('',#2007,0.707106781186552,0.5);
#379=ELLIPSE('',#2008,0.707106781186565,0.5);
#380=ELLIPSE('',#2011,0.707106781186529,0.5);
#381=LINE('',#2582,#578);
#382=LINE('',#2586,#579);
#383=LINE('',#2590,#580);
#384=LINE('',#2593,#581);
#385=LINE('',#2596,#582);
#386=LINE('',#2598,#583);
#387=LINE('',#2601,#584);
#388=LINE('',#2602,#585);
#389=LINE('',#2605,#586);
#390=LINE('',#2607,#587);
#391=LINE('',#2608,#588);
#392=LINE('',#2611,#589);
#393=LINE('',#2612,#590);
#394=LINE('',#2616,#591);
#395=LINE('',#2618,#592);
#396=LINE('',#2620,#593);
#397=LINE('',#2621,#594);
#398=LINE('',#2625,#595);
#399=LINE('',#2628,#596);
#400=LINE('',#2632,#597);
#401=LINE('',#2634,#598);
#402=LINE('',#2637,#599);
#403=LINE('',#2640,#600);
#404=LINE('',#2642,#601);
#405=LINE('',#2646,#602);
#406=LINE('',#2648,#603);
#407=LINE('',#2650,#604);
#408=LINE('',#2651,#605);
#409=LINE('',#2656,#606);
#410=LINE('',#2661,#607);
#411=LINE('',#2663,#608);
#412=LINE('',#2665,#609);
#413=LINE('',#2666,#610);
#414=LINE('',#2672,#611);
#415=LINE('',#2675,#612);
#416=LINE('',#2677,#613);
#417=LINE('',#2678,#614);
#418=LINE('',#2684,#615);
#419=LINE('',#2687,#616);
#420=LINE('',#2689,#617);
#421=LINE('',#2690,#618);
#422=LINE('',#2696,#619);
#423=LINE('',#2699,#620);
#424=LINE('',#2701,#621);
#425=LINE('',#2702,#622);
#426=LINE('',#2709,#623);
#427=LINE('',#2711,#624);
#428=LINE('',#2713,#625);
#429=LINE('',#2714,#626);
#430=LINE('',#2720,#627);
#431=LINE('',#2723,#628);
#432=LINE('',#2725,#629);
#433=LINE('',#2726,#630);
#434=LINE('',#2732,#631);
#435=LINE('',#2735,#632);
#436=LINE('',#2737,#633);
#437=LINE('',#2738,#634);
#438=LINE('',#2744,#635);
#439=LINE('',#2747,#636);
#440=LINE('',#2749,#637);
#441=LINE('',#2750,#638);
#442=LINE('',#2757,#639);
#443=LINE('',#2759,#640);
#444=LINE('',#2761,#641);
#445=LINE('',#2762,#642);
#446=LINE('',#2768,#643);
#447=LINE('',#2771,#644);
#448=LINE('',#2773,#645);
#449=LINE('',#2774,#646);
#450=LINE('',#2780,#647);
#451=LINE('',#2783,#648);
#452=LINE('',#2785,#649);
#453=LINE('',#2786,#650);
#454=LINE('',#2792,#651);
#455=LINE('',#2795,#652);
#456=LINE('',#2797,#653);
#457=LINE('',#2798,#654);
#458=LINE('',#2806,#655);
#459=LINE('',#2813,#656);
#460=LINE('',#2815,#657);
#461=LINE('',#2820,#658);
#462=LINE('',#2824,#659);
#463=LINE('',#2825,#660);
#464=LINE('',#2828,#661);
#465=LINE('',#2830,#662);
#466=LINE('',#2832,#663);
#467=LINE('',#2836,#664);
#468=LINE('',#2838,#665);
#469=LINE('',#2840,#666);
#470=LINE('',#2841,#667);
#471=LINE('',#2844,#668);
#472=LINE('',#2850,#669);
#473=LINE('',#2853,#670);
#474=LINE('',#2855,#671);
#475=LINE('',#2856,#672);
#476=LINE('',#2858,#673);
#477=LINE('',#2860,#674);
#478=LINE('',#2864,#675);
#479=LINE('',#2871,#676);
#480=LINE('',#2874,#677);
#481=LINE('',#2877,#678);
#482=LINE('',#2879,#679);
#483=LINE('',#2881,#680);
#484=LINE('',#2883,#681);
#485=LINE('',#2885,#682);
#486=LINE('',#2887,#683);
#487=LINE('',#2889,#684);
#488=LINE('',#2891,#685);
#489=LINE('',#2893,#686);
#490=LINE('',#2895,#687);
#491=LINE('',#2896,#688);
#492=LINE('',#2899,#689);
#493=LINE('',#2901,#690);
#494=LINE('',#2902,#691);
#495=LINE('',#2906,#692);
#496=LINE('',#2907,#693);
#497=LINE('',#2908,#694);
#498=LINE('',#2911,#695);
#499=LINE('',#2912,#696);
#500=LINE('',#2915,#697);
#501=LINE('',#2916,#698);
#502=LINE('',#2918,#699);
#503=LINE('',#2921,#700);
#504=LINE('',#2922,#701);
#505=LINE('',#2925,#702);
#506=LINE('',#2926,#703);
#507=LINE('',#2929,#704);
#508=LINE('',#2930,#705);
#509=LINE('',#2933,#706);
#510=LINE('',#2934,#707);
#511=LINE('',#2937,#708);
#512=LINE('',#2938,#709);
#513=LINE('',#2941,#710);
#514=LINE('',#2942,#711);
#515=LINE('',#2944,#712);
#516=LINE('',#2949,#713);
#517=LINE('',#2953,#714);
#518=LINE('',#2957,#715);
#519=LINE('',#2960,#716);
#520=LINE('',#2963,#717);
#521=LINE('',#2966,#718);
#522=LINE('',#2969,#719);
#523=LINE('',#2972,#720);
#524=LINE('',#2976,#721);
#525=LINE('',#2980,#722);
#526=LINE('',#2983,#723);
#527=LINE('',#2984,#724);
#528=LINE('',#2987,#725);
#529=LINE('',#2989,#726);
#530=LINE('',#2992,#727);
#531=LINE('',#2993,#728);
#532=LINE('',#2996,#729);
#533=LINE('',#2998,#730);
#534=LINE('',#2999,#731);
#535=LINE('',#3002,#732);
#536=LINE('',#3003,#733);
#537=LINE('',#3006,#734);
#538=LINE('',#3007,#735);
#539=LINE('',#3010,#736);
#540=LINE('',#3011,#737);
#541=LINE('',#3015,#738);
#542=LINE('',#3017,#739);
#543=LINE('',#3019,#740);
#544=LINE('',#3023,#741);
#545=LINE('',#3029,#742);
#546=LINE('',#3046,#743);
#547=LINE('',#3062,#744);
#548=LINE('',#3066,#745);
#549=LINE('',#3068,#746);
#550=LINE('',#3070,#747);
#551=LINE('',#3071,#748);
#552=LINE('',#3074,#749);
#553=LINE('',#3076,#750);
#554=LINE('',#3078,#751);
#555=LINE('',#3080,#752);
#556=LINE('',#3081,#753);
#557=LINE('',#3084,#754);
#558=LINE('',#3086,#755);
#559=LINE('',#3087,#756);
#560=LINE('',#3089,#757);
#561=LINE('',#3090,#758);
#562=LINE('',#3092,#759);
#563=LINE('',#3093,#760);
#564=LINE('',#3096,#761);
#565=LINE('',#3098,#762);
#566=LINE('',#3099,#763);
#567=LINE('',#3102,#764);
#568=LINE('',#3104,#765);
#569=LINE('',#3105,#766);
#570=LINE('',#3108,#767);
#571=LINE('',#3110,#768);
#572=LINE('',#3111,#769);
#573=LINE('',#3113,#770);
#574=LINE('',#3114,#771);
#575=LINE('',#3117,#772);
#576=LINE('',#3119,#773);
#577=LINE('',#3122,#774);
#578=VECTOR('',#2052,10.);
#579=VECTOR('',#2055,10.);
#580=VECTOR('',#2060,10.);
#581=VECTOR('',#2063,10.);
#582=VECTOR('',#2066,10.);
#583=VECTOR('',#2067,10.);
#584=VECTOR('',#2072,10.);
#585=VECTOR('',#2073,10.);
#586=VECTOR('',#2076,10.);
#587=VECTOR('',#2077,10.);
#588=VECTOR('',#2078,10.);
#589=VECTOR('',#2081,10.);
#590=VECTOR('',#2082,10.);
#591=VECTOR('',#2085,10.);
#592=VECTOR('',#2086,10.);
#593=VECTOR('',#2087,10.);
#594=VECTOR('',#2088,10.);
#595=VECTOR('',#2091,10.);
#596=VECTOR('',#2094,10.);
#597=VECTOR('',#2099,10.);
#598=VECTOR('',#2102,10.);
#599=VECTOR('',#2105,10.);
#600=VECTOR('',#2110,10.);
#601=VECTOR('',#2113,10.);
#602=VECTOR('',#2116,10.);
#603=VECTOR('',#2117,10.);
#604=VECTOR('',#2118,10.);
#605=VECTOR('',#2119,10.);
#606=VECTOR('',#2124,3.);
#607=VECTOR('',#2129,10.);
#608=VECTOR('',#2130,10.);
#609=VECTOR('',#2131,10.);
#610=VECTOR('',#2132,10.);
#611=VECTOR('',#2139,10.);
#612=VECTOR('',#2142,10.);
#613=VECTOR('',#2143,10.);
#614=VECTOR('',#2144,10.);
#615=VECTOR('',#2151,10.);
#616=VECTOR('',#2154,10.);
#617=VECTOR('',#2155,10.);
#618=VECTOR('',#2156,10.);
#619=VECTOR('',#2163,10.);
#620=VECTOR('',#2166,10.);
#621=VECTOR('',#2167,10.);
#622=VECTOR('',#2168,10.);
#623=VECTOR('',#2177,10.);
#624=VECTOR('',#2178,10.);
#625=VECTOR('',#2179,10.);
#626=VECTOR('',#2180,10.);
#627=VECTOR('',#2187,10.);
#628=VECTOR('',#2190,10.);
#629=VECTOR('',#2191,10.);
#630=VECTOR('',#2192,10.);
#631=VECTOR('',#2199,10.);
#632=VECTOR('',#2202,10.);
#633=VECTOR('',#2203,10.);
#634=VECTOR('',#2204,10.);
#635=VECTOR('',#2211,10.);
#636=VECTOR('',#2214,10.);
#637=VECTOR('',#2215,10.);
#638=VECTOR('',#2216,10.);
#639=VECTOR('',#2225,10.);
#640=VECTOR('',#2226,10.);
#641=VECTOR('',#2227,10.);
#642=VECTOR('',#2228,10.);
#643=VECTOR('',#2235,10.);
#644=VECTOR('',#2238,10.);
#645=VECTOR('',#2239,10.);
#646=VECTOR('',#2240,10.);
#647=VECTOR('',#2247,10.);
#648=VECTOR('',#2250,10.);
#649=VECTOR('',#2251,10.);
#650=VECTOR('',#2252,10.);
#651=VECTOR('',#2259,10.);
#652=VECTOR('',#2262,10.);
#653=VECTOR('',#2263,10.);
#654=VECTOR('',#2264,10.);
#655=VECTOR('',#2275,10.);
#656=VECTOR('',#2282,10.);
#657=VECTOR('',#2285,10.);
#658=VECTOR('',#2292,10.);
#659=VECTOR('',#2297,10.);
#660=VECTOR('',#2298,10.);
#661=VECTOR('',#2301,10.);
#662=VECTOR('',#2302,10.);
#663=VECTOR('',#2303,10.);
#664=VECTOR('',#2306,10.);
#665=VECTOR('',#2307,10.);
#666=VECTOR('',#2308,10.);
#667=VECTOR('',#2309,10.);
#668=VECTOR('',#2312,10.);
#669=VECTOR('',#2321,10.);
#670=VECTOR('',#2326,10.);
#671=VECTOR('',#2329,10.);
#672=VECTOR('',#2330,10.);
#673=VECTOR('',#2333,10.);
#674=VECTOR('',#2336,10.);
#675=VECTOR('',#2343,10.);
#676=VECTOR('',#2350,10.);
#677=VECTOR('',#2353,10.);
#678=VECTOR('',#2356,10.);
#679=VECTOR('',#2357,10.);
#680=VECTOR('',#2358,10.);
#681=VECTOR('',#2359,10.);
#682=VECTOR('',#2360,10.);
#683=VECTOR('',#2361,10.);
#684=VECTOR('',#2362,10.);
#685=VECTOR('',#2363,10.);
#686=VECTOR('',#2364,10.);
#687=VECTOR('',#2365,10.);
#688=VECTOR('',#2366,10.);
#689=VECTOR('',#2369,10.);
#690=VECTOR('',#2370,10.);
#691=VECTOR('',#2371,10.);
#692=VECTOR('',#2374,10.);
#693=VECTOR('',#2375,10.);
#694=VECTOR('',#2376,10.);
#695=VECTOR('',#2379,10.);
#696=VECTOR('',#2380,10.);
#697=VECTOR('',#2383,10.);
#698=VECTOR('',#2384,10.);
#699=VECTOR('',#2387,10.);
#700=VECTOR('',#2390,10.);
#701=VECTOR('',#2391,10.);
#702=VECTOR('',#2394,10.);
#703=VECTOR('',#2395,10.);
#704=VECTOR('',#2398,10.);
#705=VECTOR('',#2399,10.);
#706=VECTOR('',#2402,10.);
#707=VECTOR('',#2403,10.);
#708=VECTOR('',#2406,10.);
#709=VECTOR('',#2407,10.);
#710=VECTOR('',#2410,10.);
#711=VECTOR('',#2411,10.);
#712=VECTOR('',#2414,10.);
#713=VECTOR('',#2419,10.);
#714=VECTOR('',#2422,10.);
#715=VECTOR('',#2427,10.);
#716=VECTOR('',#2430,10.);
#717=VECTOR('',#2433,10.);
#718=VECTOR('',#2436,10.);
#719=VECTOR('',#2439,10.);
#720=VECTOR('',#2442,10.);
#721=VECTOR('',#2445,10.);
#722=VECTOR('',#2448,10.);
#723=VECTOR('',#2453,10.);
#724=VECTOR('',#2454,10.);
#725=VECTOR('',#2457,10.);
#726=VECTOR('',#2458,10.);
#727=VECTOR('',#2463,10.);
#728=VECTOR('',#2464,10.);
#729=VECTOR('',#2467,10.);
#730=VECTOR('',#2468,10.);
#731=VECTOR('',#2469,10.);
#732=VECTOR('',#2472,10.);
#733=VECTOR('',#2473,10.);
#734=VECTOR('',#2476,10.);
#735=VECTOR('',#2477,10.);
#736=VECTOR('',#2480,10.);
#737=VECTOR('',#2481,10.);
#738=VECTOR('',#2484,5.);
#739=VECTOR('',#2485,10.);
#740=VECTOR('',#2486,5.);
#741=VECTOR('',#2489,5.);
#742=VECTOR('',#2496,10.);
#743=VECTOR('',#2507,10.);
#744=VECTOR('',#2516,10.);
#745=VECTOR('',#2519,10.);
#746=VECTOR('',#2520,10.);
#747=VECTOR('',#2521,10.);
#748=VECTOR('',#2522,10.);
#749=VECTOR('',#2525,10.);
#750=VECTOR('',#2526,10.);
#751=VECTOR('',#2527,10.);
#752=VECTOR('',#2528,10.);
#753=VECTOR('',#2529,10.);
#754=VECTOR('',#2532,10.);
#755=VECTOR('',#2533,10.);
#756=VECTOR('',#2534,10.);
#757=VECTOR('',#2537,10.);
#758=VECTOR('',#2538,10.);
#759=VECTOR('',#2539,10.);
#760=VECTOR('',#2540,10.);
#761=VECTOR('',#2543,10.);
#762=VECTOR('',#2544,10.);
#763=VECTOR('',#2545,10.);
#764=VECTOR('',#2548,10.);
#765=VECTOR('',#2549,10.);
#766=VECTOR('',#2550,10.);
#767=VECTOR('',#2553,10.);
#768=VECTOR('',#2554,10.);
#769=VECTOR('',#2555,10.);
#770=VECTOR('',#2558,10.);
#771=VECTOR('',#2559,10.);
#772=VECTOR('',#2564,10.);
#773=VECTOR('',#2567,10.);
#774=VECTOR('',#2572,10.);
#775=VERTEX_POINT('',#2580);
#776=VERTEX_POINT('',#2581);
#777=VERTEX_POINT('',#2583);
#778=VERTEX_POINT('',#2585);
#779=VERTEX_POINT('',#2589);
#780=VERTEX_POINT('',#2591);
#781=VERTEX_POINT('',#2595);
#782=VERTEX_POINT('',#2597);
#783=VERTEX_POINT('',#2604);
#784=VERTEX_POINT('',#2606);
#785=VERTEX_POINT('',#2610);
#786=VERTEX_POINT('',#2614);
#787=VERTEX_POINT('',#2615);
#788=VERTEX_POINT('',#2617);
#789=VERTEX_POINT('',#2619);
#790=VERTEX_POINT('',#2623);
#791=VERTEX_POINT('',#2624);
#792=VERTEX_POINT('',#2626);
#793=VERTEX_POINT('',#2631);
#794=VERTEX_POINT('',#2636);
#795=VERTEX_POINT('',#2644);
#796=VERTEX_POINT('',#2645);
#797=VERTEX_POINT('',#2647);
#798=VERTEX_POINT('',#2649);
#799=VERTEX_POINT('',#2653);
#800=VERTEX_POINT('',#2655);
#801=VERTEX_POINT('',#2659);
#802=VERTEX_POINT('',#2660);
#803=VERTEX_POINT('',#2662);
#804=VERTEX_POINT('',#2664);
#805=VERTEX_POINT('',#2668);
#806=VERTEX_POINT('',#2670);
#807=VERTEX_POINT('',#2674);
#808=VERTEX_POINT('',#2676);
#809=VERTEX_POINT('',#2680);
#810=VERTEX_POINT('',#2682);
#811=VERTEX_POINT('',#2686);
#812=VERTEX_POINT('',#2688);
#813=VERTEX_POINT('',#2692);
#814=VERTEX_POINT('',#2694);
#815=VERTEX_POINT('',#2698);
#816=VERTEX_POINT('',#2700);
#817=VERTEX_POINT('',#2707);
#818=VERTEX_POINT('',#2708);
#819=VERTEX_POINT('',#2710);
#820=VERTEX_POINT('',#2712);
#821=VERTEX_POINT('',#2716);
#822=VERTEX_POINT('',#2718);
#823=VERTEX_POINT('',#2722);
#824=VERTEX_POINT('',#2724);
#825=VERTEX_POINT('',#2728);
#826=VERTEX_POINT('',#2730);
#827=VERTEX_POINT('',#2734);
#828=VERTEX_POINT('',#2736);
#829=VERTEX_POINT('',#2740);
#830=VERTEX_POINT('',#2742);
#831=VERTEX_POINT('',#2746);
#832=VERTEX_POINT('',#2748);
#833=VERTEX_POINT('',#2755);
#834=VERTEX_POINT('',#2756);
#835=VERTEX_POINT('',#2758);
#836=VERTEX_POINT('',#2760);
#837=VERTEX_POINT('',#2764);
#838=VERTEX_POINT('',#2766);
#839=VERTEX_POINT('',#2770);
#840=VERTEX_POINT('',#2772);
#841=VERTEX_POINT('',#2776);
#842=VERTEX_POINT('',#2778);
#843=VERTEX_POINT('',#2782);
#844=VERTEX_POINT('',#2784);
#845=VERTEX_POINT('',#2788);
#846=VERTEX_POINT('',#2790);
#847=VERTEX_POINT('',#2794);
#848=VERTEX_POINT('',#2796);
#849=VERTEX_POINT('',#2803);
#850=VERTEX_POINT('',#2805);
#851=VERTEX_POINT('',#2809);
#852=VERTEX_POINT('',#2810);
#853=VERTEX_POINT('',#2812);
#854=VERTEX_POINT('',#2819);
#855=VERTEX_POINT('',#2823);
#856=VERTEX_POINT('',#2827);
#857=VERTEX_POINT('',#2829);
#858=VERTEX_POINT('',#2831);
#859=VERTEX_POINT('',#2834);
#860=VERTEX_POINT('',#2835);
#861=VERTEX_POINT('',#2837);
#862=VERTEX_POINT('',#2839);
#863=VERTEX_POINT('',#2843);
#864=VERTEX_POINT('',#2847);
#865=VERTEX_POINT('',#2867);
#866=VERTEX_POINT('',#2868);
#867=VERTEX_POINT('',#2870);
#868=VERTEX_POINT('',#2872);
#869=VERTEX_POINT('',#2876);
#870=VERTEX_POINT('',#2878);
#871=VERTEX_POINT('',#2880);
#872=VERTEX_POINT('',#2882);
#873=VERTEX_POINT('',#2884);
#874=VERTEX_POINT('',#2886);
#875=VERTEX_POINT('',#2888);
#876=VERTEX_POINT('',#2890);
#877=VERTEX_POINT('',#2892);
#878=VERTEX_POINT('',#2894);
#879=VERTEX_POINT('',#2898);
#880=VERTEX_POINT('',#2900);
#881=VERTEX_POINT('',#2904);
#882=VERTEX_POINT('',#2905);
#883=VERTEX_POINT('',#2910);
#884=VERTEX_POINT('',#2914);
#885=VERTEX_POINT('',#2920);
#886=VERTEX_POINT('',#2924);
#887=VERTEX_POINT('',#2928);
#888=VERTEX_POINT('',#2932);
#889=VERTEX_POINT('',#2936);
#890=VERTEX_POINT('',#2940);
#891=VERTEX_POINT('',#2947);
#892=VERTEX_POINT('',#2948);
#893=VERTEX_POINT('',#2950);
#894=VERTEX_POINT('',#2952);
#895=VERTEX_POINT('',#2956);
#896=VERTEX_POINT('',#2958);
#897=VERTEX_POINT('',#2962);
#898=VERTEX_POINT('',#2964);
#899=VERTEX_POINT('',#2968);
#900=VERTEX_POINT('',#2970);
#901=VERTEX_POINT('',#2974);
#902=VERTEX_POINT('',#2975);
#903=VERTEX_POINT('',#2977);
#904=VERTEX_POINT('',#2979);
#905=VERTEX_POINT('',#2986);
#906=VERTEX_POINT('',#2988);
#907=VERTEX_POINT('',#2995);
#908=VERTEX_POINT('',#2997);
#909=VERTEX_POINT('',#3001);
#910=VERTEX_POINT('',#3005);
#911=VERTEX_POINT('',#3009);
#912=VERTEX_POINT('',#3013);
#913=VERTEX_POINT('',#3014);
#914=VERTEX_POINT('',#3016);
#915=VERTEX_POINT('',#3018);
#916=VERTEX_POINT('',#3020);
#917=VERTEX_POINT('',#3022);
#918=VERTEX_POINT('',#3026);
#919=VERTEX_POINT('',#3028);
#920=VERTEX_POINT('',#3040);
#921=VERTEX_POINT('',#3044);
#922=VERTEX_POINT('',#3056);
#923=VERTEX_POINT('',#3060);
#924=VERTEX_POINT('',#3064);
#925=VERTEX_POINT('',#3065);
#926=VERTEX_POINT('',#3067);
#927=VERTEX_POINT('',#3069);
#928=VERTEX_POINT('',#3073);
#929=VERTEX_POINT('',#3075);
#930=VERTEX_POINT('',#3077);
#931=VERTEX_POINT('',#3079);
#932=VERTEX_POINT('',#3083);
#933=VERTEX_POINT('',#3085);
#934=VERTEX_POINT('',#3091);
#935=VERTEX_POINT('',#3095);
#936=VERTEX_POINT('',#3097);
#937=VERTEX_POINT('',#3101);
#938=VERTEX_POINT('',#3103);
#939=VERTEX_POINT('',#3107);
#940=VERTEX_POINT('',#3109);
#941=EDGE_CURVE('',#775,#776,#381,.T.);
#942=EDGE_CURVE('',#776,#777,#365,.T.);
#943=EDGE_CURVE('',#777,#778,#382,.T.);
#944=EDGE_CURVE('',#778,#775,#366,.T.);
#945=EDGE_CURVE('',#776,#779,#383,.T.);
#946=EDGE_CURVE('',#779,#780,#367,.T.);
#947=EDGE_CURVE('',#780,#777,#384,.T.);
#948=EDGE_CURVE('',#781,#780,#385,.T.);
#949=EDGE_CURVE('',#779,#782,#386,.T.);
#950=EDGE_CURVE('',#781,#782,#368,.T.);
#951=EDGE_CURVE('',#782,#775,#387,.T.);
#952=EDGE_CURVE('',#778,#781,#388,.T.);
#953=EDGE_CURVE('',#783,#776,#389,.T.);
#954=EDGE_CURVE('',#784,#783,#390,.T.);
#955=EDGE_CURVE('',#784,#779,#391,.T.);
#956=EDGE_CURVE('',#785,#775,#392,.T.);
#957=EDGE_CURVE('',#783,#785,#393,.T.);
#958=EDGE_CURVE('',#786,#787,#394,.T.);
#959=EDGE_CURVE('',#788,#786,#395,.T.);
#960=EDGE_CURVE('',#789,#788,#396,.T.);
#961=EDGE_CURVE('',#787,#789,#397,.T.);
#962=EDGE_CURVE('',#790,#791,#398,.T.);
#963=EDGE_CURVE('',#791,#792,#369,.T.);
#964=EDGE_CURVE('',#792,#784,#399,.T.);
#965=EDGE_CURVE('',#784,#790,#370,.T.);
#966=EDGE_CURVE('',#791,#793,#400,.T.);
#967=EDGE_CURVE('',#793,#785,#371,.T.);
#968=EDGE_CURVE('',#785,#792,#401,.T.);
#969=EDGE_CURVE('',#793,#794,#402,.T.);
#970=EDGE_CURVE('',#794,#783,#372,.T.);
#971=EDGE_CURVE('',#794,#790,#403,.T.);
#972=EDGE_CURVE('',#792,#782,#404,.T.);
#973=EDGE_CURVE('',#795,#796,#405,.T.);
#974=EDGE_CURVE('',#797,#795,#406,.T.);
#975=EDGE_CURVE('',#798,#797,#407,.T.);
#976=EDGE_CURVE('',#798,#796,#408,.T.);
#977=EDGE_CURVE('',#799,#799,#27,.T.);
#978=EDGE_CURVE('',#799,#800,#409,.T.);
#979=EDGE_CURVE('',#800,#800,#28,.T.);
#980=EDGE_CURVE('',#801,#802,#410,.T.);
#981=EDGE_CURVE('',#803,#801,#411,.T.);
#982=EDGE_CURVE('',#804,#803,#412,.T.);
#983=EDGE_CURVE('',#804,#802,#413,.T.);
#984=EDGE_CURVE('',#802,#805,#29,.T.);
#985=EDGE_CURVE('',#806,#804,#30,.T.);
#986=EDGE_CURVE('',#806,#805,#414,.T.);
#987=EDGE_CURVE('',#805,#807,#415,.T.);
#988=EDGE_CURVE('',#808,#806,#416,.T.);
#989=EDGE_CURVE('',#808,#807,#417,.T.);
#990=EDGE_CURVE('',#807,#809,#31,.T.);
#991=EDGE_CURVE('',#810,#808,#32,.T.);
#992=EDGE_CURVE('',#810,#809,#418,.T.);
#993=EDGE_CURVE('',#809,#811,#419,.T.);
#994=EDGE_CURVE('',#812,#810,#420,.T.);
#995=EDGE_CURVE('',#812,#811,#421,.T.);
#996=EDGE_CURVE('',#811,#813,#33,.T.);
#997=EDGE_CURVE('',#814,#812,#34,.T.);
#998=EDGE_CURVE('',#814,#813,#422,.T.);
#999=EDGE_CURVE('',#813,#815,#423,.T.);
#1000=EDGE_CURVE('',#816,#814,#424,.T.);
#1001=EDGE_CURVE('',#816,#815,#425,.T.);
#1002=EDGE_CURVE('',#815,#801,#35,.T.);
#1003=EDGE_CURVE('',#803,#816,#36,.T.);
#1004=EDGE_CURVE('',#817,#818,#426,.T.);
#1005=EDGE_CURVE('',#819,#817,#427,.T.);
#1006=EDGE_CURVE('',#820,#819,#428,.T.);
#1007=EDGE_CURVE('',#820,#818,#429,.T.);
#1008=EDGE_CURVE('',#818,#821,#37,.T.);
#1009=EDGE_CURVE('',#822,#820,#38,.T.);
#1010=EDGE_CURVE('',#822,#821,#430,.T.);
#1011=EDGE_CURVE('',#821,#823,#431,.T.);
#1012=EDGE_CURVE('',#824,#822,#432,.T.);
#1013=EDGE_CURVE('',#824,#823,#433,.T.);
#1014=EDGE_CURVE('',#823,#825,#39,.T.);
#1015=EDGE_CURVE('',#826,#824,#40,.T.);
#1016=EDGE_CURVE('',#826,#825,#434,.T.);
#1017=EDGE_CURVE('',#825,#827,#435,.T.);
#1018=EDGE_CURVE('',#828,#826,#436,.T.);
#1019=EDGE_CURVE('',#828,#827,#437,.T.);
#1020=EDGE_CURVE('',#827,#829,#41,.T.);
#1021=EDGE_CURVE('',#830,#828,#42,.T.);
#1022=EDGE_CURVE('',#830,#829,#438,.T.);
#1023=EDGE_CURVE('',#829,#831,#439,.T.);
#1024=EDGE_CURVE('',#832,#830,#440,.T.);
#1025=EDGE_CURVE('',#832,#831,#441,.T.);
#1026=EDGE_CURVE('',#831,#817,#43,.T.);
#1027=EDGE_CURVE('',#819,#832,#44,.T.);
#1028=EDGE_CURVE('',#833,#834,#442,.T.);
#1029=EDGE_CURVE('',#835,#833,#443,.T.);
#1030=EDGE_CURVE('',#836,#835,#444,.T.);
#1031=EDGE_CURVE('',#836,#834,#445,.T.);
#1032=EDGE_CURVE('',#834,#837,#45,.T.);
#1033=EDGE_CURVE('',#838,#836,#46,.T.);
#1034=EDGE_CURVE('',#838,#837,#446,.T.);
#1035=EDGE_CURVE('',#837,#839,#447,.T.);
#1036=EDGE_CURVE('',#840,#838,#448,.T.);
#1037=EDGE_CURVE('',#840,#839,#449,.T.);
#1038=EDGE_CURVE('',#839,#841,#47,.T.);
#1039=EDGE_CURVE('',#842,#840,#48,.T.);
#1040=EDGE_CURVE('',#842,#841,#450,.T.);
#1041=EDGE_CURVE('',#841,#843,#451,.T.);
#1042=EDGE_CURVE('',#844,#842,#452,.T.);
#1043=EDGE_CURVE('',#844,#843,#453,.T.);
#1044=EDGE_CURVE('',#843,#845,#49,.T.);
#1045=EDGE_CURVE('',#846,#844,#50,.T.);
#1046=EDGE_CURVE('',#846,#845,#454,.T.);
#1047=EDGE_CURVE('',#845,#847,#455,.T.);
#1048=EDGE_CURVE('',#848,#846,#456,.T.);
#1049=EDGE_CURVE('',#848,#847,#457,.T.);
#1050=EDGE_CURVE('',#847,#833,#51,.T.);
#1051=EDGE_CURVE('',#835,#848,#52,.T.);
#1052=EDGE_CURVE('',#796,#849,#53,.T.);
#1053=EDGE_CURVE('',#849,#850,#458,.T.);
#1054=EDGE_CURVE('',#850,#795,#54,.T.);
#1055=EDGE_CURVE('',#851,#852,#55,.T.);
#1056=EDGE_CURVE('',#852,#853,#459,.T.);
#1057=EDGE_CURVE('',#853,#850,#56,.T.);
#1058=EDGE_CURVE('',#850,#851,#460,.T.);
#1059=EDGE_CURVE('',#853,#795,#57,.T.);
#1060=EDGE_CURVE('',#853,#854,#461,.T.);
#1061=EDGE_CURVE('',#797,#854,#58,.T.);
#1062=EDGE_CURVE('',#855,#852,#462,.T.);
#1063=EDGE_CURVE('',#854,#855,#463,.T.);
#1064=EDGE_CURVE('',#851,#856,#464,.T.);
#1065=EDGE_CURVE('',#856,#857,#465,.T.);
#1066=EDGE_CURVE('',#857,#858,#466,.T.);
#1067=EDGE_CURVE('',#855,#858,#59,.T.);
#1068=EDGE_CURVE('',#859,#860,#467,.T.);
#1069=EDGE_CURVE('',#860,#861,#468,.T.);
#1070=EDGE_CURVE('',#861,#862,#469,.T.);
#1071=EDGE_CURVE('',#862,#859,#470,.T.);
#1072=EDGE_CURVE('',#858,#863,#471,.T.);
#1073=EDGE_CURVE('',#863,#854,#60,.T.);
#1074=EDGE_CURVE('',#864,#798,#61,.T.);
#1075=EDGE_CURVE('',#797,#863,#62,.T.);
#1076=EDGE_CURVE('',#863,#864,#472,.T.);
#1077=EDGE_CURVE('',#864,#857,#473,.T.);
#1078=EDGE_CURVE('',#859,#788,#474,.T.);
#1079=EDGE_CURVE('',#860,#786,#475,.T.);
#1080=EDGE_CURVE('',#862,#789,#476,.T.);
#1081=EDGE_CURVE('',#861,#787,#477,.T.);
#1082=EDGE_CURVE('',#849,#856,#478,.T.);
#1083=EDGE_CURVE('',#865,#866,#63,.T.);
#1084=EDGE_CURVE('',#866,#867,#479,.T.);
#1085=EDGE_CURVE('',#867,#868,#64,.T.);
#1086=EDGE_CURVE('',#868,#865,#480,.T.);
#1087=EDGE_CURVE('',#866,#869,#481,.T.);
#1088=EDGE_CURVE('',#869,#870,#482,.T.);
#1089=EDGE_CURVE('',#870,#871,#483,.T.);
#1090=EDGE_CURVE('',#871,#872,#484,.T.);
#1091=EDGE_CURVE('',#872,#873,#485,.T.);
#1092=EDGE_CURVE('',#873,#874,#486,.T.);
#1093=EDGE_CURVE('',#874,#875,#487,.T.);
#1094=EDGE_CURVE('',#875,#876,#488,.T.);
#1095=EDGE_CURVE('',#876,#877,#489,.T.);
#1096=EDGE_CURVE('',#877,#878,#490,.T.);
#1097=EDGE_CURVE('',#878,#867,#491,.T.);
#1098=EDGE_CURVE('',#879,#865,#492,.T.);
#1099=EDGE_CURVE('',#880,#879,#493,.T.);
#1100=EDGE_CURVE('',#880,#869,#494,.T.);
#1101=EDGE_CURVE('',#881,#882,#495,.T.);
#1102=EDGE_CURVE('',#881,#873,#496,.T.);
#1103=EDGE_CURVE('',#882,#872,#497,.T.);
#1104=EDGE_CURVE('',#882,#883,#498,.T.);
#1105=EDGE_CURVE('',#883,#871,#499,.T.);
#1106=EDGE_CURVE('',#883,#884,#500,.T.);
#1107=EDGE_CURVE('',#884,#870,#501,.T.);
#1108=EDGE_CURVE('',#884,#880,#502,.T.);
#1109=EDGE_CURVE('',#885,#868,#503,.T.);
#1110=EDGE_CURVE('',#879,#885,#504,.T.);
#1111=EDGE_CURVE('',#886,#878,#505,.T.);
#1112=EDGE_CURVE('',#885,#886,#506,.T.);
#1113=EDGE_CURVE('',#886,#887,#507,.T.);
#1114=EDGE_CURVE('',#887,#877,#508,.T.);
#1115=EDGE_CURVE('',#887,#888,#509,.T.);
#1116=EDGE_CURVE('',#888,#876,#510,.T.);
#1117=EDGE_CURVE('',#888,#889,#511,.T.);
#1118=EDGE_CURVE('',#889,#875,#512,.T.);
#1119=EDGE_CURVE('',#889,#890,#513,.T.);
#1120=EDGE_CURVE('',#890,#874,#514,.T.);
#1121=EDGE_CURVE('',#890,#881,#515,.T.);
#1122=EDGE_CURVE('',#891,#892,#516,.T.);
#1123=EDGE_CURVE('',#892,#893,#373,.T.);
#1124=EDGE_CURVE('',#893,#894,#517,.T.);
#1125=EDGE_CURVE('',#894,#891,#374,.T.);
#1126=EDGE_CURVE('',#894,#895,#518,.T.);
#1127=EDGE_CURVE('',#895,#896,#375,.T.);
#1128=EDGE_CURVE('',#896,#891,#519,.T.);
#1129=EDGE_CURVE('',#895,#897,#520,.T.);
#1130=EDGE_CURVE('',#897,#898,#376,.T.);
#1131=EDGE_CURVE('',#898,#896,#521,.T.);
#1132=EDGE_CURVE('',#897,#899,#522,.T.);
#1133=EDGE_CURVE('',#899,#900,#377,.T.);
#1134=EDGE_CURVE('',#900,#898,#523,.T.);
#1135=EDGE_CURVE('',#901,#902,#524,.T.);
#1136=EDGE_CURVE('',#902,#903,#378,.T.);
#1137=EDGE_CURVE('',#903,#904,#525,.T.);
#1138=EDGE_CURVE('',#904,#901,#379,.T.);
#1139=EDGE_CURVE('',#899,#903,#526,.T.);
#1140=EDGE_CURVE('',#902,#900,#527,.T.);
#1141=EDGE_CURVE('',#905,#901,#528,.T.);
#1142=EDGE_CURVE('',#904,#906,#529,.T.);
#1143=EDGE_CURVE('',#906,#905,#380,.T.);
#1144=EDGE_CURVE('',#892,#905,#530,.T.);
#1145=EDGE_CURVE('',#906,#893,#531,.T.);
#1146=EDGE_CURVE('',#898,#907,#532,.T.);
#1147=EDGE_CURVE('',#908,#907,#533,.T.);
#1148=EDGE_CURVE('',#896,#908,#534,.T.);
#1149=EDGE_CURVE('',#900,#909,#535,.T.);
#1150=EDGE_CURVE('',#907,#909,#536,.T.);
#1151=EDGE_CURVE('',#902,#910,#537,.T.);
#1152=EDGE_CURVE('',#909,#910,#538,.T.);
#1153=EDGE_CURVE('',#901,#911,#539,.T.);
#1154=EDGE_CURVE('',#910,#911,#540,.T.);
#1155=EDGE_CURVE('',#912,#913,#541,.T.);
#1156=EDGE_CURVE('',#914,#912,#542,.T.);
#1157=EDGE_CURVE('',#915,#914,#543,.T.);
#1158=EDGE_CURVE('',#916,#915,#65,.T.);
#1159=EDGE_CURVE('',#917,#916,#544,.T.);
#1160=EDGE_CURVE('',#913,#917,#66,.T.);
#1161=EDGE_CURVE('',#914,#918,#67,.T.);
#1162=EDGE_CURVE('',#919,#918,#545,.T.);
#1163=EDGE_CURVE('',#919,#915,#68,.T.);
#1164=EDGE_CURVE('',#920,#916,#69,.T.);
#1165=EDGE_CURVE('',#919,#920,#70,.T.);
#1166=EDGE_CURVE('',#921,#917,#71,.T.);
#1167=EDGE_CURVE('',#921,#920,#546,.T.);
#1168=EDGE_CURVE('',#922,#913,#72,.T.);
#1169=EDGE_CURVE('',#921,#922,#73,.T.);
#1170=EDGE_CURVE('',#923,#912,#74,.T.);
#1171=EDGE_CURVE('',#923,#922,#547,.T.);
#1172=EDGE_CURVE('',#924,#925,#548,.T.);
#1173=EDGE_CURVE('',#924,#926,#549,.T.);
#1174=EDGE_CURVE('',#927,#926,#550,.T.);
#1175=EDGE_CURVE('',#925,#927,#551,.T.);
#1176=EDGE_CURVE('',#928,#908,#552,.T.);
#1177=EDGE_CURVE('',#928,#929,#553,.T.);
#1178=EDGE_CURVE('',#930,#929,#554,.T.);
#1179=EDGE_CURVE('',#931,#930,#555,.T.);
#1180=EDGE_CURVE('',#891,#931,#556,.T.);
#1181=EDGE_CURVE('',#932,#928,#557,.T.);
#1182=EDGE_CURVE('',#932,#933,#558,.T.);
#1183=EDGE_CURVE('',#929,#933,#559,.T.);
#1184=EDGE_CURVE('',#925,#892,#560,.T.);
#1185=EDGE_CURVE('',#933,#927,#561,.T.);
#1186=EDGE_CURVE('',#934,#932,#562,.T.);
#1187=EDGE_CURVE('',#905,#934,#563,.T.);
#1188=EDGE_CURVE('',#931,#935,#564,.T.);
#1189=EDGE_CURVE('',#936,#930,#565,.T.);
#1190=EDGE_CURVE('',#935,#936,#566,.T.);
#1191=EDGE_CURVE('',#935,#937,#567,.T.);
#1192=EDGE_CURVE('',#938,#936,#568,.T.);
#1193=EDGE_CURVE('',#937,#938,#569,.T.);
#1194=EDGE_CURVE('',#937,#939,#570,.T.);
#1195=EDGE_CURVE('',#940,#938,#571,.T.);
#1196=EDGE_CURVE('',#939,#940,#572,.T.);
#1197=EDGE_CURVE('',#939,#924,#573,.T.);
#1198=EDGE_CURVE('',#926,#940,#574,.T.);
#1199=EDGE_CURVE('',#925,#931,#575,.T.);
#1200=EDGE_CURVE('',#918,#923,#576,.T.);
#1201=EDGE_CURVE('',#911,#934,#577,.T.);
#1202=ORIENTED_EDGE('',*,*,#941,.T.);
#1203=ORIENTED_EDGE('',*,*,#942,.T.);
#1204=ORIENTED_EDGE('',*,*,#943,.T.);
#1205=ORIENTED_EDGE('',*,*,#944,.T.);
#1206=ORIENTED_EDGE('',*,*,#945,.T.);
#1207=ORIENTED_EDGE('',*,*,#946,.T.);
#1208=ORIENTED_EDGE('',*,*,#947,.T.);
#1209=ORIENTED_EDGE('',*,*,#942,.F.);
#1210=ORIENTED_EDGE('',*,*,#948,.T.);
#1211=ORIENTED_EDGE('',*,*,#946,.F.);
#1212=ORIENTED_EDGE('',*,*,#949,.T.);
#1213=ORIENTED_EDGE('',*,*,#950,.F.);
#1214=ORIENTED_EDGE('',*,*,#951,.T.);
#1215=ORIENTED_EDGE('',*,*,#944,.F.);
#1216=ORIENTED_EDGE('',*,*,#952,.T.);
#1217=ORIENTED_EDGE('',*,*,#950,.T.);
#1218=ORIENTED_EDGE('',*,*,#945,.F.);
#1219=ORIENTED_EDGE('',*,*,#953,.F.);
#1220=ORIENTED_EDGE('',*,*,#954,.F.);
#1221=ORIENTED_EDGE('',*,*,#955,.T.);
#1222=ORIENTED_EDGE('',*,*,#941,.F.);
#1223=ORIENTED_EDGE('',*,*,#956,.F.);
#1224=ORIENTED_EDGE('',*,*,#957,.F.);
#1225=ORIENTED_EDGE('',*,*,#953,.T.);
#1226=ORIENTED_EDGE('',*,*,#958,.F.);
#1227=ORIENTED_EDGE('',*,*,#959,.F.);
#1228=ORIENTED_EDGE('',*,*,#960,.F.);
#1229=ORIENTED_EDGE('',*,*,#961,.F.);
#1230=ORIENTED_EDGE('',*,*,#943,.F.);
#1231=ORIENTED_EDGE('',*,*,#947,.F.);
#1232=ORIENTED_EDGE('',*,*,#948,.F.);
#1233=ORIENTED_EDGE('',*,*,#952,.F.);
#1234=ORIENTED_EDGE('',*,*,#962,.T.);
#1235=ORIENTED_EDGE('',*,*,#963,.T.);
#1236=ORIENTED_EDGE('',*,*,#964,.T.);
#1237=ORIENTED_EDGE('',*,*,#965,.T.);
#1238=ORIENTED_EDGE('',*,*,#966,.T.);
#1239=ORIENTED_EDGE('',*,*,#967,.T.);
#1240=ORIENTED_EDGE('',*,*,#968,.T.);
#1241=ORIENTED_EDGE('',*,*,#963,.F.);
#1242=ORIENTED_EDGE('',*,*,#969,.T.);
#1243=ORIENTED_EDGE('',*,*,#970,.T.);
#1244=ORIENTED_EDGE('',*,*,#957,.T.);
#1245=ORIENTED_EDGE('',*,*,#967,.F.);
#1246=ORIENTED_EDGE('',*,*,#954,.T.);
#1247=ORIENTED_EDGE('',*,*,#970,.F.);
#1248=ORIENTED_EDGE('',*,*,#971,.T.);
#1249=ORIENTED_EDGE('',*,*,#965,.F.);
#1250=ORIENTED_EDGE('',*,*,#949,.F.);
#1251=ORIENTED_EDGE('',*,*,#955,.F.);
#1252=ORIENTED_EDGE('',*,*,#964,.F.);
#1253=ORIENTED_EDGE('',*,*,#972,.T.);
#1254=ORIENTED_EDGE('',*,*,#973,.F.);
#1255=ORIENTED_EDGE('',*,*,#974,.F.);
#1256=ORIENTED_EDGE('',*,*,#975,.F.);
#1257=ORIENTED_EDGE('',*,*,#976,.T.);
#1258=ORIENTED_EDGE('',*,*,#962,.F.);
#1259=ORIENTED_EDGE('',*,*,#971,.F.);
#1260=ORIENTED_EDGE('',*,*,#969,.F.);
#1261=ORIENTED_EDGE('',*,*,#966,.F.);
#1262=ORIENTED_EDGE('',*,*,#977,.F.);
#1263=ORIENTED_EDGE('',*,*,#978,.T.);
#1264=ORIENTED_EDGE('',*,*,#979,.F.);
#1265=ORIENTED_EDGE('',*,*,#978,.F.);
#1266=ORIENTED_EDGE('',*,*,#980,.F.);
#1267=ORIENTED_EDGE('',*,*,#981,.F.);
#1268=ORIENTED_EDGE('',*,*,#982,.F.);
#1269=ORIENTED_EDGE('',*,*,#983,.T.);
#1270=ORIENTED_EDGE('',*,*,#984,.F.);
#1271=ORIENTED_EDGE('',*,*,#983,.F.);
#1272=ORIENTED_EDGE('',*,*,#985,.F.);
#1273=ORIENTED_EDGE('',*,*,#986,.T.);
#1274=ORIENTED_EDGE('',*,*,#987,.F.);
#1275=ORIENTED_EDGE('',*,*,#986,.F.);
#1276=ORIENTED_EDGE('',*,*,#988,.F.);
#1277=ORIENTED_EDGE('',*,*,#989,.T.);
#1278=ORIENTED_EDGE('',*,*,#990,.F.);
#1279=ORIENTED_EDGE('',*,*,#989,.F.);
#1280=ORIENTED_EDGE('',*,*,#991,.F.);
#1281=ORIENTED_EDGE('',*,*,#992,.T.);
#1282=ORIENTED_EDGE('',*,*,#993,.F.);
#1283=ORIENTED_EDGE('',*,*,#992,.F.);
#1284=ORIENTED_EDGE('',*,*,#994,.F.);
#1285=ORIENTED_EDGE('',*,*,#995,.T.);
#1286=ORIENTED_EDGE('',*,*,#996,.F.);
#1287=ORIENTED_EDGE('',*,*,#995,.F.);
#1288=ORIENTED_EDGE('',*,*,#997,.F.);
#1289=ORIENTED_EDGE('',*,*,#998,.T.);
#1290=ORIENTED_EDGE('',*,*,#999,.F.);
#1291=ORIENTED_EDGE('',*,*,#998,.F.);
#1292=ORIENTED_EDGE('',*,*,#1000,.F.);
#1293=ORIENTED_EDGE('',*,*,#1001,.T.);
#1294=ORIENTED_EDGE('',*,*,#1002,.F.);
#1295=ORIENTED_EDGE('',*,*,#1001,.F.);
#1296=ORIENTED_EDGE('',*,*,#1003,.F.);
#1297=ORIENTED_EDGE('',*,*,#981,.T.);
#1298=ORIENTED_EDGE('',*,*,#1004,.F.);
#1299=ORIENTED_EDGE('',*,*,#1005,.F.);
#1300=ORIENTED_EDGE('',*,*,#1006,.F.);
#1301=ORIENTED_EDGE('',*,*,#1007,.T.);
#1302=ORIENTED_EDGE('',*,*,#1008,.F.);
#1303=ORIENTED_EDGE('',*,*,#1007,.F.);
#1304=ORIENTED_EDGE('',*,*,#1009,.F.);
#1305=ORIENTED_EDGE('',*,*,#1010,.T.);
#1306=ORIENTED_EDGE('',*,*,#1011,.F.);
#1307=ORIENTED_EDGE('',*,*,#1010,.F.);
#1308=ORIENTED_EDGE('',*,*,#1012,.F.);
#1309=ORIENTED_EDGE('',*,*,#1013,.T.);
#1310=ORIENTED_EDGE('',*,*,#1014,.F.);
#1311=ORIENTED_EDGE('',*,*,#1013,.F.);
#1312=ORIENTED_EDGE('',*,*,#1015,.F.);
#1313=ORIENTED_EDGE('',*,*,#1016,.T.);
#1314=ORIENTED_EDGE('',*,*,#1017,.F.);
#1315=ORIENTED_EDGE('',*,*,#1016,.F.);
#1316=ORIENTED_EDGE('',*,*,#1018,.F.);
#1317=ORIENTED_EDGE('',*,*,#1019,.T.);
#1318=ORIENTED_EDGE('',*,*,#1020,.F.);
#1319=ORIENTED_EDGE('',*,*,#1019,.F.);
#1320=ORIENTED_EDGE('',*,*,#1021,.F.);
#1321=ORIENTED_EDGE('',*,*,#1022,.T.);
#1322=ORIENTED_EDGE('',*,*,#1023,.F.);
#1323=ORIENTED_EDGE('',*,*,#1022,.F.);
#1324=ORIENTED_EDGE('',*,*,#1024,.F.);
#1325=ORIENTED_EDGE('',*,*,#1025,.T.);
#1326=ORIENTED_EDGE('',*,*,#1026,.F.);
#1327=ORIENTED_EDGE('',*,*,#1025,.F.);
#1328=ORIENTED_EDGE('',*,*,#1027,.F.);
#1329=ORIENTED_EDGE('',*,*,#1005,.T.);
#1330=ORIENTED_EDGE('',*,*,#1028,.F.);
#1331=ORIENTED_EDGE('',*,*,#1029,.F.);
#1332=ORIENTED_EDGE('',*,*,#1030,.F.);
#1333=ORIENTED_EDGE('',*,*,#1031,.T.);
#1334=ORIENTED_EDGE('',*,*,#1032,.F.);
#1335=ORIENTED_EDGE('',*,*,#1031,.F.);
#1336=ORIENTED_EDGE('',*,*,#1033,.F.);
#1337=ORIENTED_EDGE('',*,*,#1034,.T.);
#1338=ORIENTED_EDGE('',*,*,#1035,.F.);
#1339=ORIENTED_EDGE('',*,*,#1034,.F.);
#1340=ORIENTED_EDGE('',*,*,#1036,.F.);
#1341=ORIENTED_EDGE('',*,*,#1037,.T.);
#1342=ORIENTED_EDGE('',*,*,#1038,.F.);
#1343=ORIENTED_EDGE('',*,*,#1037,.F.);
#1344=ORIENTED_EDGE('',*,*,#1039,.F.);
#1345=ORIENTED_EDGE('',*,*,#1040,.T.);
#1346=ORIENTED_EDGE('',*,*,#1041,.F.);
#1347=ORIENTED_EDGE('',*,*,#1040,.F.);
#1348=ORIENTED_EDGE('',*,*,#1042,.F.);
#1349=ORIENTED_EDGE('',*,*,#1043,.T.);
#1350=ORIENTED_EDGE('',*,*,#1044,.F.);
#1351=ORIENTED_EDGE('',*,*,#1043,.F.);
#1352=ORIENTED_EDGE('',*,*,#1045,.F.);
#1353=ORIENTED_EDGE('',*,*,#1046,.T.);
#1354=ORIENTED_EDGE('',*,*,#1047,.F.);
#1355=ORIENTED_EDGE('',*,*,#1046,.F.);
#1356=ORIENTED_EDGE('',*,*,#1048,.F.);
#1357=ORIENTED_EDGE('',*,*,#1049,.T.);
#1358=ORIENTED_EDGE('',*,*,#1050,.F.);
#1359=ORIENTED_EDGE('',*,*,#1049,.F.);
#1360=ORIENTED_EDGE('',*,*,#1051,.F.);
#1361=ORIENTED_EDGE('',*,*,#1029,.T.);
#1362=ORIENTED_EDGE('',*,*,#1052,.T.);
#1363=ORIENTED_EDGE('',*,*,#1053,.T.);
#1364=ORIENTED_EDGE('',*,*,#1054,.T.);
#1365=ORIENTED_EDGE('',*,*,#973,.T.);
#1366=ORIENTED_EDGE('',*,*,#1055,.T.);
#1367=ORIENTED_EDGE('',*,*,#1056,.T.);
#1368=ORIENTED_EDGE('',*,*,#1057,.T.);
#1369=ORIENTED_EDGE('',*,*,#1058,.T.);
#1370=ORIENTED_EDGE('',*,*,#1057,.F.);
#1371=ORIENTED_EDGE('',*,*,#1059,.T.);
#1372=ORIENTED_EDGE('',*,*,#1054,.F.);
#1373=ORIENTED_EDGE('',*,*,#1059,.F.);
#1374=ORIENTED_EDGE('',*,*,#1060,.T.);
#1375=ORIENTED_EDGE('',*,*,#1061,.F.);
#1376=ORIENTED_EDGE('',*,*,#974,.T.);
#1377=ORIENTED_EDGE('',*,*,#1056,.F.);
#1378=ORIENTED_EDGE('',*,*,#1062,.F.);
#1379=ORIENTED_EDGE('',*,*,#1063,.F.);
#1380=ORIENTED_EDGE('',*,*,#1060,.F.);
#1381=ORIENTED_EDGE('',*,*,#977,.T.);
#1382=ORIENTED_EDGE('',*,*,#994,.T.);
#1383=ORIENTED_EDGE('',*,*,#991,.T.);
#1384=ORIENTED_EDGE('',*,*,#988,.T.);
#1385=ORIENTED_EDGE('',*,*,#985,.T.);
#1386=ORIENTED_EDGE('',*,*,#982,.T.);
#1387=ORIENTED_EDGE('',*,*,#1003,.T.);
#1388=ORIENTED_EDGE('',*,*,#1000,.T.);
#1389=ORIENTED_EDGE('',*,*,#997,.T.);
#1390=ORIENTED_EDGE('',*,*,#1018,.T.);
#1391=ORIENTED_EDGE('',*,*,#1015,.T.);
#1392=ORIENTED_EDGE('',*,*,#1012,.T.);
#1393=ORIENTED_EDGE('',*,*,#1009,.T.);
#1394=ORIENTED_EDGE('',*,*,#1006,.T.);
#1395=ORIENTED_EDGE('',*,*,#1027,.T.);
#1396=ORIENTED_EDGE('',*,*,#1024,.T.);
#1397=ORIENTED_EDGE('',*,*,#1021,.T.);
#1398=ORIENTED_EDGE('',*,*,#1042,.T.);
#1399=ORIENTED_EDGE('',*,*,#1039,.T.);
#1400=ORIENTED_EDGE('',*,*,#1036,.T.);
#1401=ORIENTED_EDGE('',*,*,#1033,.T.);
#1402=ORIENTED_EDGE('',*,*,#1030,.T.);
#1403=ORIENTED_EDGE('',*,*,#1051,.T.);
#1404=ORIENTED_EDGE('',*,*,#1048,.T.);
#1405=ORIENTED_EDGE('',*,*,#1045,.T.);
#1406=ORIENTED_EDGE('',*,*,#1055,.F.);
#1407=ORIENTED_EDGE('',*,*,#1064,.T.);
#1408=ORIENTED_EDGE('',*,*,#1065,.T.);
#1409=ORIENTED_EDGE('',*,*,#1066,.T.);
#1410=ORIENTED_EDGE('',*,*,#1067,.F.);
#1411=ORIENTED_EDGE('',*,*,#1062,.T.);
#1412=ORIENTED_EDGE('',*,*,#1068,.T.);
#1413=ORIENTED_EDGE('',*,*,#1069,.T.);
#1414=ORIENTED_EDGE('',*,*,#1070,.T.);
#1415=ORIENTED_EDGE('',*,*,#1071,.T.);
#1416=ORIENTED_EDGE('',*,*,#1067,.T.);
#1417=ORIENTED_EDGE('',*,*,#1072,.T.);
#1418=ORIENTED_EDGE('',*,*,#1073,.T.);
#1419=ORIENTED_EDGE('',*,*,#1063,.T.);
#1420=ORIENTED_EDGE('',*,*,#1074,.T.);
#1421=ORIENTED_EDGE('',*,*,#975,.T.);
#1422=ORIENTED_EDGE('',*,*,#1075,.T.);
#1423=ORIENTED_EDGE('',*,*,#1076,.T.);
#1424=ORIENTED_EDGE('',*,*,#1075,.F.);
#1425=ORIENTED_EDGE('',*,*,#1061,.T.);
#1426=ORIENTED_EDGE('',*,*,#1073,.F.);
#1427=ORIENTED_EDGE('',*,*,#1076,.F.);
#1428=ORIENTED_EDGE('',*,*,#1072,.F.);
#1429=ORIENTED_EDGE('',*,*,#1066,.F.);
#1430=ORIENTED_EDGE('',*,*,#1077,.F.);
#1431=ORIENTED_EDGE('',*,*,#1068,.F.);
#1432=ORIENTED_EDGE('',*,*,#1078,.T.);
#1433=ORIENTED_EDGE('',*,*,#959,.T.);
#1434=ORIENTED_EDGE('',*,*,#1079,.F.);
#1435=ORIENTED_EDGE('',*,*,#1071,.F.);
#1436=ORIENTED_EDGE('',*,*,#1080,.T.);
#1437=ORIENTED_EDGE('',*,*,#960,.T.);
#1438=ORIENTED_EDGE('',*,*,#1078,.F.);
#1439=ORIENTED_EDGE('',*,*,#979,.T.);
#1440=ORIENTED_EDGE('',*,*,#993,.T.);
#1441=ORIENTED_EDGE('',*,*,#996,.T.);
#1442=ORIENTED_EDGE('',*,*,#999,.T.);
#1443=ORIENTED_EDGE('',*,*,#1002,.T.);
#1444=ORIENTED_EDGE('',*,*,#980,.T.);
#1445=ORIENTED_EDGE('',*,*,#984,.T.);
#1446=ORIENTED_EDGE('',*,*,#987,.T.);
#1447=ORIENTED_EDGE('',*,*,#990,.T.);
#1448=ORIENTED_EDGE('',*,*,#1017,.T.);
#1449=ORIENTED_EDGE('',*,*,#1020,.T.);
#1450=ORIENTED_EDGE('',*,*,#1023,.T.);
#1451=ORIENTED_EDGE('',*,*,#1026,.T.);
#1452=ORIENTED_EDGE('',*,*,#1004,.T.);
#1453=ORIENTED_EDGE('',*,*,#1008,.T.);
#1454=ORIENTED_EDGE('',*,*,#1011,.T.);
#1455=ORIENTED_EDGE('',*,*,#1014,.T.);
#1456=ORIENTED_EDGE('',*,*,#1041,.T.);
#1457=ORIENTED_EDGE('',*,*,#1044,.T.);
#1458=ORIENTED_EDGE('',*,*,#1047,.T.);
#1459=ORIENTED_EDGE('',*,*,#1050,.T.);
#1460=ORIENTED_EDGE('',*,*,#1028,.T.);
#1461=ORIENTED_EDGE('',*,*,#1032,.T.);
#1462=ORIENTED_EDGE('',*,*,#1035,.T.);
#1463=ORIENTED_EDGE('',*,*,#1038,.T.);
#1464=ORIENTED_EDGE('',*,*,#1070,.F.);
#1465=ORIENTED_EDGE('',*,*,#1081,.T.);
#1466=ORIENTED_EDGE('',*,*,#961,.T.);
#1467=ORIENTED_EDGE('',*,*,#1080,.F.);
#1468=ORIENTED_EDGE('',*,*,#1069,.F.);
#1469=ORIENTED_EDGE('',*,*,#1079,.T.);
#1470=ORIENTED_EDGE('',*,*,#958,.T.);
#1471=ORIENTED_EDGE('',*,*,#1081,.F.);
#1472=ORIENTED_EDGE('',*,*,#951,.F.);
#1473=ORIENTED_EDGE('',*,*,#972,.F.);
#1474=ORIENTED_EDGE('',*,*,#968,.F.);
#1475=ORIENTED_EDGE('',*,*,#956,.T.);
#1476=ORIENTED_EDGE('',*,*,#1052,.F.);
#1477=ORIENTED_EDGE('',*,*,#976,.F.);
#1478=ORIENTED_EDGE('',*,*,#1074,.F.);
#1479=ORIENTED_EDGE('',*,*,#1077,.T.);
#1480=ORIENTED_EDGE('',*,*,#1065,.F.);
#1481=ORIENTED_EDGE('',*,*,#1082,.F.);
#1482=ORIENTED_EDGE('',*,*,#1053,.F.);
#1483=ORIENTED_EDGE('',*,*,#1082,.T.);
#1484=ORIENTED_EDGE('',*,*,#1064,.F.);
#1485=ORIENTED_EDGE('',*,*,#1058,.F.);
#1486=ORIENTED_EDGE('',*,*,#1083,.T.);
#1487=ORIENTED_EDGE('',*,*,#1084,.T.);
#1488=ORIENTED_EDGE('',*,*,#1085,.T.);
#1489=ORIENTED_EDGE('',*,*,#1086,.T.);
#1490=ORIENTED_EDGE('',*,*,#1084,.F.);
#1491=ORIENTED_EDGE('',*,*,#1087,.T.);
#1492=ORIENTED_EDGE('',*,*,#1088,.T.);
#1493=ORIENTED_EDGE('',*,*,#1089,.T.);
#1494=ORIENTED_EDGE('',*,*,#1090,.T.);
#1495=ORIENTED_EDGE('',*,*,#1091,.T.);
#1496=ORIENTED_EDGE('',*,*,#1092,.T.);
#1497=ORIENTED_EDGE('',*,*,#1093,.T.);
#1498=ORIENTED_EDGE('',*,*,#1094,.T.);
#1499=ORIENTED_EDGE('',*,*,#1095,.T.);
#1500=ORIENTED_EDGE('',*,*,#1096,.T.);
#1501=ORIENTED_EDGE('',*,*,#1097,.T.);
#1502=ORIENTED_EDGE('',*,*,#1083,.F.);
#1503=ORIENTED_EDGE('',*,*,#1098,.F.);
#1504=ORIENTED_EDGE('',*,*,#1099,.F.);
#1505=ORIENTED_EDGE('',*,*,#1100,.T.);
#1506=ORIENTED_EDGE('',*,*,#1087,.F.);
#1507=ORIENTED_EDGE('',*,*,#1101,.F.);
#1508=ORIENTED_EDGE('',*,*,#1102,.T.);
#1509=ORIENTED_EDGE('',*,*,#1091,.F.);
#1510=ORIENTED_EDGE('',*,*,#1103,.F.);
#1511=ORIENTED_EDGE('',*,*,#1104,.F.);
#1512=ORIENTED_EDGE('',*,*,#1103,.T.);
#1513=ORIENTED_EDGE('',*,*,#1090,.F.);
#1514=ORIENTED_EDGE('',*,*,#1105,.F.);
#1515=ORIENTED_EDGE('',*,*,#1106,.F.);
#1516=ORIENTED_EDGE('',*,*,#1105,.T.);
#1517=ORIENTED_EDGE('',*,*,#1089,.F.);
#1518=ORIENTED_EDGE('',*,*,#1107,.F.);
#1519=ORIENTED_EDGE('',*,*,#1108,.F.);
#1520=ORIENTED_EDGE('',*,*,#1107,.T.);
#1521=ORIENTED_EDGE('',*,*,#1088,.F.);
#1522=ORIENTED_EDGE('',*,*,#1100,.F.);
#1523=ORIENTED_EDGE('',*,*,#1086,.F.);
#1524=ORIENTED_EDGE('',*,*,#1109,.F.);
#1525=ORIENTED_EDGE('',*,*,#1110,.F.);
#1526=ORIENTED_EDGE('',*,*,#1098,.T.);
#1527=ORIENTED_EDGE('',*,*,#1085,.F.);
#1528=ORIENTED_EDGE('',*,*,#1097,.F.);
#1529=ORIENTED_EDGE('',*,*,#1111,.F.);
#1530=ORIENTED_EDGE('',*,*,#1112,.F.);
#1531=ORIENTED_EDGE('',*,*,#1109,.T.);
#1532=ORIENTED_EDGE('',*,*,#1113,.F.);
#1533=ORIENTED_EDGE('',*,*,#1111,.T.);
#1534=ORIENTED_EDGE('',*,*,#1096,.F.);
#1535=ORIENTED_EDGE('',*,*,#1114,.F.);
#1536=ORIENTED_EDGE('',*,*,#1115,.F.);
#1537=ORIENTED_EDGE('',*,*,#1114,.T.);
#1538=ORIENTED_EDGE('',*,*,#1095,.F.);
#1539=ORIENTED_EDGE('',*,*,#1116,.F.);
#1540=ORIENTED_EDGE('',*,*,#1117,.F.);
#1541=ORIENTED_EDGE('',*,*,#1116,.T.);
#1542=ORIENTED_EDGE('',*,*,#1094,.F.);
#1543=ORIENTED_EDGE('',*,*,#1118,.F.);
#1544=ORIENTED_EDGE('',*,*,#1119,.F.);
#1545=ORIENTED_EDGE('',*,*,#1118,.T.);
#1546=ORIENTED_EDGE('',*,*,#1093,.F.);
#1547=ORIENTED_EDGE('',*,*,#1120,.F.);
#1548=ORIENTED_EDGE('',*,*,#1121,.F.);
#1549=ORIENTED_EDGE('',*,*,#1120,.T.);
#1550=ORIENTED_EDGE('',*,*,#1092,.F.);
#1551=ORIENTED_EDGE('',*,*,#1102,.F.);
#1552=ORIENTED_EDGE('',*,*,#1121,.T.);
#1553=ORIENTED_EDGE('',*,*,#1101,.T.);
#1554=ORIENTED_EDGE('',*,*,#1104,.T.);
#1555=ORIENTED_EDGE('',*,*,#1106,.T.);
#1556=ORIENTED_EDGE('',*,*,#1108,.T.);
#1557=ORIENTED_EDGE('',*,*,#1099,.T.);
#1558=ORIENTED_EDGE('',*,*,#1110,.T.);
#1559=ORIENTED_EDGE('',*,*,#1112,.T.);
#1560=ORIENTED_EDGE('',*,*,#1113,.T.);
#1561=ORIENTED_EDGE('',*,*,#1115,.T.);
#1562=ORIENTED_EDGE('',*,*,#1117,.T.);
#1563=ORIENTED_EDGE('',*,*,#1119,.T.);
#1564=ORIENTED_EDGE('',*,*,#1122,.T.);
#1565=ORIENTED_EDGE('',*,*,#1123,.T.);
#1566=ORIENTED_EDGE('',*,*,#1124,.T.);
#1567=ORIENTED_EDGE('',*,*,#1125,.T.);
#1568=ORIENTED_EDGE('',*,*,#1126,.T.);
#1569=ORIENTED_EDGE('',*,*,#1127,.T.);
#1570=ORIENTED_EDGE('',*,*,#1128,.T.);
#1571=ORIENTED_EDGE('',*,*,#1125,.F.);
#1572=ORIENTED_EDGE('',*,*,#1129,.T.);
#1573=ORIENTED_EDGE('',*,*,#1130,.T.);
#1574=ORIENTED_EDGE('',*,*,#1131,.T.);
#1575=ORIENTED_EDGE('',*,*,#1127,.F.);
#1576=ORIENTED_EDGE('',*,*,#1132,.T.);
#1577=ORIENTED_EDGE('',*,*,#1133,.T.);
#1578=ORIENTED_EDGE('',*,*,#1134,.T.);
#1579=ORIENTED_EDGE('',*,*,#1130,.F.);
#1580=ORIENTED_EDGE('',*,*,#1135,.T.);
#1581=ORIENTED_EDGE('',*,*,#1136,.T.);
#1582=ORIENTED_EDGE('',*,*,#1137,.T.);
#1583=ORIENTED_EDGE('',*,*,#1138,.T.);
#1584=ORIENTED_EDGE('',*,*,#1139,.T.);
#1585=ORIENTED_EDGE('',*,*,#1136,.F.);
#1586=ORIENTED_EDGE('',*,*,#1140,.T.);
#1587=ORIENTED_EDGE('',*,*,#1133,.F.);
#1588=ORIENTED_EDGE('',*,*,#1141,.T.);
#1589=ORIENTED_EDGE('',*,*,#1138,.F.);
#1590=ORIENTED_EDGE('',*,*,#1142,.T.);
#1591=ORIENTED_EDGE('',*,*,#1143,.T.);
#1592=ORIENTED_EDGE('',*,*,#1144,.T.);
#1593=ORIENTED_EDGE('',*,*,#1143,.F.);
#1594=ORIENTED_EDGE('',*,*,#1145,.T.);
#1595=ORIENTED_EDGE('',*,*,#1123,.F.);
#1596=ORIENTED_EDGE('',*,*,#1131,.F.);
#1597=ORIENTED_EDGE('',*,*,#1146,.T.);
#1598=ORIENTED_EDGE('',*,*,#1147,.F.);
#1599=ORIENTED_EDGE('',*,*,#1148,.F.);
#1600=ORIENTED_EDGE('',*,*,#1134,.F.);
#1601=ORIENTED_EDGE('',*,*,#1149,.T.);
#1602=ORIENTED_EDGE('',*,*,#1150,.F.);
#1603=ORIENTED_EDGE('',*,*,#1146,.F.);
#1604=ORIENTED_EDGE('',*,*,#1140,.F.);
#1605=ORIENTED_EDGE('',*,*,#1151,.T.);
#1606=ORIENTED_EDGE('',*,*,#1152,.F.);
#1607=ORIENTED_EDGE('',*,*,#1149,.F.);
#1608=ORIENTED_EDGE('',*,*,#1135,.F.);
#1609=ORIENTED_EDGE('',*,*,#1153,.T.);
#1610=ORIENTED_EDGE('',*,*,#1154,.F.);
#1611=ORIENTED_EDGE('',*,*,#1151,.F.);
#1612=ORIENTED_EDGE('',*,*,#1155,.F.);
#1613=ORIENTED_EDGE('',*,*,#1156,.F.);
#1614=ORIENTED_EDGE('',*,*,#1157,.F.);
#1615=ORIENTED_EDGE('',*,*,#1158,.F.);
#1616=ORIENTED_EDGE('',*,*,#1159,.F.);
#1617=ORIENTED_EDGE('',*,*,#1160,.F.);
#1618=ORIENTED_EDGE('',*,*,#1137,.F.);
#1619=ORIENTED_EDGE('',*,*,#1139,.F.);
#1620=ORIENTED_EDGE('',*,*,#1132,.F.);
#1621=ORIENTED_EDGE('',*,*,#1129,.F.);
#1622=ORIENTED_EDGE('',*,*,#1126,.F.);
#1623=ORIENTED_EDGE('',*,*,#1124,.F.);
#1624=ORIENTED_EDGE('',*,*,#1145,.F.);
#1625=ORIENTED_EDGE('',*,*,#1142,.F.);
#1626=ORIENTED_EDGE('',*,*,#1161,.T.);
#1627=ORIENTED_EDGE('',*,*,#1162,.F.);
#1628=ORIENTED_EDGE('',*,*,#1163,.T.);
#1629=ORIENTED_EDGE('',*,*,#1157,.T.);
#1630=ORIENTED_EDGE('',*,*,#1164,.T.);
#1631=ORIENTED_EDGE('',*,*,#1158,.T.);
#1632=ORIENTED_EDGE('',*,*,#1163,.F.);
#1633=ORIENTED_EDGE('',*,*,#1165,.T.);
#1634=ORIENTED_EDGE('',*,*,#1166,.T.);
#1635=ORIENTED_EDGE('',*,*,#1159,.T.);
#1636=ORIENTED_EDGE('',*,*,#1164,.F.);
#1637=ORIENTED_EDGE('',*,*,#1167,.F.);
#1638=ORIENTED_EDGE('',*,*,#1168,.T.);
#1639=ORIENTED_EDGE('',*,*,#1160,.T.);
#1640=ORIENTED_EDGE('',*,*,#1166,.F.);
#1641=ORIENTED_EDGE('',*,*,#1169,.T.);
#1642=ORIENTED_EDGE('',*,*,#1170,.T.);
#1643=ORIENTED_EDGE('',*,*,#1155,.T.);
#1644=ORIENTED_EDGE('',*,*,#1168,.F.);
#1645=ORIENTED_EDGE('',*,*,#1171,.F.);
#1646=ORIENTED_EDGE('',*,*,#1172,.F.);
#1647=ORIENTED_EDGE('',*,*,#1173,.T.);
#1648=ORIENTED_EDGE('',*,*,#1174,.F.);
#1649=ORIENTED_EDGE('',*,*,#1175,.F.);
#1650=ORIENTED_EDGE('',*,*,#1128,.F.);
#1651=ORIENTED_EDGE('',*,*,#1148,.T.);
#1652=ORIENTED_EDGE('',*,*,#1176,.F.);
#1653=ORIENTED_EDGE('',*,*,#1177,.T.);
#1654=ORIENTED_EDGE('',*,*,#1178,.F.);
#1655=ORIENTED_EDGE('',*,*,#1179,.F.);
#1656=ORIENTED_EDGE('',*,*,#1180,.F.);
#1657=ORIENTED_EDGE('',*,*,#1181,.F.);
#1658=ORIENTED_EDGE('',*,*,#1182,.T.);
#1659=ORIENTED_EDGE('',*,*,#1183,.F.);
#1660=ORIENTED_EDGE('',*,*,#1177,.F.);
#1661=ORIENTED_EDGE('',*,*,#1144,.F.);
#1662=ORIENTED_EDGE('',*,*,#1184,.F.);
#1663=ORIENTED_EDGE('',*,*,#1175,.T.);
#1664=ORIENTED_EDGE('',*,*,#1185,.F.);
#1665=ORIENTED_EDGE('',*,*,#1182,.F.);
#1666=ORIENTED_EDGE('',*,*,#1186,.F.);
#1667=ORIENTED_EDGE('',*,*,#1187,.F.);
#1668=ORIENTED_EDGE('',*,*,#1188,.F.);
#1669=ORIENTED_EDGE('',*,*,#1179,.T.);
#1670=ORIENTED_EDGE('',*,*,#1189,.F.);
#1671=ORIENTED_EDGE('',*,*,#1190,.F.);
#1672=ORIENTED_EDGE('',*,*,#1191,.F.);
#1673=ORIENTED_EDGE('',*,*,#1190,.T.);
#1674=ORIENTED_EDGE('',*,*,#1192,.F.);
#1675=ORIENTED_EDGE('',*,*,#1193,.F.);
#1676=ORIENTED_EDGE('',*,*,#1194,.F.);
#1677=ORIENTED_EDGE('',*,*,#1193,.T.);
#1678=ORIENTED_EDGE('',*,*,#1195,.F.);
#1679=ORIENTED_EDGE('',*,*,#1196,.F.);
#1680=ORIENTED_EDGE('',*,*,#1197,.F.);
#1681=ORIENTED_EDGE('',*,*,#1196,.T.);
#1682=ORIENTED_EDGE('',*,*,#1198,.F.);
#1683=ORIENTED_EDGE('',*,*,#1173,.F.);
#1684=ORIENTED_EDGE('',*,*,#1185,.T.);
#1685=ORIENTED_EDGE('',*,*,#1174,.T.);
#1686=ORIENTED_EDGE('',*,*,#1198,.T.);
#1687=ORIENTED_EDGE('',*,*,#1195,.T.);
#1688=ORIENTED_EDGE('',*,*,#1192,.T.);
#1689=ORIENTED_EDGE('',*,*,#1189,.T.);
#1690=ORIENTED_EDGE('',*,*,#1178,.T.);
#1691=ORIENTED_EDGE('',*,*,#1183,.T.);
#1692=ORIENTED_EDGE('',*,*,#1122,.F.);
#1693=ORIENTED_EDGE('',*,*,#1180,.T.);
#1694=ORIENTED_EDGE('',*,*,#1199,.F.);
#1695=ORIENTED_EDGE('',*,*,#1184,.T.);
#1696=ORIENTED_EDGE('',*,*,#1170,.F.);
#1697=ORIENTED_EDGE('',*,*,#1200,.F.);
#1698=ORIENTED_EDGE('',*,*,#1161,.F.);
#1699=ORIENTED_EDGE('',*,*,#1156,.T.);
#1700=ORIENTED_EDGE('',*,*,#1169,.F.);
#1701=ORIENTED_EDGE('',*,*,#1167,.T.);
#1702=ORIENTED_EDGE('',*,*,#1165,.F.);
#1703=ORIENTED_EDGE('',*,*,#1162,.T.);
#1704=ORIENTED_EDGE('',*,*,#1200,.T.);
#1705=ORIENTED_EDGE('',*,*,#1171,.T.);
#1706=ORIENTED_EDGE('',*,*,#1197,.T.);
#1707=ORIENTED_EDGE('',*,*,#1172,.T.);
#1708=ORIENTED_EDGE('',*,*,#1199,.T.);
#1709=ORIENTED_EDGE('',*,*,#1188,.T.);
#1710=ORIENTED_EDGE('',*,*,#1191,.T.);
#1711=ORIENTED_EDGE('',*,*,#1194,.T.);
#1712=ORIENTED_EDGE('',*,*,#1141,.F.);
#1713=ORIENTED_EDGE('',*,*,#1187,.T.);
#1714=ORIENTED_EDGE('',*,*,#1201,.F.);
#1715=ORIENTED_EDGE('',*,*,#1153,.F.);
#1716=ORIENTED_EDGE('',*,*,#1154,.T.);
#1717=ORIENTED_EDGE('',*,*,#1201,.T.);
#1718=ORIENTED_EDGE('',*,*,#1186,.T.);
#1719=ORIENTED_EDGE('',*,*,#1181,.T.);
#1720=ORIENTED_EDGE('',*,*,#1176,.T.);
#1721=ORIENTED_EDGE('',*,*,#1147,.T.);
#1722=ORIENTED_EDGE('',*,*,#1150,.T.);
#1723=ORIENTED_EDGE('',*,*,#1152,.T.);
#1724=CYLINDRICAL_SURFACE('',#1881,0.5);
#1725=CYLINDRICAL_SURFACE('',#1884,0.5);
#1726=CYLINDRICAL_SURFACE('',#1886,0.5);
#1727=CYLINDRICAL_SURFACE('',#1888,0.5);
#1728=CYLINDRICAL_SURFACE('',#1892,0.5);
#1729=CYLINDRICAL_SURFACE('',#1895,0.5);
#1730=CYLINDRICAL_SURFACE('',#1897,0.5);
#1731=CYLINDRICAL_SURFACE('',#1899,0.5);
#1732=CYLINDRICAL_SURFACE('',#1902,3.);
#1733=CYLINDRICAL_SURFACE('',#1906,0.499999999999998);
#1734=CYLINDRICAL_SURFACE('',#1910,0.499999999999998);
#1735=CYLINDRICAL_SURFACE('',#1914,0.500000000000003);
#1736=CYLINDRICAL_SURFACE('',#1918,0.499999999999989);
#1737=CYLINDRICAL_SURFACE('',#1922,0.499999999999998);
#1738=CYLINDRICAL_SURFACE('',#1926,0.500000000000007);
#1739=CYLINDRICAL_SURFACE('',#1930,0.499999999999998);
#1740=CYLINDRICAL_SURFACE('',#1934,0.500000000000007);
#1741=CYLINDRICAL_SURFACE('',#1938,0.499999999999998);
#1742=CYLINDRICAL_SURFACE('',#1942,0.499999999999998);
#1743=CYLINDRICAL_SURFACE('',#1946,0.500000000000003);
#1744=CYLINDRICAL_SURFACE('',#1950,0.499999999999998);
#1745=CYLINDRICAL_SURFACE('',#1953,5.);
#1746=CYLINDRICAL_SURFACE('',#1956,5.);
#1747=CYLINDRICAL_SURFACE('',#1961,5.);
#1748=CYLINDRICAL_SURFACE('',#1966,5.);
#1749=CYLINDRICAL_SURFACE('',#1968,5.);
#1750=CYLINDRICAL_SURFACE('',#1980,2.);
#1751=CYLINDRICAL_SURFACE('',#1997,0.5);
#1752=CYLINDRICAL_SURFACE('',#2000,0.5);
#1753=CYLINDRICAL_SURFACE('',#2002,0.5);
#1754=CYLINDRICAL_SURFACE('',#2004,0.5);
#1755=CYLINDRICAL_SURFACE('',#2006,0.5);
#1756=CYLINDRICAL_SURFACE('',#2009,0.5);
#1757=CYLINDRICAL_SURFACE('',#2010,0.5);
#1758=CYLINDRICAL_SURFACE('',#2012,0.5);
#1759=CYLINDRICAL_SURFACE('',#2020,5.);
#1760=CYLINDRICAL_SURFACE('',#2025,5.);
#1761=CYLINDRICAL_SURFACE('',#2029,5.);
#1762=ADVANCED_FACE('',(#148),#1724,.T.);
#1763=ADVANCED_FACE('',(#149),#1725,.T.);
#1764=ADVANCED_FACE('',(#150),#1726,.T.);
#1765=ADVANCED_FACE('',(#151),#1727,.T.);
#1766=ADVANCED_FACE('',(#152),#88,.F.);
#1767=ADVANCED_FACE('',(#153),#89,.F.);
#1768=ADVANCED_FACE('',(#154,#75),#90,.F.);
#1769=ADVANCED_FACE('',(#155),#1728,.T.);
#1770=ADVANCED_FACE('',(#156),#1729,.T.);
#1771=ADVANCED_FACE('',(#157),#1730,.T.);
#1772=ADVANCED_FACE('',(#158),#1731,.T.);
#1773=ADVANCED_FACE('',(#159),#91,.F.);
#1774=ADVANCED_FACE('',(#160,#76),#92,.T.);
#1775=ADVANCED_FACE('',(#161),#1732,.F.);
#1776=ADVANCED_FACE('',(#162),#93,.F.);
#1777=ADVANCED_FACE('',(#163),#1733,.F.);
#1778=ADVANCED_FACE('',(#164),#94,.F.);
#1779=ADVANCED_FACE('',(#165),#1734,.F.);
#1780=ADVANCED_FACE('',(#166),#95,.F.);
#1781=ADVANCED_FACE('',(#167),#1735,.F.);
#1782=ADVANCED_FACE('',(#168),#96,.F.);
#1783=ADVANCED_FACE('',(#169),#1736,.F.);
#1784=ADVANCED_FACE('',(#170),#97,.F.);
#1785=ADVANCED_FACE('',(#171),#1737,.F.);
#1786=ADVANCED_FACE('',(#172),#98,.F.);
#1787=ADVANCED_FACE('',(#173),#1738,.F.);
#1788=ADVANCED_FACE('',(#174),#99,.F.);
#1789=ADVANCED_FACE('',(#175),#1739,.F.);
#1790=ADVANCED_FACE('',(#176),#100,.F.);
#1791=ADVANCED_FACE('',(#177),#1740,.F.);
#1792=ADVANCED_FACE('',(#178),#101,.F.);
#1793=ADVANCED_FACE('',(#179),#1741,.F.);
#1794=ADVANCED_FACE('',(#180),#102,.F.);
#1795=ADVANCED_FACE('',(#181),#1742,.F.);
#1796=ADVANCED_FACE('',(#182),#103,.F.);
#1797=ADVANCED_FACE('',(#183),#1743,.F.);
#1798=ADVANCED_FACE('',(#184),#104,.F.);
#1799=ADVANCED_FACE('',(#185),#1744,.F.);
#1800=ADVANCED_FACE('',(#186),#1745,.T.);
#1801=ADVANCED_FACE('',(#187),#1746,.T.);
#1802=ADVANCED_FACE('',(#188),#25,.T.);
#1803=ADVANCED_FACE('',(#189),#1747,.T.);
#1804=ADVANCED_FACE('',(#190,#77,#78,#79,#80),#105,.T.);
#1805=ADVANCED_FACE('',(#191,#81),#106,.T.);
#1806=ADVANCED_FACE('',(#192),#1748,.T.);
#1807=ADVANCED_FACE('',(#193),#1749,.T.);
#1808=ADVANCED_FACE('',(#194),#26,.T.);
#1809=ADVANCED_FACE('',(#195),#107,.T.);
#1810=ADVANCED_FACE('',(#196),#108,.F.);
#1811=ADVANCED_FACE('',(#197,#82,#83,#84,#85),#109,.F.);
#1812=ADVANCED_FACE('',(#198),#110,.F.);
#1813=ADVANCED_FACE('',(#199),#111,.F.);
#1814=ADVANCED_FACE('',(#200),#112,.F.);
#1815=ADVANCED_FACE('',(#201),#113,.T.);
#1816=ADVANCED_FACE('',(#202),#114,.T.);
#1817=ADVANCED_FACE('',(#203),#1750,.T.);
#1818=ADVANCED_FACE('',(#204),#115,.T.);
#1819=ADVANCED_FACE('',(#205),#116,.T.);
#1820=ADVANCED_FACE('',(#206),#117,.T.);
#1821=ADVANCED_FACE('',(#207),#118,.T.);
#1822=ADVANCED_FACE('',(#208),#119,.T.);
#1823=ADVANCED_FACE('',(#209),#120,.T.);
#1824=ADVANCED_FACE('',(#210),#121,.T.);
#1825=ADVANCED_FACE('',(#211),#122,.T.);
#1826=ADVANCED_FACE('',(#212),#123,.T.);
#1827=ADVANCED_FACE('',(#213),#124,.T.);
#1828=ADVANCED_FACE('',(#214),#125,.T.);
#1829=ADVANCED_FACE('',(#215),#126,.T.);
#1830=ADVANCED_FACE('',(#216),#127,.T.);
#1831=ADVANCED_FACE('',(#217),#128,.F.);
#1832=ADVANCED_FACE('',(#218),#1751,.T.);
#1833=ADVANCED_FACE('',(#219),#1752,.T.);
#1834=ADVANCED_FACE('',(#220),#1753,.T.);
#1835=ADVANCED_FACE('',(#221),#1754,.T.);
#1836=ADVANCED_FACE('',(#222),#1755,.T.);
#1837=ADVANCED_FACE('',(#223),#1756,.T.);
#1838=ADVANCED_FACE('',(#224),#1757,.T.);
#1839=ADVANCED_FACE('',(#225),#1758,.T.);
#1840=ADVANCED_FACE('',(#226),#129,.T.);
#1841=ADVANCED_FACE('',(#227),#130,.T.);
#1842=ADVANCED_FACE('',(#228),#131,.T.);
#1843=ADVANCED_FACE('',(#229),#132,.T.);
#1844=ADVANCED_FACE('',(#230,#86),#133,.F.);
#1845=ADVANCED_FACE('',(#231),#1759,.T.);
#1846=ADVANCED_FACE('',(#232),#17,.T.);
#1847=ADVANCED_FACE('',(#233),#1760,.T.);
#1848=ADVANCED_FACE('',(#234),#18,.T.);
#1849=ADVANCED_FACE('',(#235),#1761,.T.);
#1850=ADVANCED_FACE('',(#236),#134,.T.);
#1851=ADVANCED_FACE('',(#237),#135,.T.);
#1852=ADVANCED_FACE('',(#238),#136,.T.);
#1853=ADVANCED_FACE('',(#239),#137,.T.);
#1854=ADVANCED_FACE('',(#240),#138,.T.);
#1855=ADVANCED_FACE('',(#241),#139,.T.);
#1856=ADVANCED_FACE('',(#242),#140,.T.);
#1857=ADVANCED_FACE('',(#243),#141,.T.);
#1858=ADVANCED_FACE('',(#244),#142,.T.);
#1859=ADVANCED_FACE('',(#245),#143,.T.);
#1860=ADVANCED_FACE('',(#246),#144,.T.);
#1861=ADVANCED_FACE('',(#247,#87),#145,.T.);
#1862=ADVANCED_FACE('',(#248),#146,.T.);
#1863=ADVANCED_FACE('',(#249),#147,.T.);
#1864=CLOSED_SHELL('',(#1762,#1763,#1764,#1765,#1766,#1767,#1768,#1769,
#1770,#1771,#1772,#1773,#1774,#1775,#1776,#1777,#1778,#1779,#1780,#1781,
#1782,#1783,#1784,#1785,#1786,#1787,#1788,#1789,#1790,#1791,#1792,#1793,
#1794,#1795,#1796,#1797,#1798,#1799,#1800,#1801,#1802,#1803,#1804,#1805,
#1806,#1807,#1808,#1809,#1810,#1811,#1812,#1813,#1814,#1815,#1816));
#1865=CLOSED_SHELL('',(#1817,#1818,#1819,#1820,#1821,#1822,#1823,#1824,
#1825,#1826,#1827,#1828,#1829,#1830,#1831));
#1866=CLOSED_SHELL('',(#1832,#1833,#1834,#1835,#1836,#1837,#1838,#1839,
#1840,#1841,#1842,#1843,#1844,#1845,#1846,#1847,#1848,#1849,#1850,#1851,
#1852,#1853,#1854,#1855,#1856,#1857,#1858,#1859,#1860,#1861,#1862,#1863));
#1867=DERIVED_UNIT_ELEMENT(#1869,1.);
#1868=DERIVED_UNIT_ELEMENT(#3132,-3.);
#1869=(
MASS_UNIT()
NAMED_UNIT(*)
SI_UNIT(.KILO.,.GRAM.)
);
#1870=DERIVED_UNIT((#1867,#1868));
#1871=MEASURE_REPRESENTATION_ITEM('density measure',
POSITIVE_RATIO_MEASURE(7850.),#1870);
#1872=PROPERTY_DEFINITION_REPRESENTATION(#1877,#1874);
#1873=PROPERTY_DEFINITION_REPRESENTATION(#1878,#1875);
#1874=REPRESENTATION('material name',(#1876),#3129);
#1875=REPRESENTATION('density',(#1871),#3129);
#1876=DESCRIPTIVE_REPRESENTATION_ITEM('Steel','Steel');
#1877=PROPERTY_DEFINITION('material property','material name',#3144);
#1878=PROPERTY_DEFINITION('material property','density of part',#3144);
#1879=AXIS2_PLACEMENT_3D('',#2577,#2046,#2047);
#1880=AXIS2_PLACEMENT_3D('',#2578,#2048,#2049);
#1881=AXIS2_PLACEMENT_3D('',#2579,#2050,#2051);
#1882=AXIS2_PLACEMENT_3D('',#2584,#2053,#2054);
#1883=AXIS2_PLACEMENT_3D('',#2587,#2056,#2057);
#1884=AXIS2_PLACEMENT_3D('',#2588,#2058,#2059);
#1885=AXIS2_PLACEMENT_3D('',#2592,#2061,#2062);
#1886=AXIS2_PLACEMENT_3D('',#2594,#2064,#2065);
#1887=AXIS2_PLACEMENT_3D('',#2599,#2068,#2069);
#1888=AXIS2_PLACEMENT_3D('',#2600,#2070,#2071);
#1889=AXIS2_PLACEMENT_3D('',#2603,#2074,#2075);
#1890=AXIS2_PLACEMENT_3D('',#2609,#2079,#2080);
#1891=AXIS2_PLACEMENT_3D('',#2613,#2083,#2084);
#1892=AXIS2_PLACEMENT_3D('',#2622,#2089,#2090);
#1893=AXIS2_PLACEMENT_3D('',#2627,#2092,#2093);
#1894=AXIS2_PLACEMENT_3D('',#2629,#2095,#2096);
#1895=AXIS2_PLACEMENT_3D('',#2630,#2097,#2098);
#1896=AXIS2_PLACEMENT_3D('',#2633,#2100,#2101);
#1897=AXIS2_PLACEMENT_3D('',#2635,#2103,#2104);
#1898=AXIS2_PLACEMENT_3D('',#2638,#2106,#2107);
#1899=AXIS2_PLACEMENT_3D('',#2639,#2108,#2109);
#1900=AXIS2_PLACEMENT_3D('',#2641,#2111,#2112);
#1901=AXIS2_PLACEMENT_3D('',#2643,#2114,#2115);
#1902=AXIS2_PLACEMENT_3D('',#2652,#2120,#2121);
#1903=AXIS2_PLACEMENT_3D('',#2654,#2122,#2123);
#1904=AXIS2_PLACEMENT_3D('',#2657,#2125,#2126);
#1905=AXIS2_PLACEMENT_3D('',#2658,#2127,#2128);
#1906=AXIS2_PLACEMENT_3D('',#2667,#2133,#2134);
#1907=AXIS2_PLACEMENT_3D('',#2669,#2135,#2136);
#1908=AXIS2_PLACEMENT_3D('',#2671,#2137,#2138);
#1909=AXIS2_PLACEMENT_3D('',#2673,#2140,#2141);
#1910=AXIS2_PLACEMENT_3D('',#2679,#2145,#2146);
#1911=AXIS2_PLACEMENT_3D('',#2681,#2147,#2148);
#1912=AXIS2_PLACEMENT_3D('',#2683,#2149,#2150);
#1913=AXIS2_PLACEMENT_3D('',#2685,#2152,#2153);
#1914=AXIS2_PLACEMENT_3D('',#2691,#2157,#2158);
#1915=AXIS2_PLACEMENT_3D('',#2693,#2159,#2160);
#1916=AXIS2_PLACEMENT_3D('',#2695,#2161,#2162);
#1917=AXIS2_PLACEMENT_3D('',#2697,#2164,#2165);
#1918=AXIS2_PLACEMENT_3D('',#2703,#2169,#2170);
#1919=AXIS2_PLACEMENT_3D('',#2704,#2171,#2172);
#1920=AXIS2_PLACEMENT_3D('',#2705,#2173,#2174);
#1921=AXIS2_PLACEMENT_3D('',#2706,#2175,#2176);
#1922=AXIS2_PLACEMENT_3D('',#2715,#2181,#2182);
#1923=AXIS2_PLACEMENT_3D('',#2717,#2183,#2184);
#1924=AXIS2_PLACEMENT_3D('',#2719,#2185,#2186);
#1925=AXIS2_PLACEMENT_3D('',#2721,#2188,#2189);
#1926=AXIS2_PLACEMENT_3D('',#2727,#2193,#2194);
#1927=AXIS2_PLACEMENT_3D('',#2729,#2195,#2196);
#1928=AXIS2_PLACEMENT_3D('',#2731,#2197,#2198);
#1929=AXIS2_PLACEMENT_3D('',#2733,#2200,#2201);
#1930=AXIS2_PLACEMENT_3D('',#2739,#2205,#2206);
#1931=AXIS2_PLACEMENT_3D('',#2741,#2207,#2208);
#1932=AXIS2_PLACEMENT_3D('',#2743,#2209,#2210);
#1933=AXIS2_PLACEMENT_3D('',#2745,#2212,#2213);
#1934=AXIS2_PLACEMENT_3D('',#2751,#2217,#2218);
#1935=AXIS2_PLACEMENT_3D('',#2752,#2219,#2220);
#1936=AXIS2_PLACEMENT_3D('',#2753,#2221,#2222);
#1937=AXIS2_PLACEMENT_3D('',#2754,#2223,#2224);
#1938=AXIS2_PLACEMENT_3D('',#2763,#2229,#2230);
#1939=AXIS2_PLACEMENT_3D('',#2765,#2231,#2232);
#1940=AXIS2_PLACEMENT_3D('',#2767,#2233,#2234);
#1941=AXIS2_PLACEMENT_3D('',#2769,#2236,#2237);
#1942=AXIS2_PLACEMENT_3D('',#2775,#2241,#2242);
#1943=AXIS2_PLACEMENT_3D('',#2777,#2243,#2244);
#1944=AXIS2_PLACEMENT_3D('',#2779,#2245,#2246);
#1945=AXIS2_PLACEMENT_3D('',#2781,#2248,#2249);
#1946=AXIS2_PLACEMENT_3D('',#2787,#2253,#2254);
#1947=AXIS2_PLACEMENT_3D('',#2789,#2255,#2256);
#1948=AXIS2_PLACEMENT_3D('',#2791,#2257,#2258);
#1949=AXIS2_PLACEMENT_3D('',#2793,#2260,#2261);
#1950=AXIS2_PLACEMENT_3D('',#2799,#2265,#2266);
#1951=AXIS2_PLACEMENT_3D('',#2800,#2267,#2268);
#1952=AXIS2_PLACEMENT_3D('',#2801,#2269,#2270);
#1953=AXIS2_PLACEMENT_3D('',#2802,#2271,#2272);
#1954=AXIS2_PLACEMENT_3D('',#2804,#2273,#2274);
#1955=AXIS2_PLACEMENT_3D('',#2807,#2276,#2277);
#1956=AXIS2_PLACEMENT_3D('',#2808,#2278,#2279);
#1957=AXIS2_PLACEMENT_3D('',#2811,#2280,#2281);
#1958=AXIS2_PLACEMENT_3D('',#2814,#2283,#2284);
#1959=AXIS2_PLACEMENT_3D('',#2816,#2286,#2287);
#1960=AXIS2_PLACEMENT_3D('',#2817,#2288,#2289);
#1961=AXIS2_PLACEMENT_3D('',#2818,#2290,#2291);
#1962=AXIS2_PLACEMENT_3D('',#2821,#2293,#2294);
#1963=AXIS2_PLACEMENT_3D('',#2822,#2295,#2296);
#1964=AXIS2_PLACEMENT_3D('',#2826,#2299,#2300);
#1965=AXIS2_PLACEMENT_3D('',#2833,#2304,#2305);
#1966=AXIS2_PLACEMENT_3D('',#2842,#2310,#2311);
#1967=AXIS2_PLACEMENT_3D('',#2845,#2313,#2314);
#1968=AXIS2_PLACEMENT_3D('',#2846,#2315,#2316);
#1969=AXIS2_PLACEMENT_3D('',#2848,#2317,#2318);
#1970=AXIS2_PLACEMENT_3D('',#2849,#2319,#2320);
#1971=AXIS2_PLACEMENT_3D('',#2851,#2322,#2323);
#1972=AXIS2_PLACEMENT_3D('',#2852,#2324,#2325);
#1973=AXIS2_PLACEMENT_3D('',#2854,#2327,#2328);
#1974=AXIS2_PLACEMENT_3D('',#2857,#2331,#2332);
#1975=AXIS2_PLACEMENT_3D('',#2859,#2334,#2335);
#1976=AXIS2_PLACEMENT_3D('',#2861,#2337,#2338);
#1977=AXIS2_PLACEMENT_3D('',#2862,#2339,#2340);
#1978=AXIS2_PLACEMENT_3D('',#2863,#2341,#2342);
#1979=AXIS2_PLACEMENT_3D('',#2865,#2344,#2345);
#1980=AXIS2_PLACEMENT_3D('',#2866,#2346,#2347);
#1981=AXIS2_PLACEMENT_3D('',#2869,#2348,#2349);
#1982=AXIS2_PLACEMENT_3D('',#2873,#2351,#2352);
#1983=AXIS2_PLACEMENT_3D('',#2875,#2354,#2355);
#1984=AXIS2_PLACEMENT_3D('',#2897,#2367,#2368);
#1985=AXIS2_PLACEMENT_3D('',#2903,#2372,#2373);
#1986=AXIS2_PLACEMENT_3D('',#2909,#2377,#2378);
#1987=AXIS2_PLACEMENT_3D('',#2913,#2381,#2382);
#1988=AXIS2_PLACEMENT_3D('',#2917,#2385,#2386);
#1989=AXIS2_PLACEMENT_3D('',#2919,#2388,#2389);
#1990=AXIS2_PLACEMENT_3D('',#2923,#2392,#2393);
#1991=AXIS2_PLACEMENT_3D('',#2927,#2396,#2397);
#1992=AXIS2_PLACEMENT_3D('',#2931,#2400,#2401);
#1993=AXIS2_PLACEMENT_3D('',#2935,#2404,#2405);
#1994=AXIS2_PLACEMENT_3D('',#2939,#2408,#2409);
#1995=AXIS2_PLACEMENT_3D('',#2943,#2412,#2413);
#1996=AXIS2_PLACEMENT_3D('',#2945,#2415,#2416);
#1997=AXIS2_PLACEMENT_3D('',#2946,#2417,#2418);
#1998=AXIS2_PLACEMENT_3D('',#2951,#2420,#2421);
#1999=AXIS2_PLACEMENT_3D('',#2954,#2423,#2424);
#2000=AXIS2_PLACEMENT_3D('',#2955,#2425,#2426);
#2001=AXIS2_PLACEMENT_3D('',#2959,#2428,#2429);
#2002=AXIS2_PLACEMENT_3D('',#2961,#2431,#2432);
#2003=AXIS2_PLACEMENT_3D('',#2965,#2434,#2435);
#2004=AXIS2_PLACEMENT_3D('',#2967,#2437,#2438);
#2005=AXIS2_PLACEMENT_3D('',#2971,#2440,#2441);
#2006=AXIS2_PLACEMENT_3D('',#2973,#2443,#2444);
#2007=AXIS2_PLACEMENT_3D('',#2978,#2446,#2447);
#2008=AXIS2_PLACEMENT_3D('',#2981,#2449,#2450);
#2009=AXIS2_PLACEMENT_3D('',#2982,#2451,#2452);
#2010=AXIS2_PLACEMENT_3D('',#2985,#2455,#2456);
#2011=AXIS2_PLACEMENT_3D('',#2990,#2459,#2460);
#2012=AXIS2_PLACEMENT_3D('',#2991,#2461,#2462);
#2013=AXIS2_PLACEMENT_3D('',#2994,#2465,#2466);
#2014=AXIS2_PLACEMENT_3D('',#3000,#2470,#2471);
#2015=AXIS2_PLACEMENT_3D('',#3004,#2474,#2475);
#2016=AXIS2_PLACEMENT_3D('',#3008,#2478,#2479);
#2017=AXIS2_PLACEMENT_3D('',#3012,#2482,#2483);
#2018=AXIS2_PLACEMENT_3D('',#3021,#2487,#2488);
#2019=AXIS2_PLACEMENT_3D('',#3024,#2490,#2491);
#2020=AXIS2_PLACEMENT_3D('',#3025,#2492,#2493);
#2021=AXIS2_PLACEMENT_3D('',#3027,#2494,#2495);
#2022=AXIS2_PLACEMENT_3D('',#3030,#2497,#2498);
#2023=AXIS2_PLACEMENT_3D('',#3041,#2499,#2500);
#2024=AXIS2_PLACEMENT_3D('',#3042,#2501,#2502);
#2025=AXIS2_PLACEMENT_3D('',#3043,#2503,#2504);
#2026=AXIS2_PLACEMENT_3D('',#3045,#2505,#2506);
#2027=AXIS2_PLACEMENT_3D('',#3057,#2508,#2509);
#2028=AXIS2_PLACEMENT_3D('',#3058,#2510,#2511);
#2029=AXIS2_PLACEMENT_3D('',#3059,#2512,#2513);
#2030=AXIS2_PLACEMENT_3D('',#3061,#2514,#2515);
#2031=AXIS2_PLACEMENT_3D('',#3063,#2517,#2518);
#2032=AXIS2_PLACEMENT_3D('',#3072,#2523,#2524);
#2033=AXIS2_PLACEMENT_3D('',#3082,#2530,#2531);
#2034=AXIS2_PLACEMENT_3D('',#3088,#2535,#2536);
#2035=AXIS2_PLACEMENT_3D('',#3094,#2541,#2542);
#2036=AXIS2_PLACEMENT_3D('',#3100,#2546,#2547);
#2037=AXIS2_PLACEMENT_3D('',#3106,#2551,#2552);
#2038=AXIS2_PLACEMENT_3D('',#3112,#2556,#2557);
#2039=AXIS2_PLACEMENT_3D('',#3115,#2560,#2561);
#2040=AXIS2_PLACEMENT_3D('',#3116,#2562,#2563);
#2041=AXIS2_PLACEMENT_3D('',#3118,#2565,#2566);
#2042=AXIS2_PLACEMENT_3D('',#3120,#2568,#2569);
#2043=AXIS2_PLACEMENT_3D('',#3121,#2570,#2571);
#2044=AXIS2_PLACEMENT_3D('',#3123,#2573,#2574);
#2045=AXIS2_PLACEMENT_3D('',#3124,#2575,#2576);
#2046=DIRECTION('axis',(0.,0.,1.));
#2047=DIRECTION('refdir',(1.,0.,0.));
#2048=DIRECTION('axis',(0.,0.,1.));
#2049=DIRECTION('refdir',(1.,0.,0.));
#2050=DIRECTION('center_axis',(0.,0.,1.));
#2051=DIRECTION('ref_axis',(-0.707106781186546,-0.707106781186549,0.));
#2052=DIRECTION('',(0.,0.,-1.));
#2053=DIRECTION('center_axis',(0.707106781186549,0.,0.707106781186546));
#2054=DIRECTION('ref_axis',(0.707106781186546,0.,-0.707106781186549));
#2055=DIRECTION('',(0.,0.,1.));
#2056=DIRECTION('center_axis',(0.707106781186548,-3.14018491736755E-15,
-0.707106781186548));
#2057=DIRECTION('ref_axis',(-0.707106781186548,3.14018491736755E-15,-0.707106781186548));
#2058=DIRECTION('center_axis',(1.,0.,1.13342084083479E-32));
#2059=DIRECTION('ref_axis',(0.,-0.707106781186546,0.707106781186549));
#2060=DIRECTION('',(-1.,0.,-1.13342084083479E-32));
#2061=DIRECTION('center_axis',(0.707106781186549,-3.14018491736754E-15,
-0.707106781186546));
#2062=DIRECTION('ref_axis',(-0.707106781186546,-3.14018491736756E-15,-0.707106781186549));
#2063=DIRECTION('',(1.,0.,1.13342084083479E-32));
#2064=DIRECTION('center_axis',(0.,0.,-1.));
#2065=DIRECTION('ref_axis',(0.707106781186546,-0.707106781186549,0.));
#2066=DIRECTION('',(0.,0.,-1.));
#2067=DIRECTION('',(0.,0.,1.));
#2068=DIRECTION('center_axis',(0.707106781186549,0.,0.707106781186546));
#2069=DIRECTION('ref_axis',(0.707106781186546,0.,-0.707106781186549));
#2070=DIRECTION('center_axis',(-1.,0.,0.));
#2071=DIRECTION('ref_axis',(0.,-0.707106781186546,-0.707106781186549));
#2072=DIRECTION('',(1.,0.,0.));
#2073=DIRECTION('',(-1.,0.,0.));
#2074=DIRECTION('center_axis',(1.13342084083479E-32,-1.11022302462516E-16,
-1.));
#2075=DIRECTION('ref_axis',(1.,1.0208947352875E-16,0.));
#2076=DIRECTION('',(0.,-1.,1.11022302462516E-16));
#2077=DIRECTION('',(1.,0.,1.13342084083479E-32));
#2078=DIRECTION('',(0.,-1.,1.11022302462516E-16));
#2079=DIRECTION('center_axis',(1.,0.,0.));
#2080=DIRECTION('ref_axis',(0.,0.,1.));
#2081=DIRECTION('',(0.,-1.,1.11022302462516E-16));
#2082=DIRECTION('',(0.,0.,1.));
#2083=DIRECTION('center_axis',(0.,1.,0.));
#2084=DIRECTION('ref_axis',(0.,0.,1.));
#2085=DIRECTION('',(-1.,0.,0.));
#2086=DIRECTION('',(0.,0.,-1.));
#2087=DIRECTION('',(1.,0.,0.));
#2088=DIRECTION('',(0.,0.,1.));
#2089=DIRECTION('center_axis',(0.,0.,-1.));
#2090=DIRECTION('ref_axis',(0.707106781186546,0.707106781186549,0.));
#2091=DIRECTION('',(0.,0.,1.));
#2092=DIRECTION('center_axis',(-0.707106781186549,0.,-0.707106781186546));
#2093=DIRECTION('ref_axis',(-0.707106781186546,0.,0.707106781186549));
#2094=DIRECTION('',(0.,0.,-1.));
#2095=DIRECTION('center_axis',(-0.707106781186548,3.14018491736755E-15,
0.707106781186548));
#2096=DIRECTION('ref_axis',(0.707106781186547,-3.14018491736755E-15,0.707106781186547));
#2097=DIRECTION('center_axis',(-1.,0.,0.));
#2098=DIRECTION('ref_axis',(0.,0.707106781186546,-0.707106781186549));
#2099=DIRECTION('',(1.,0.,0.));
#2100=DIRECTION('center_axis',(-0.707106781186549,3.14018491736754E-15,
0.707106781186546));
#2101=DIRECTION('ref_axis',(0.707106781186546,3.14018491736756E-15,0.707106781186549));
#2102=DIRECTION('',(-1.,0.,0.));
#2103=DIRECTION('center_axis',(0.,0.,1.));
#2104=DIRECTION('ref_axis',(-0.707106781186546,0.707106781186549,0.));
#2105=DIRECTION('',(0.,0.,-1.));
#2106=DIRECTION('center_axis',(0.707106781186549,0.,0.707106781186546));
#2107=DIRECTION('ref_axis',(0.707106781186546,0.,-0.707106781186549));
#2108=DIRECTION('center_axis',(1.,0.,1.13342084083479E-32));
#2109=DIRECTION('ref_axis',(0.,0.707106781186546,0.707106781186549));
#2110=DIRECTION('',(-1.,0.,-1.13342084083479E-32));
#2111=DIRECTION('center_axis',(-1.,0.,0.));
#2112=DIRECTION('ref_axis',(0.,-1.16865579798057E-16,-1.));
#2113=DIRECTION('',(0.,-1.,1.11022302462516E-16));
#2114=DIRECTION('center_axis',(0.,1.,0.));
#2115=DIRECTION('ref_axis',(1.,0.,0.));
#2116=DIRECTION('',(0.,0.,-1.));
#2117=DIRECTION('',(-1.,0.,0.));
#2118=DIRECTION('',(0.,0.,1.));
#2119=DIRECTION('',(-1.,0.,0.));
#2120=DIRECTION('center_axis',(0.,0.,-1.));
#2121=DIRECTION('ref_axis',(1.,0.,0.));
#2122=DIRECTION('center_axis',(0.,0.,-1.));
#2123=DIRECTION('ref_axis',(1.,0.,0.));
#2124=DIRECTION('',(0.,0.,-1.));
#2125=DIRECTION('center_axis',(0.,0.,1.));
#2126=DIRECTION('ref_axis',(1.,0.,0.));
#2127=DIRECTION('center_axis',(0.,1.,0.));
#2128=DIRECTION('ref_axis',(1.,0.,0.));
#2129=DIRECTION('',(-1.,0.,0.));
#2130=DIRECTION('',(0.,0.,-1.));
#2131=DIRECTION('',(1.,0.,0.));
#2132=DIRECTION('',(0.,0.,-1.));
#2133=DIRECTION('center_axis',(0.,0.,-1.));
#2134=DIRECTION('ref_axis',(0.,1.,0.));
#2135=DIRECTION('center_axis',(0.,0.,1.));
#2136=DIRECTION('ref_axis',(0.,1.,0.));
#2137=DIRECTION('center_axis',(0.,0.,-1.));
#2138=DIRECTION('ref_axis',(0.,1.,0.));
#2139=DIRECTION('',(0.,0.,-1.));
#2140=DIRECTION('center_axis',(-1.,-6.83214169000096E-16,0.));
#2141=DIRECTION('ref_axis',(-6.83214169000096E-16,1.,0.));
#2142=DIRECTION('',(6.83214169000096E-16,-1.,0.));
#2143=DIRECTION('',(-6.83214169000096E-16,1.,0.));
#2144=DIRECTION('',(0.,0.,-1.));
#2145=DIRECTION('center_axis',(0.,0.,-1.));
#2146=DIRECTION('ref_axis',(-1.,0.,0.));
#2147=DIRECTION('center_axis',(0.,0.,1.));
#2148=DIRECTION('ref_axis',(-1.,0.,0.));
#2149=DIRECTION('center_axis',(0.,0.,-1.));
#2150=DIRECTION('ref_axis',(-1.,0.,0.));
#2151=DIRECTION('',(0.,0.,-1.));
#2152=DIRECTION('center_axis',(3.41607084500048E-16,-1.,0.));
#2153=DIRECTION('ref_axis',(-1.,-3.41607084500048E-16,0.));
#2154=DIRECTION('',(1.,3.41607084500048E-16,0.));
#2155=DIRECTION('',(-1.,-3.41607084500048E-16,0.));
#2156=DIRECTION('',(0.,0.,-1.));
#2157=DIRECTION('center_axis',(0.,0.,-1.));
#2158=DIRECTION('ref_axis',(0.,-1.,0.));
#2159=DIRECTION('center_axis',(0.,0.,1.));
#2160=DIRECTION('ref_axis',(0.,-1.,0.));
#2161=DIRECTION('center_axis',(0.,0.,-1.));
#2162=DIRECTION('ref_axis',(0.,-1.,0.));
#2163=DIRECTION('',(0.,0.,-1.));
#2164=DIRECTION('center_axis',(1.,0.,0.));
#2165=DIRECTION('ref_axis',(0.,-1.,0.));
#2166=DIRECTION('',(0.,1.,0.));
#2167=DIRECTION('',(0.,-1.,0.));
#2168=DIRECTION('',(0.,0.,-1.));
#2169=DIRECTION('center_axis',(0.,0.,-1.));
#2170=DIRECTION('ref_axis',(1.,0.,0.));
#2171=DIRECTION('center_axis',(0.,0.,1.));
#2172=DIRECTION('ref_axis',(1.,0.,0.));
#2173=DIRECTION('center_axis',(0.,0.,-1.));
#2174=DIRECTION('ref_axis',(1.,0.,0.));
#2175=DIRECTION('center_axis',(-3.41607084500048E-16,1.,0.));
#2176=DIRECTION('ref_axis',(1.,3.41607084500048E-16,0.));
#2177=DIRECTION('',(-1.,-3.41607084500048E-16,0.));
#2178=DIRECTION('',(0.,0.,-1.));
#2179=DIRECTION('',(1.,3.41607084500048E-16,0.));
#2180=DIRECTION('',(0.,0.,-1.));
#2181=DIRECTION('center_axis',(0.,0.,-1.));
#2182=DIRECTION('ref_axis',(0.,1.,0.));
#2183=DIRECTION('center_axis',(0.,0.,1.));
#2184=DIRECTION('ref_axis',(0.,1.,0.));
#2185=DIRECTION('center_axis',(0.,0.,-1.));
#2186=DIRECTION('ref_axis',(0.,1.,0.));
#2187=DIRECTION('',(0.,0.,-1.));
#2188=DIRECTION('center_axis',(-1.,0.,0.));
#2189=DIRECTION('ref_axis',(0.,1.,0.));
#2190=DIRECTION('',(0.,-1.,0.));
#2191=DIRECTION('',(0.,1.,0.));
#2192=DIRECTION('',(0.,0.,-1.));
#2193=DIRECTION('center_axis',(0.,0.,-1.));
#2194=DIRECTION('ref_axis',(-1.,0.,0.));
#2195=DIRECTION('center_axis',(0.,0.,1.));
#2196=DIRECTION('ref_axis',(-1.,0.,0.));
#2197=DIRECTION('center_axis',(0.,0.,-1.));
#2198=DIRECTION('ref_axis',(-1.,0.,0.));
#2199=DIRECTION('',(0.,0.,-1.));
#2200=DIRECTION('center_axis',(3.41607084500048E-16,-1.,0.));
#2201=DIRECTION('ref_axis',(-1.,-3.41607084500048E-16,0.));
#2202=DIRECTION('',(1.,3.41607084500048E-16,0.));
#2203=DIRECTION('',(-1.,-3.41607084500048E-16,0.));
#2204=DIRECTION('',(0.,0.,-1.));
#2205=DIRECTION('center_axis',(0.,0.,-1.));
#2206=DIRECTION('ref_axis',(0.,-1.,0.));
#2207=DIRECTION('center_axis',(0.,0.,1.));
#2208=DIRECTION('ref_axis',(0.,-1.,0.));
#2209=DIRECTION('center_axis',(0.,0.,-1.));
#2210=DIRECTION('ref_axis',(0.,-1.,0.));
#2211=DIRECTION('',(0.,0.,-1.));
#2212=DIRECTION('center_axis',(1.,0.,0.));
#2213=DIRECTION('ref_axis',(0.,-1.,0.));
#2214=DIRECTION('',(0.,1.,0.));
#2215=DIRECTION('',(0.,-1.,0.));
#2216=DIRECTION('',(0.,0.,-1.));
#2217=DIRECTION('center_axis',(0.,0.,-1.));
#2218=DIRECTION('ref_axis',(1.,0.,0.));
#2219=DIRECTION('center_axis',(0.,0.,1.));
#2220=DIRECTION('ref_axis',(1.,0.,0.));
#2221=DIRECTION('center_axis',(0.,0.,-1.));
#2222=DIRECTION('ref_axis',(1.,0.,0.));
#2223=DIRECTION('center_axis',(0.,1.,0.));
#2224=DIRECTION('ref_axis',(1.,0.,0.));
#2225=DIRECTION('',(-1.,0.,0.));
#2226=DIRECTION('',(0.,0.,-1.));
#2227=DIRECTION('',(1.,0.,0.));
#2228=DIRECTION('',(0.,0.,-1.));
#2229=DIRECTION('center_axis',(0.,0.,-1.));
#2230=DIRECTION('ref_axis',(0.,1.,0.));
#2231=DIRECTION('center_axis',(0.,0.,1.));
#2232=DIRECTION('ref_axis',(0.,1.,0.));
#2233=DIRECTION('center_axis',(0.,0.,-1.));
#2234=DIRECTION('ref_axis',(0.,1.,0.));
#2235=DIRECTION('',(0.,0.,-1.));
#2236=DIRECTION('center_axis',(-1.,0.,0.));
#2237=DIRECTION('ref_axis',(0.,1.,0.));
#2238=DIRECTION('',(0.,-1.,0.));
#2239=DIRECTION('',(0.,1.,0.));
#2240=DIRECTION('',(0.,0.,-1.));
#2241=DIRECTION('center_axis',(0.,0.,-1.));
#2242=DIRECTION('ref_axis',(-1.,0.,0.));
#2243=DIRECTION('center_axis',(0.,0.,1.));
#2244=DIRECTION('ref_axis',(-1.,0.,0.));
#2245=DIRECTION('center_axis',(0.,0.,-1.));
#2246=DIRECTION('ref_axis',(-1.,0.,0.));
#2247=DIRECTION('',(0.,0.,-1.));
#2248=DIRECTION('center_axis',(3.41607084500048E-16,-1.,0.));
#2249=DIRECTION('ref_axis',(-1.,-3.41607084500048E-16,0.));
#2250=DIRECTION('',(1.,3.41607084500048E-16,0.));
#2251=DIRECTION('',(-1.,-3.41607084500048E-16,0.));
#2252=DIRECTION('',(0.,0.,-1.));
#2253=DIRECTION('center_axis',(0.,0.,-1.));
#2254=DIRECTION('ref_axis',(0.,-1.,0.));
#2255=DIRECTION('center_axis',(0.,0.,1.));
#2256=DIRECTION('ref_axis',(0.,-1.,0.));
#2257=DIRECTION('center_axis',(0.,0.,-1.));
#2258=DIRECTION('ref_axis',(0.,-1.,0.));
#2259=DIRECTION('',(0.,0.,-1.));
#2260=DIRECTION('center_axis',(1.,0.,0.));
#2261=DIRECTION('ref_axis',(0.,-1.,0.));
#2262=DIRECTION('',(0.,1.,0.));
#2263=DIRECTION('',(0.,-1.,0.));
#2264=DIRECTION('',(0.,0.,-1.));
#2265=DIRECTION('center_axis',(0.,0.,-1.));
#2266=DIRECTION('ref_axis',(1.,0.,0.));
#2267=DIRECTION('center_axis',(0.,0.,1.));
#2268=DIRECTION('ref_axis',(1.,0.,0.));
#2269=DIRECTION('center_axis',(0.,0.,-1.));
#2270=DIRECTION('ref_axis',(1.,0.,0.));
#2271=DIRECTION('center_axis',(0.,0.,1.));
#2272=DIRECTION('ref_axis',(-0.707106781186547,0.707106781186547,0.));
#2273=DIRECTION('center_axis',(0.,0.,1.));
#2274=DIRECTION('ref_axis',(-0.707106781186547,0.707106781186547,0.));
#2275=DIRECTION('',(0.,0.,1.));
#2276=DIRECTION('center_axis',(0.,0.,-1.));
#2277=DIRECTION('ref_axis',(-1.,0.,0.));
#2278=DIRECTION('center_axis',(0.,-1.,0.));
#2279=DIRECTION('ref_axis',(-0.707106781186547,0.,0.707106781186547));
#2280=DIRECTION('center_axis',(0.,1.,0.));
#2281=DIRECTION('ref_axis',(-0.707106781186547,0.,0.707106781186547));
#2282=DIRECTION('',(0.,1.,0.));
#2283=DIRECTION('center_axis',(0.,-1.,0.));
#2284=DIRECTION('ref_axis',(0.,0.,1.));
#2285=DIRECTION('',(0.,-1.,0.));
#2286=DIRECTION('center_axis',(-0.408248290463863,-0.816496580927726,0.408248290463863));
#2287=DIRECTION('ref_axis',(-0.577350269189626,0.577350269189626,0.577350269189626));
#2288=DIRECTION('center_axis',(-1.,0.,0.));
#2289=DIRECTION('ref_axis',(0.,0.707106781186547,0.707106781186548));
#2290=DIRECTION('center_axis',(1.,0.,0.));
#2291=DIRECTION('ref_axis',(0.,0.707106781186547,0.707106781186547));
#2292=DIRECTION('',(1.,0.,0.));
#2293=DIRECTION('center_axis',(1.,0.,0.));
#2294=DIRECTION('ref_axis',(0.,0.707106781186547,0.707106781186548));
#2295=DIRECTION('center_axis',(0.,0.,1.));
#2296=DIRECTION('ref_axis',(-1.,0.,0.));
#2297=DIRECTION('',(-1.,0.,0.));
#2298=DIRECTION('',(0.,-1.,0.));
#2299=DIRECTION('center_axis',(0.,-1.,0.));
#2300=DIRECTION('ref_axis',(0.,0.,-1.));
#2301=DIRECTION('',(0.,0.,-1.));
#2302=DIRECTION('',(1.,0.,0.));
#2303=DIRECTION('',(0.,0.,1.));
#2304=DIRECTION('center_axis',(0.,1.,0.));
#2305=DIRECTION('ref_axis',(0.707106781186547,0.,0.707106781186547));
#2306=DIRECTION('',(0.,0.,-1.));
#2307=DIRECTION('',(-1.,0.,0.));
#2308=DIRECTION('',(0.,0.,1.));
#2309=DIRECTION('',(1.,0.,0.));
#2310=DIRECTION('center_axis',(0.,-1.,0.));
#2311=DIRECTION('ref_axis',(0.707106781186547,0.,0.707106781186547));
#2312=DIRECTION('',(0.,1.,0.));
#2313=DIRECTION('center_axis',(0.,-1.,0.));
#2314=DIRECTION('ref_axis',(1.,0.,0.));
#2315=DIRECTION('center_axis',(0.,0.,-1.));
#2316=DIRECTION('ref_axis',(0.707106781186547,0.707106781186547,0.));
#2317=DIRECTION('center_axis',(0.,0.,1.));
#2318=DIRECTION('ref_axis',(0.707106781186547,0.707106781186547,0.));
#2319=DIRECTION('center_axis',(0.,0.,-1.));
#2320=DIRECTION('ref_axis',(0.,1.,0.));
#2321=DIRECTION('',(0.,0.,-1.));
#2322=DIRECTION('center_axis',(0.408248290463863,-0.816496580927726,0.408248290463863));
#2323=DIRECTION('ref_axis',(0.577350269189626,0.577350269189626,0.577350269189626));
#2324=DIRECTION('center_axis',(1.,0.,0.));
#2325=DIRECTION('ref_axis',(0.,0.,1.));
#2326=DIRECTION('',(0.,-1.,0.));
#2327=DIRECTION('center_axis',(1.,0.,0.));
#2328=DIRECTION('ref_axis',(0.,0.,-1.));
#2329=DIRECTION('',(0.,1.,0.));
#2330=DIRECTION('',(0.,1.,0.));
#2331=DIRECTION('center_axis',(0.,0.,1.));
#2332=DIRECTION('ref_axis',(1.,0.,0.));
#2333=DIRECTION('',(0.,1.,0.));
#2334=DIRECTION('center_axis',(-1.,0.,0.));
#2335=DIRECTION('ref_axis',(0.,0.,1.));
#2336=DIRECTION('',(0.,1.,0.));
#2337=DIRECTION('center_axis',(0.,0.,-1.));
#2338=DIRECTION('ref_axis',(-1.,0.,0.));
#2339=DIRECTION('center_axis',(0.,1.11022302462516E-16,1.));
#2340=DIRECTION('ref_axis',(-1.,0.,0.));
#2341=DIRECTION('center_axis',(0.,0.,-1.));
#2342=DIRECTION('ref_axis',(1.,0.,0.));
#2343=DIRECTION('',(0.,-1.,0.));
#2344=DIRECTION('center_axis',(-1.,0.,0.));
#2345=DIRECTION('ref_axis',(0.,0.,-1.));
#2346=DIRECTION('center_axis',(-1.,0.,0.));
#2347=DIRECTION('ref_axis',(0.,0.707106781186548,0.707106781186548));
#2348=DIRECTION('center_axis',(1.,0.,0.));
#2349=DIRECTION('ref_axis',(0.,0.707106781186548,0.707106781186548));
#2350=DIRECTION('',(1.,0.,0.));
#2351=DIRECTION('center_axis',(-1.,-4.26727753688274E-16,0.));
#2352=DIRECTION('ref_axis',(0.,0.707106781186548,0.707106781186548));
#2353=DIRECTION('',(-1.,0.,0.));
#2354=DIRECTION('center_axis',(0.,0.,1.));
#2355=DIRECTION('ref_axis',(1.,0.,0.));
#2356=DIRECTION('',(0.,-1.,0.));
#2357=DIRECTION('',(-1.,0.,0.));
#2358=DIRECTION('',(0.,-1.,0.));
#2359=DIRECTION('',(1.,0.,0.));
#2360=DIRECTION('',(0.,1.,0.));
#2361=DIRECTION('',(1.,0.,0.));
#2362=DIRECTION('',(0.,-1.,0.));
#2363=DIRECTION('',(1.,0.,0.));
#2364=DIRECTION('',(0.,1.,0.));
#2365=DIRECTION('',(-1.,0.,0.));
#2366=DIRECTION('',(-4.26727753688274E-16,1.,0.));
#2367=DIRECTION('center_axis',(-1.,0.,0.));
#2368=DIRECTION('ref_axis',(0.,-1.,0.));
#2369=DIRECTION('',(0.,0.,1.));
#2370=DIRECTION('',(0.,1.,0.));
#2371=DIRECTION('',(0.,0.,1.));
#2372=DIRECTION('center_axis',(1.,0.,0.));
#2373=DIRECTION('ref_axis',(0.,1.,0.));
#2374=DIRECTION('',(0.,-1.,0.));
#2375=DIRECTION('',(0.,0.,1.));
#2376=DIRECTION('',(0.,0.,1.));
#2377=DIRECTION('center_axis',(0.,-1.,0.));
#2378=DIRECTION('ref_axis',(1.,0.,0.));
#2379=DIRECTION('',(-1.,0.,0.));
#2380=DIRECTION('',(0.,0.,1.));
#2381=DIRECTION('center_axis',(-1.,0.,0.));
#2382=DIRECTION('ref_axis',(0.,-1.,0.));
#2383=DIRECTION('',(0.,1.,0.));
#2384=DIRECTION('',(0.,0.,1.));
#2385=DIRECTION('center_axis',(0.,1.,0.));
#2386=DIRECTION('ref_axis',(-1.,0.,0.));
#2387=DIRECTION('',(1.,0.,0.));
#2388=DIRECTION('center_axis',(0.,1.,0.));
#2389=DIRECTION('ref_axis',(-1.,0.,0.));
#2390=DIRECTION('',(0.,0.,1.));
#2391=DIRECTION('',(1.,0.,0.));
#2392=DIRECTION('center_axis',(1.,4.26727753688274E-16,0.));
#2393=DIRECTION('ref_axis',(-4.26727753688274E-16,1.,0.));
#2394=DIRECTION('',(0.,0.,1.));
#2395=DIRECTION('',(4.26727753688274E-16,-1.,0.));
#2396=DIRECTION('center_axis',(0.,1.,0.));
#2397=DIRECTION('ref_axis',(-1.,0.,0.));
#2398=DIRECTION('',(1.,0.,0.));
#2399=DIRECTION('',(0.,0.,1.));
#2400=DIRECTION('center_axis',(1.,0.,0.));
#2401=DIRECTION('ref_axis',(0.,1.,0.));
#2402=DIRECTION('',(0.,-1.,0.));
#2403=DIRECTION('',(0.,0.,1.));
#2404=DIRECTION('center_axis',(0.,-1.,0.));
#2405=DIRECTION('ref_axis',(1.,0.,0.));
#2406=DIRECTION('',(-1.,0.,0.));
#2407=DIRECTION('',(0.,0.,1.));
#2408=DIRECTION('center_axis',(-1.,0.,0.));
#2409=DIRECTION('ref_axis',(0.,-1.,0.));
#2410=DIRECTION('',(0.,1.,0.));
#2411=DIRECTION('',(0.,0.,1.));
#2412=DIRECTION('center_axis',(0.,-1.,0.));
#2413=DIRECTION('ref_axis',(1.,0.,0.));
#2414=DIRECTION('',(-1.,0.,0.));
#2415=DIRECTION('center_axis',(0.,0.,1.));
#2416=DIRECTION('ref_axis',(1.,0.,0.));
#2417=DIRECTION('center_axis',(1.,0.,0.));
#2418=DIRECTION('ref_axis',(0.,0.707106781186554,0.707106781186541));
#2419=DIRECTION('',(-1.,0.,0.));
#2420=DIRECTION('center_axis',(0.707106781186554,-0.707106781186541,0.));
#2421=DIRECTION('ref_axis',(-0.707106781186541,-0.707106781186554,0.));
#2422=DIRECTION('',(1.,0.,0.));
#2423=DIRECTION('center_axis',(-0.707106781186554,-0.707106781186541,0.));
#2424=DIRECTION('ref_axis',(-0.707106781186541,0.707106781186554,0.));
#2425=DIRECTION('center_axis',(0.,-1.,2.22044604925031E-16));
#2426=DIRECTION('ref_axis',(-0.707106781186548,0.,0.707106781186548));
#2427=DIRECTION('',(0.,1.,-2.22044604925031E-16));
#2428=DIRECTION('center_axis',(0.707106781186566,-0.707106781186529,0.));
#2429=DIRECTION('ref_axis',(0.707106781186529,0.707106781186566,-3.14018491736747E-16));
#2430=DIRECTION('',(0.,-1.,2.22044604925031E-16));
#2431=DIRECTION('center_axis',(-1.,0.,0.));
#2432=DIRECTION('ref_axis',(0.,-0.707106781186579,0.707106781186516));
#2433=DIRECTION('',(-1.,0.,0.));
#2434=DIRECTION('center_axis',(0.707106781186566,-0.707106781186529,-7.85046229341917E-16));
#2435=DIRECTION('ref_axis',(0.707106781186529,0.707106781186566,7.85046229341957E-16));
#2436=DIRECTION('',(1.,0.,0.));
#2437=DIRECTION('center_axis',(0.,-1.,2.22044604925031E-16));
#2438=DIRECTION('ref_axis',(-0.707106781186548,0.,0.707106781186547));
#2439=DIRECTION('',(0.,1.,-2.22044604925031E-16));
#2440=DIRECTION('center_axis',(0.707106781186553,-0.707106781186542,0.));
#2441=DIRECTION('ref_axis',(0.707106781186542,0.707106781186553,-3.14018491736753E-16));
#2442=DIRECTION('',(0.,-1.,2.22044604925031E-16));
#2443=DIRECTION('center_axis',(0.,1.,-2.22044604925031E-16));
#2444=DIRECTION('ref_axis',(0.707106781186549,0.,0.707106781186546));
#2445=DIRECTION('',(0.,1.,-2.22044604925031E-16));
#2446=DIRECTION('center_axis',(-0.707106781186552,-0.707106781186543,1.57009245868378E-15));
#2447=DIRECTION('ref_axis',(0.707106781186543,-0.707106781186552,-1.256073966947E-15));
#2448=DIRECTION('',(0.,-1.,2.22044604925031E-16));
#2449=DIRECTION('center_axis',(0.707106781186565,0.70710678118653,0.));
#2450=DIRECTION('ref_axis',(0.70710678118653,-0.707106781186565,3.14018491736747E-16));
#2451=DIRECTION('center_axis',(1.,0.,0.));
#2452=DIRECTION('ref_axis',(0.,-0.707106781186548,0.707106781186548));
#2453=DIRECTION('',(-1.,0.,0.));
#2454=DIRECTION('',(1.,0.,0.));
#2455=DIRECTION('center_axis',(-1.,0.,0.));
#2456=DIRECTION('ref_axis',(0.,-0.707106781186579,0.707106781186516));
#2457=DIRECTION('',(1.,0.,0.));
#2458=DIRECTION('',(-1.,0.,0.));
#2459=DIRECTION('center_axis',(0.707106781186566,0.707106781186529,0.));
#2460=DIRECTION('ref_axis',(0.707106781186529,-0.707106781186566,0.));
#2461=DIRECTION('center_axis',(0.,1.,-2.22044604925031E-16));
#2462=DIRECTION('ref_axis',(0.707106781186548,0.,0.707106781186548));
#2463=DIRECTION('',(0.,1.,-2.22044604925031E-16));
#2464=DIRECTION('',(0.,-1.,2.22044604925031E-16));
#2465=DIRECTION('center_axis',(0.,-1.,2.22044604925031E-16));
#2466=DIRECTION('ref_axis',(-1.,0.,0.));
#2467=DIRECTION('',(0.,-2.22044604925031E-16,-1.));
#2468=DIRECTION('',(-1.,0.,0.));
#2469=DIRECTION('',(0.,-2.22044604925031E-16,-1.));
#2470=DIRECTION('center_axis',(-1.,0.,0.));
#2471=DIRECTION('ref_axis',(0.,1.,-2.22044604925031E-16));
#2472=DIRECTION('',(0.,-2.22044604925031E-16,-1.));
#2473=DIRECTION('',(0.,1.,-2.22044604925031E-16));
#2474=DIRECTION('center_axis',(0.,-1.,2.22044604925031E-16));
#2475=DIRECTION('ref_axis',(-1.,0.,0.));
#2476=DIRECTION('',(0.,-2.22044604925031E-16,-1.));
#2477=DIRECTION('',(-1.,0.,0.));
#2478=DIRECTION('center_axis',(1.,0.,0.));
#2479=DIRECTION('ref_axis',(0.,-1.,2.22044604925031E-16));
#2480=DIRECTION('',(0.,-2.22044604925031E-16,-1.));
#2481=DIRECTION('',(0.,-1.,2.22044604925031E-16));
#2482=DIRECTION('center_axis',(0.,-2.22044604925031E-16,-1.));
#2483=DIRECTION('ref_axis',(1.,0.,0.));
#2484=DIRECTION('',(0.,1.,-2.22044604925031E-16));
#2485=DIRECTION('',(-1.,0.,0.));
#2486=DIRECTION('',(0.,-1.,2.22044604925031E-16));
#2487=DIRECTION('center_axis',(0.,-2.22044604925031E-16,-1.));
#2488=DIRECTION('ref_axis',(-1.,0.,0.));
#2489=DIRECTION('',(1.,0.,0.));
#2490=DIRECTION('center_axis',(0.,-2.22044604925031E-16,-1.));
#2491=DIRECTION('ref_axis',(0.,-1.,2.22044604925031E-16));
#2492=DIRECTION('center_axis',(0.,-1.,2.22044604925031E-16));
#2493=DIRECTION('ref_axis',(0.8,1.33226762955019E-16,0.599999999999999));
#2494=DIRECTION('center_axis',(0.,1.,-2.22044604925031E-16));
#2495=DIRECTION('ref_axis',(0.8,1.33226762955019E-16,0.599999999999999));
#2496=DIRECTION('',(0.,-1.,2.22044604925031E-16));
#2497=DIRECTION('center_axis',(0.,-1.,2.22044604925031E-16));
#2498=DIRECTION('ref_axis',(0.8,1.33226762955019E-16,0.599999999999999));
#2499=DIRECTION('center_axis',(1.,0.,0.));
#2500=DIRECTION('ref_axis',(0.,0.800000000000001,0.599999999999999));
#2501=DIRECTION('center_axis',(0.,2.22044604925031E-16,1.));
#2502=DIRECTION('ref_axis',(0.707106781186547,0.707106781186547,-1.57009245868377E-16));
#2503=DIRECTION('center_axis',(1.,0.,0.));
#2504=DIRECTION('ref_axis',(0.,0.800000000000001,0.599999999999999));
#2505=DIRECTION('center_axis',(1.,0.,0.));
#2506=DIRECTION('ref_axis',(0.,0.800000000000001,0.599999999999999));
#2507=DIRECTION('',(1.,0.,0.));
#2508=DIRECTION('center_axis',(0.,1.,-2.22044604925031E-16));
#2509=DIRECTION('ref_axis',(-0.8,1.33226762955019E-16,0.599999999999999));
#2510=DIRECTION('center_axis',(0.,2.22044604925031E-16,1.));
#2511=DIRECTION('ref_axis',(-0.707106781186547,0.707106781186547,-1.57009245868377E-16));
#2512=DIRECTION('center_axis',(0.,1.,-2.22044604925031E-16));
#2513=DIRECTION('ref_axis',(-0.8,1.33226762955019E-16,0.599999999999999));
#2514=DIRECTION('center_axis',(0.,1.,-2.22044604925031E-16));
#2515=DIRECTION('ref_axis',(-0.8,1.33226762955019E-16,0.599999999999999));
#2516=DIRECTION('',(0.,1.,-2.22044604925031E-16));
#2517=DIRECTION('center_axis',(0.,-1.,2.22044604925031E-16));
#2518=DIRECTION('ref_axis',(-1.,0.,0.));
#2519=DIRECTION('',(1.,0.,0.));
#2520=DIRECTION('',(0.,-2.22044604925031E-16,-1.));
#2521=DIRECTION('',(-1.,0.,0.));
#2522=DIRECTION('',(0.,-2.22044604925031E-16,-1.));
#2523=DIRECTION('center_axis',(-1.,0.,0.));
#2524=DIRECTION('ref_axis',(0.,1.,-2.22044604925031E-16));
#2525=DIRECTION('',(0.,-1.,2.22044604925031E-16));
#2526=DIRECTION('',(0.,-2.22044604925031E-16,-1.));
#2527=DIRECTION('',(0.,1.,-2.22044604925031E-16));
#2528=DIRECTION('',(0.,-2.22044604925031E-16,-1.));
#2529=DIRECTION('',(0.,-2.22044604925031E-16,-1.));
#2530=DIRECTION('center_axis',(0.,-1.,2.22044604925031E-16));
#2531=DIRECTION('ref_axis',(-1.,0.,0.));
#2532=DIRECTION('',(1.,0.,0.));
#2533=DIRECTION('',(0.,-2.22044604925031E-16,-1.));
#2534=DIRECTION('',(-1.,0.,0.));
#2535=DIRECTION('center_axis',(1.,0.,0.));
#2536=DIRECTION('ref_axis',(0.,-1.,2.22044604925031E-16));
#2537=DIRECTION('',(0.,2.22044604925031E-16,1.));
#2538=DIRECTION('',(0.,-1.,2.22044604925031E-16));
#2539=DIRECTION('',(0.,1.,-2.22044604925031E-16));
#2540=DIRECTION('',(0.,-2.22044604925031E-16,-1.));
#2541=DIRECTION('center_axis',(0.,-1.,2.22044604925031E-16));
#2542=DIRECTION('ref_axis',(-1.,0.,0.));
#2543=DIRECTION('',(1.,0.,0.));
#2544=DIRECTION('',(-1.,0.,0.));
#2545=DIRECTION('',(0.,-2.22044604925031E-16,-1.));
#2546=DIRECTION('center_axis',(1.,0.,0.));
#2547=DIRECTION('ref_axis',(0.,-1.,2.22044604925031E-16));
#2548=DIRECTION('',(0.,1.,-2.22044604925031E-16));
#2549=DIRECTION('',(0.,-1.,2.22044604925031E-16));
#2550=DIRECTION('',(0.,-2.22044604925031E-16,-1.));
#2551=DIRECTION('center_axis',(0.,1.,-2.22044604925031E-16));
#2552=DIRECTION('ref_axis',(1.,0.,0.));
#2553=DIRECTION('',(-1.,0.,0.));
#2554=DIRECTION('',(1.,0.,0.));
#2555=DIRECTION('',(0.,-2.22044604925031E-16,-1.));
#2556=DIRECTION('center_axis',(-1.,0.,0.));
#2557=DIRECTION('ref_axis',(0.,1.,-2.22044604925031E-16));
#2558=DIRECTION('',(0.,-1.,2.22044604925031E-16));
#2559=DIRECTION('',(0.,1.,-2.22044604925031E-16));
#2560=DIRECTION('center_axis',(0.,-2.22044604925031E-16,-1.));
#2561=DIRECTION('ref_axis',(0.,1.,-2.22044604925031E-16));
#2562=DIRECTION('center_axis',(0.,1.,-2.22044604925031E-16));
#2563=DIRECTION('ref_axis',(1.,0.,0.));
#2564=DIRECTION('',(1.,0.,0.));
#2565=DIRECTION('center_axis',(0.,-1.,2.22044604925031E-16));
#2566=DIRECTION('ref_axis',(-1.,0.,0.));
#2567=DIRECTION('',(-1.,0.,0.));
#2568=DIRECTION('center_axis',(0.,-2.22044604925031E-16,-1.));
#2569=DIRECTION('ref_axis',(0.,1.,-2.22044604925031E-16));
#2570=DIRECTION('center_axis',(0.,-1.,2.22044604925031E-16));
#2571=DIRECTION('ref_axis',(-1.,0.,0.));
#2572=DIRECTION('',(-1.,0.,0.));
#2573=DIRECTION('center_axis',(0.,-2.22044604925031E-16,-1.));
#2574=DIRECTION('ref_axis',(0.,1.,-2.22044604925031E-16));
#2575=DIRECTION('',(0.,0.,1.));
#2576=DIRECTION('',(1.,0.,0.));
#2577=CARTESIAN_POINT('',(0.,0.,0.));
#2578=CARTESIAN_POINT('',(0.,0.,0.));
#2579=CARTESIAN_POINT('Origin',(21.5000004321337,-1.49999999999999,-9.50000014156103));
#2580=CARTESIAN_POINT('',(21.0000004321337,-1.49999999999999,19.0000002831221));
#2581=CARTESIAN_POINT('',(21.0000004321337,-1.49999999999999,-19.0000002831221));
#2582=CARTESIAN_POINT('',(21.0000004321337,-1.49999999999999,-9.50000014156103));
#2583=CARTESIAN_POINT('',(21.5000004321337,-1.99999999999999,-19.5000002831221));
#2584=CARTESIAN_POINT('Origin',(21.5000004321337,-1.49999999999999,-19.5000002831221));
#2585=CARTESIAN_POINT('',(21.5000004321337,-1.99999999999999,19.5000002831221));
#2586=CARTESIAN_POINT('',(21.5000004321337,-1.99999999999999,-9.50000014156103));
#2587=CARTESIAN_POINT('Origin',(21.5000004321337,-1.49999999999999,19.5000002831221));
#2588=CARTESIAN_POINT('Origin',(-11.7967516480013,-1.49999999999999,-19.5000002831221));
#2589=CARTESIAN_POINT('',(-22.4999995678663,-1.49999999999999,-19.0000002831221));
#2590=CARTESIAN_POINT('',(-11.7967516480013,-1.49999999999999,-19.0000002831221));
#2591=CARTESIAN_POINT('',(-22.9999995678663,-1.99999999999999,-19.5000002831221));
#2592=CARTESIAN_POINT('Origin',(-22.9999995678663,-1.49999999999999,-19.5000002831221));
#2593=CARTESIAN_POINT('',(-11.7967516480013,-1.99999999999999,-19.5000002831221));
#2594=CARTESIAN_POINT('Origin',(-22.9999995678663,-1.49999999999999,9.50000014156103));
#2595=CARTESIAN_POINT('',(-22.9999995678663,-1.99999999999999,19.5000002831221));
#2596=CARTESIAN_POINT('',(-22.9999995678663,-1.99999999999999,9.50000014156103));
#2597=CARTESIAN_POINT('',(-22.4999995678663,-1.49999999999999,19.0000002831221));
#2598=CARTESIAN_POINT('',(-22.4999995678663,-1.49999999999999,9.50000014156103));
#2599=CARTESIAN_POINT('Origin',(-22.9999995678663,-1.49999999999999,19.5000002831221));
#2600=CARTESIAN_POINT('Origin',(9.95324835199866,-1.49999999999999,19.5000002831221));
#2601=CARTESIAN_POINT('',(9.95324835199866,-1.49999999999999,19.0000002831221));
#2602=CARTESIAN_POINT('',(9.95324835199866,-1.99999999999999,19.5000002831221));
#2603=CARTESIAN_POINT('Origin',(-22.4999995678663,1.60000000000005,-19.0000002831221));
#2604=CARTESIAN_POINT('',(21.0000004321337,-0.5,-19.0000002831221));
#2605=CARTESIAN_POINT('',(21.0000004321337,1.60000000000005,-19.0000002831221));
#2606=CARTESIAN_POINT('',(-22.4999995678663,-0.5,-19.0000002831221));
#2607=CARTESIAN_POINT('',(-11.7967516480013,-0.5,-19.0000002831221));
#2608=CARTESIAN_POINT('',(-22.4999995678663,1.60000000000005,-19.0000002831221));
#2609=CARTESIAN_POINT('Origin',(21.0000004321337,1.60000000000005,-19.0000002831221));
#2610=CARTESIAN_POINT('',(21.0000004321337,-0.5,19.0000002831221));
#2611=CARTESIAN_POINT('',(21.0000004321337,1.60000000000005,19.0000002831221));
#2612=CARTESIAN_POINT('',(21.0000004321337,-0.5,-9.50000014156103));
#2613=CARTESIAN_POINT('Origin',(-1.09350372813635,-1.99999999999999,0.));
#2614=CARTESIAN_POINT('',(28.9064962718636,-1.99999999999999,-20.));
#2615=CARTESIAN_POINT('',(-31.0935037281364,-1.99999999999999,-20.));
#2616=CARTESIAN_POINT('',(28.9064962718636,-1.99999999999999,-20.));
#2617=CARTESIAN_POINT('',(28.9064962718636,-1.99999999999999,20.));
#2618=CARTESIAN_POINT('',(28.9064962718636,-1.99999999999999,20.));
#2619=CARTESIAN_POINT('',(-31.0935037281364,-1.99999999999999,20.));
#2620=CARTESIAN_POINT('',(-31.0935037281364,-1.99999999999999,20.));
#2621=CARTESIAN_POINT('',(-31.0935037281364,-1.99999999999999,-20.));
#2622=CARTESIAN_POINT('Origin',(-22.9999995678663,-0.5,9.50000014156103));
#2623=CARTESIAN_POINT('',(-22.9999995678663,0.,-19.5000002831221));
#2624=CARTESIAN_POINT('',(-22.9999995678663,0.,19.5000002831221));
#2625=CARTESIAN_POINT('',(-22.9999995678663,0.,9.50000014156103));
#2626=CARTESIAN_POINT('',(-22.4999995678663,-0.5,19.0000002831221));
#2627=CARTESIAN_POINT('Origin',(-22.9999995678663,-0.5,19.5000002831221));
#2628=CARTESIAN_POINT('',(-22.4999995678663,-0.5,9.50000014156103));
#2629=CARTESIAN_POINT('Origin',(-22.9999995678663,-0.5,-19.5000002831221));
#2630=CARTESIAN_POINT('Origin',(9.95324835199866,-0.5,19.5000002831221));
#2631=CARTESIAN_POINT('',(21.5000004321337,0.,19.5000002831221));
#2632=CARTESIAN_POINT('',(9.95324835199866,0.,19.5000002831221));
#2633=CARTESIAN_POINT('Origin',(21.5000004321337,-0.5,19.5000002831221));
#2634=CARTESIAN_POINT('',(9.95324835199866,-0.5,19.0000002831221));
#2635=CARTESIAN_POINT('Origin',(21.5000004321337,-0.5,-9.50000014156103));
#2636=CARTESIAN_POINT('',(21.5000004321337,0.,-19.5000002831221));
#2637=CARTESIAN_POINT('',(21.5000004321337,0.,-9.50000014156103));
#2638=CARTESIAN_POINT('Origin',(21.5000004321337,-0.5,-19.5000002831221));
#2639=CARTESIAN_POINT('Origin',(-11.7967516480013,-0.5,-19.5000002831221));
#2640=CARTESIAN_POINT('',(-11.7967516480013,0.,-19.5000002831221));
#2641=CARTESIAN_POINT('Origin',(-22.4999995678663,1.60000000000005,19.0000002831221));
#2642=CARTESIAN_POINT('',(-22.4999995678663,1.60000000000005,19.0000002831221));
#2643=CARTESIAN_POINT('Origin',(-1.09350372813635,0.,0.));
#2644=CARTESIAN_POINT('',(-31.0935037281364,0.,20.));
#2645=CARTESIAN_POINT('',(-31.0935037281364,0.,-25.));
#2646=CARTESIAN_POINT('',(-31.0935037281364,0.,12.5));
#2647=CARTESIAN_POINT('',(28.9064962718636,0.,20.));
#2648=CARTESIAN_POINT('',(16.4064962718636,0.,20.));
#2649=CARTESIAN_POINT('',(28.9064962718636,0.,-25.));
#2650=CARTESIAN_POINT('',(28.9064962718636,0.,-12.5));
#2651=CARTESIAN_POINT('',(33.9064962718636,0.,-25.));
#2652=CARTESIAN_POINT('Origin',(0.109366895226835,-46.809031157079,25.));
#2653=CARTESIAN_POINT('',(-2.89063310477316,-46.809031157079,25.));
#2654=CARTESIAN_POINT('Origin',(0.109366895226835,-46.809031157079,25.));
#2655=CARTESIAN_POINT('',(-2.89063310477316,-46.809031157079,20.));
#2656=CARTESIAN_POINT('',(-2.89063310477316,-46.809031157079,25.));
#2657=CARTESIAN_POINT('Origin',(0.109366895226835,-46.809031157079,20.));
#2658=CARTESIAN_POINT('Origin',(-26.5685044288636,-22.3814955711365,25.));
#2659=CARTESIAN_POINT('',(-13.5685044288635,-22.3814955711365,20.));
#2660=CARTESIAN_POINT('',(-26.5685044288636,-22.3814955711365,20.));
#2661=CARTESIAN_POINT('',(-28.8310040785,-22.3814955711365,20.));
#2662=CARTESIAN_POINT('',(-13.5685044288635,-22.3814955711365,25.));
#2663=CARTESIAN_POINT('',(-13.5685044288635,-22.3814955711365,25.));
#2664=CARTESIAN_POINT('',(-26.5685044288636,-22.3814955711365,25.));
#2665=CARTESIAN_POINT('',(3.66899592150005,-22.3814955711365,25.));
#2666=CARTESIAN_POINT('',(-26.5685044288636,-22.3814955711365,25.));
#2667=CARTESIAN_POINT('Origin',(-26.5685044288636,-22.8814955711365,25.));
#2668=CARTESIAN_POINT('',(-27.0685044288636,-22.8814955711365,20.));
#2669=CARTESIAN_POINT('Origin',(-26.5685044288636,-22.8814955711365,20.));
#2670=CARTESIAN_POINT('',(-27.0685044288636,-22.8814955711365,25.));
#2671=CARTESIAN_POINT('Origin',(-26.5685044288636,-22.8814955711365,25.));
#2672=CARTESIAN_POINT('',(-27.0685044288636,-22.8814955711365,25.));
#2673=CARTESIAN_POINT('Origin',(-27.0685044288636,-35.8814955711365,25.));
#2674=CARTESIAN_POINT('',(-27.0685044288636,-35.8814955711365,20.));
#2675=CARTESIAN_POINT('',(-27.0685044288635,-47.9407477855682,20.));
#2676=CARTESIAN_POINT('',(-27.0685044288636,-35.8814955711365,25.));
#2677=CARTESIAN_POINT('',(-27.0685044288636,-17.9407477855683,25.));
#2678=CARTESIAN_POINT('',(-27.0685044288636,-35.8814955711365,25.));
#2679=CARTESIAN_POINT('Origin',(-26.5685044288636,-35.8814955711365,25.));
#2680=CARTESIAN_POINT('',(-26.5685044288636,-36.3814955711365,20.));
#2681=CARTESIAN_POINT('Origin',(-26.5685044288636,-35.8814955711365,20.));
#2682=CARTESIAN_POINT('',(-26.5685044288636,-36.3814955711365,25.));
#2683=CARTESIAN_POINT('Origin',(-26.5685044288636,-35.8814955711365,25.));
#2684=CARTESIAN_POINT('',(-26.5685044288636,-36.3814955711365,25.));
#2685=CARTESIAN_POINT('Origin',(-13.5685044288635,-36.3814955711365,25.));
#2686=CARTESIAN_POINT('',(-13.5685044288635,-36.3814955711365,20.));
#2687=CARTESIAN_POINT('',(-22.3310040785,-36.3814955711365,20.));
#2688=CARTESIAN_POINT('',(-13.5685044288635,-36.3814955711365,25.));
#2689=CARTESIAN_POINT('',(10.1689959215001,-36.3814955711365,25.));
#2690=CARTESIAN_POINT('',(-13.5685044288635,-36.3814955711365,25.));
#2691=CARTESIAN_POINT('Origin',(-13.5685044288635,-35.8814955711365,25.));
#2692=CARTESIAN_POINT('',(-13.0685044288635,-35.8814955711365,20.));
#2693=CARTESIAN_POINT('Origin',(-13.5685044288635,-35.8814955711365,20.));
#2694=CARTESIAN_POINT('',(-13.0685044288635,-35.8814955711365,25.));
#2695=CARTESIAN_POINT('Origin',(-13.5685044288635,-35.8814955711365,25.));
#2696=CARTESIAN_POINT('',(-13.0685044288635,-35.8814955711365,25.));
#2697=CARTESIAN_POINT('Origin',(-13.0685044288636,-22.8814955711365,25.));
#2698=CARTESIAN_POINT('',(-13.0685044288636,-22.8814955711365,20.));
#2699=CARTESIAN_POINT('',(-13.0685044288636,-41.4407477855682,20.));
#2700=CARTESIAN_POINT('',(-13.0685044288636,-22.8814955711365,25.));
#2701=CARTESIAN_POINT('',(-13.0685044288636,-11.4407477855682,25.));
#2702=CARTESIAN_POINT('',(-13.0685044288636,-22.8814955711365,25.));
#2703=CARTESIAN_POINT('Origin',(-13.5685044288635,-22.8814955711365,25.));
#2704=CARTESIAN_POINT('Origin',(-13.5685044288635,-22.8814955711365,20.));
#2705=CARTESIAN_POINT('Origin',(-13.5685044288635,-22.8814955711365,25.));
#2706=CARTESIAN_POINT('Origin',(-7.51850442886354,-22.3814955711365,25.));
#2707=CARTESIAN_POINT('',(5.48149557113645,-22.3814955711365,20.));
#2708=CARTESIAN_POINT('',(-7.51850442886354,-22.3814955711365,20.));
#2709=CARTESIAN_POINT('',(-19.3060040785,-22.3814955711365,20.));
#2710=CARTESIAN_POINT('',(5.48149557113645,-22.3814955711365,25.));
#2711=CARTESIAN_POINT('',(5.48149557113645,-22.3814955711365,25.));
#2712=CARTESIAN_POINT('',(-7.51850442886354,-22.3814955711365,25.));
#2713=CARTESIAN_POINT('',(13.1939959215001,-22.3814955711365,25.));
#2714=CARTESIAN_POINT('',(-7.51850442886354,-22.3814955711365,25.));
#2715=CARTESIAN_POINT('Origin',(-7.51850442886354,-22.8814955711365,25.));
#2716=CARTESIAN_POINT('',(-8.01850442886354,-22.8814955711365,20.));
#2717=CARTESIAN_POINT('Origin',(-7.51850442886354,-22.8814955711365,20.));
#2718=CARTESIAN_POINT('',(-8.01850442886354,-22.8814955711365,25.));
#2719=CARTESIAN_POINT('Origin',(-7.51850442886354,-22.8814955711365,25.));
#2720=CARTESIAN_POINT('',(-8.01850442886354,-22.8814955711365,25.));
#2721=CARTESIAN_POINT('Origin',(-8.01850442886355,-35.8814955711365,25.));
#2722=CARTESIAN_POINT('',(-8.01850442886355,-35.8814955711365,20.));
#2723=CARTESIAN_POINT('',(-8.01850442886355,-47.9407477855682,20.));
#2724=CARTESIAN_POINT('',(-8.01850442886355,-35.8814955711365,25.));
#2725=CARTESIAN_POINT('',(-8.01850442886355,-17.9407477855682,25.));
#2726=CARTESIAN_POINT('',(-8.01850442886355,-35.8814955711365,25.));
#2727=CARTESIAN_POINT('Origin',(-7.51850442886354,-35.8814955711365,25.));
#2728=CARTESIAN_POINT('',(-7.51850442886354,-36.3814955711365,20.));
#2729=CARTESIAN_POINT('Origin',(-7.51850442886354,-35.8814955711365,20.));
#2730=CARTESIAN_POINT('',(-7.51850442886354,-36.3814955711365,25.));
#2731=CARTESIAN_POINT('Origin',(-7.51850442886354,-35.8814955711365,25.));
#2732=CARTESIAN_POINT('',(-7.51850442886354,-36.3814955711365,25.));
#2733=CARTESIAN_POINT('Origin',(5.48149557113645,-36.3814955711365,25.));
#2734=CARTESIAN_POINT('',(5.48149557113645,-36.3814955711365,20.));
#2735=CARTESIAN_POINT('',(-12.8060040785,-36.3814955711365,20.));
#2736=CARTESIAN_POINT('',(5.48149557113645,-36.3814955711365,25.));
#2737=CARTESIAN_POINT('',(19.6939959215001,-36.3814955711365,25.));
#2738=CARTESIAN_POINT('',(5.48149557113645,-36.3814955711365,25.));
#2739=CARTESIAN_POINT('Origin',(5.48149557113645,-35.8814955711365,25.));
#2740=CARTESIAN_POINT('',(5.98149557113645,-35.8814955711365,20.));
#2741=CARTESIAN_POINT('Origin',(5.48149557113645,-35.8814955711365,20.));
#2742=CARTESIAN_POINT('',(5.98149557113645,-35.8814955711365,25.));
#2743=CARTESIAN_POINT('Origin',(5.48149557113645,-35.8814955711365,25.));
#2744=CARTESIAN_POINT('',(5.98149557113645,-35.8814955711365,25.));
#2745=CARTESIAN_POINT('Origin',(5.98149557113646,-22.8814955711365,25.));
#2746=CARTESIAN_POINT('',(5.98149557113646,-22.8814955711365,20.));
#2747=CARTESIAN_POINT('',(5.98149557113646,-41.4407477855682,20.));
#2748=CARTESIAN_POINT('',(5.98149557113646,-22.8814955711365,25.));
#2749=CARTESIAN_POINT('',(5.98149557113646,-11.4407477855682,25.));
#2750=CARTESIAN_POINT('',(5.98149557113646,-22.8814955711365,25.));
#2751=CARTESIAN_POINT('Origin',(5.48149557113645,-22.8814955711365,25.));
#2752=CARTESIAN_POINT('Origin',(5.48149557113645,-22.8814955711365,20.));
#2753=CARTESIAN_POINT('Origin',(5.48149557113645,-22.8814955711365,25.));
#2754=CARTESIAN_POINT('Origin',(11.5314955711364,-22.3814955711365,25.));
#2755=CARTESIAN_POINT('',(24.5314955711365,-22.3814955711365,20.));
#2756=CARTESIAN_POINT('',(11.5314955711364,-22.3814955711365,20.));
#2757=CARTESIAN_POINT('',(-9.78100407849995,-22.3814955711365,20.));
#2758=CARTESIAN_POINT('',(24.5314955711365,-22.3814955711365,25.));
#2759=CARTESIAN_POINT('',(24.5314955711365,-22.3814955711365,25.));
#2760=CARTESIAN_POINT('',(11.5314955711364,-22.3814955711365,25.));
#2761=CARTESIAN_POINT('',(22.7189959215,-22.3814955711365,25.));
#2762=CARTESIAN_POINT('',(11.5314955711364,-22.3814955711365,25.));
#2763=CARTESIAN_POINT('Origin',(11.5314955711364,-22.8814955711365,25.));
#2764=CARTESIAN_POINT('',(11.0314955711365,-22.8814955711365,20.));
#2765=CARTESIAN_POINT('Origin',(11.5314955711364,-22.8814955711365,20.));
#2766=CARTESIAN_POINT('',(11.0314955711365,-22.8814955711365,25.));
#2767=CARTESIAN_POINT('Origin',(11.5314955711364,-22.8814955711365,25.));
#2768=CARTESIAN_POINT('',(11.0314955711365,-22.8814955711365,25.));
#2769=CARTESIAN_POINT('Origin',(11.0314955711365,-35.8814955711365,25.));
#2770=CARTESIAN_POINT('',(11.0314955711365,-35.8814955711365,20.));
#2771=CARTESIAN_POINT('',(11.0314955711365,-47.9407477855682,20.));
#2772=CARTESIAN_POINT('',(11.0314955711365,-35.8814955711365,25.));
#2773=CARTESIAN_POINT('',(11.0314955711365,-17.9407477855682,25.));
#2774=CARTESIAN_POINT('',(11.0314955711365,-35.8814955711365,25.));
#2775=CARTESIAN_POINT('Origin',(11.5314955711364,-35.8814955711365,25.));
#2776=CARTESIAN_POINT('',(11.5314955711364,-36.3814955711365,20.));
#2777=CARTESIAN_POINT('Origin',(11.5314955711364,-35.8814955711365,20.));
#2778=CARTESIAN_POINT('',(11.5314955711364,-36.3814955711365,25.));
#2779=CARTESIAN_POINT('Origin',(11.5314955711364,-35.8814955711365,25.));
#2780=CARTESIAN_POINT('',(11.5314955711364,-36.3814955711365,25.));
#2781=CARTESIAN_POINT('Origin',(24.5314955711365,-36.3814955711365,25.));
#2782=CARTESIAN_POINT('',(24.5314955711365,-36.3814955711365,20.));
#2783=CARTESIAN_POINT('',(-3.28100407849995,-36.3814955711365,20.));
#2784=CARTESIAN_POINT('',(24.5314955711365,-36.3814955711365,25.));
#2785=CARTESIAN_POINT('',(29.2189959215001,-36.3814955711365,25.));
#2786=CARTESIAN_POINT('',(24.5314955711365,-36.3814955711365,25.));
#2787=CARTESIAN_POINT('Origin',(24.5314955711365,-35.8814955711365,25.));
#2788=CARTESIAN_POINT('',(25.0314955711365,-35.8814955711365,20.));
#2789=CARTESIAN_POINT('Origin',(24.5314955711365,-35.8814955711365,20.));
#2790=CARTESIAN_POINT('',(25.0314955711365,-35.8814955711365,25.));
#2791=CARTESIAN_POINT('Origin',(24.5314955711365,-35.8814955711365,25.));
#2792=CARTESIAN_POINT('',(25.0314955711365,-35.8814955711365,25.));
#2793=CARTESIAN_POINT('Origin',(25.0314955711365,-22.8814955711365,25.));
#2794=CARTESIAN_POINT('',(25.0314955711365,-22.8814955711365,20.));
#2795=CARTESIAN_POINT('',(25.0314955711365,-41.4407477855682,20.));
#2796=CARTESIAN_POINT('',(25.0314955711365,-22.8814955711365,25.));
#2797=CARTESIAN_POINT('',(25.0314955711365,-11.4407477855682,25.));
#2798=CARTESIAN_POINT('',(25.0314955711365,-22.8814955711365,25.));
#2799=CARTESIAN_POINT('Origin',(24.5314955711365,-22.8814955711365,25.));
#2800=CARTESIAN_POINT('Origin',(24.5314955711365,-22.8814955711365,20.));
#2801=CARTESIAN_POINT('Origin',(24.5314955711365,-22.8814955711365,25.));
#2802=CARTESIAN_POINT('Origin',(-31.0935037281364,-5.,12.5));
#2803=CARTESIAN_POINT('',(-36.0935037281364,-5.,-25.));
#2804=CARTESIAN_POINT('Origin',(-31.0935037281364,-5.,-25.));
#2805=CARTESIAN_POINT('',(-36.0935037281364,-5.,20.));
#2806=CARTESIAN_POINT('',(-36.0935037281364,-5.,12.5));
#2807=CARTESIAN_POINT('Origin',(-31.0935037281364,-5.,20.));
#2808=CARTESIAN_POINT('Origin',(-31.0935037281364,0.,20.));
#2809=CARTESIAN_POINT('',(-36.0935037281364,-60.,20.));
#2810=CARTESIAN_POINT('',(-31.0935037281364,-60.,25.));
#2811=CARTESIAN_POINT('Origin',(-31.0935037281364,-60.,20.));
#2812=CARTESIAN_POINT('',(-31.0935037281364,-5.,25.));
#2813=CARTESIAN_POINT('',(-31.0935037281364,0.,25.));
#2814=CARTESIAN_POINT('Origin',(-31.0935037281364,-5.,20.));
#2815=CARTESIAN_POINT('',(-36.0935037281364,0.,20.));
#2816=CARTESIAN_POINT('Origin',(-31.0935037281364,-5.,20.));
#2817=CARTESIAN_POINT('Origin',(-31.0935037281364,-5.,20.));
#2818=CARTESIAN_POINT('Origin',(16.4064962718636,-5.,20.));
#2819=CARTESIAN_POINT('',(28.9064962718636,-5.,25.));
#2820=CARTESIAN_POINT('',(16.4064962718636,-5.,25.));
#2821=CARTESIAN_POINT('Origin',(28.9064962718636,-5.,20.));
#2822=CARTESIAN_POINT('Origin',(33.9064962718636,0.,25.));
#2823=CARTESIAN_POINT('',(28.9064962718636,-60.,25.));
#2824=CARTESIAN_POINT('',(-36.0935037281364,-60.,25.));
#2825=CARTESIAN_POINT('',(28.9064962718636,0.,25.));
#2826=CARTESIAN_POINT('Origin',(-1.09350372813635,-60.,0.));
#2827=CARTESIAN_POINT('',(-36.0935037281364,-60.,-25.));
#2828=CARTESIAN_POINT('',(-36.0935037281364,-60.,-25.));
#2829=CARTESIAN_POINT('',(33.9064962718636,-60.,-25.));
#2830=CARTESIAN_POINT('',(33.9064962718636,-60.,-25.));
#2831=CARTESIAN_POINT('',(33.9064962718636,-60.,20.));
#2832=CARTESIAN_POINT('',(33.9064962718636,-60.,25.));
#2833=CARTESIAN_POINT('Origin',(28.9064962718636,-60.,20.));
#2834=CARTESIAN_POINT('',(28.9064962718636,-60.,20.));
#2835=CARTESIAN_POINT('',(28.9064962718636,-60.,-20.));
#2836=CARTESIAN_POINT('',(28.9064962718636,-60.,10.));
#2837=CARTESIAN_POINT('',(-31.0935037281364,-60.,-20.));
#2838=CARTESIAN_POINT('',(13.9064962718636,-60.,-20.));
#2839=CARTESIAN_POINT('',(-31.0935037281364,-60.,20.));
#2840=CARTESIAN_POINT('',(-31.0935037281364,-60.,-10.));
#2841=CARTESIAN_POINT('',(-16.0935037281364,-60.,20.));
#2842=CARTESIAN_POINT('Origin',(28.9064962718636,0.,20.));
#2843=CARTESIAN_POINT('',(33.9064962718636,-5.,20.));
#2844=CARTESIAN_POINT('',(33.9064962718636,0.,20.));
#2845=CARTESIAN_POINT('Origin',(28.9064962718636,-5.,20.));
#2846=CARTESIAN_POINT('Origin',(28.9064962718636,-5.,-12.5));
#2847=CARTESIAN_POINT('',(33.9064962718636,-5.,-25.));
#2848=CARTESIAN_POINT('Origin',(28.9064962718636,-5.,-25.));
#2849=CARTESIAN_POINT('Origin',(28.9064962718636,-5.,20.));
#2850=CARTESIAN_POINT('',(33.9064962718636,-5.,-12.5));
#2851=CARTESIAN_POINT('Origin',(28.9064962718636,-5.,20.));
#2852=CARTESIAN_POINT('Origin',(33.9064962718636,0.,-25.));
#2853=CARTESIAN_POINT('',(33.9064962718636,0.,-25.));
#2854=CARTESIAN_POINT('Origin',(28.9064962718636,-60.,20.));
#2855=CARTESIAN_POINT('',(28.9064962718636,-60.,20.));
#2856=CARTESIAN_POINT('',(28.9064962718636,-60.,-20.));
#2857=CARTESIAN_POINT('Origin',(-31.0935037281364,-60.,20.));
#2858=CARTESIAN_POINT('',(-31.0935037281364,-60.,20.));
#2859=CARTESIAN_POINT('Origin',(-31.0935037281364,-60.,-20.));
#2860=CARTESIAN_POINT('',(-31.0935037281364,-60.,-20.));
#2861=CARTESIAN_POINT('Origin',(28.9064962718636,-60.,-20.));
#2862=CARTESIAN_POINT('Origin',(21.0000004321337,1.60000000000005,19.0000002831221));
#2863=CARTESIAN_POINT('Origin',(-36.0935037281364,0.,-25.));
#2864=CARTESIAN_POINT('',(-36.0935037281364,0.,-25.));
#2865=CARTESIAN_POINT('Origin',(-36.0935037281364,0.,25.));
#2866=CARTESIAN_POINT('Origin',(9.62316560547154,-22.5010848301527,-17.));
#2867=CARTESIAN_POINT('',(-21.320673598209,-20.5010848301527,-17.));
#2868=CARTESIAN_POINT('',(-21.320673598209,-22.5010848301527,-15.));
#2869=CARTESIAN_POINT('Origin',(-21.320673598209,-22.5010848301527,-17.));
#2870=CARTESIAN_POINT('',(19.937778673365,-22.5010848301527,-15.));
#2871=CARTESIAN_POINT('',(9.62316560547154,-22.5010848301527,-15.));
#2872=CARTESIAN_POINT('',(19.937778673365,-20.5010848301527,-17.));
#2873=CARTESIAN_POINT('Origin',(19.937778673365,-22.5010848301527,-17.));
#2874=CARTESIAN_POINT('',(9.62316560547154,-20.5010848301527,-17.));
#2875=CARTESIAN_POINT('Origin',(-0.691447462421966,-23.1027975498653,-15.));
#2876=CARTESIAN_POINT('',(-21.320673598209,-25.7045102695778,-15.));
#2877=CARTESIAN_POINT('',(-21.320673598209,-25.7045102695778,-15.));
#2878=CARTESIAN_POINT('',(-21.3332985038671,-25.7045102695778,-15.));
#2879=CARTESIAN_POINT('',(-21.3332985038671,-25.7045102695778,-15.));
#2880=CARTESIAN_POINT('',(-21.3332985038671,-53.5764820798123,-15.));
#2881=CARTESIAN_POINT('',(-21.3332985038671,-53.5764820798123,-15.));
#2882=CARTESIAN_POINT('',(-14.7939698528406,-53.5764820798123,-15.));
#2883=CARTESIAN_POINT('',(-14.7939698528406,-53.5764820798123,-15.));
#2884=CARTESIAN_POINT('',(-14.7939698528406,-25.7045102695778,-15.));
#2885=CARTESIAN_POINT('',(-14.7939698528406,-25.7045102695778,-15.));
#2886=CARTESIAN_POINT('',(10.7904400020835,-25.7045102695778,-15.));
#2887=CARTESIAN_POINT('',(19.937778673365,-25.7045102695778,-15.));
#2888=CARTESIAN_POINT('',(10.7904400020835,-54.0000008046627,-15.));
#2889=CARTESIAN_POINT('',(10.7904400020835,-54.0000008046627,-15.));
#2890=CARTESIAN_POINT('',(20.0000002980232,-54.0000008046627,-15.));
#2891=CARTESIAN_POINT('',(20.0000002980232,-54.0000008046627,-15.));
#2892=CARTESIAN_POINT('',(20.0000002980232,-25.7045102695778,-15.));
#2893=CARTESIAN_POINT('',(20.0000002980232,-25.7045102695778,-15.));
#2894=CARTESIAN_POINT('',(19.937778673365,-25.7045102695778,-15.));
#2895=CARTESIAN_POINT('',(10.7904400020835,-25.7045102695778,-15.));
#2896=CARTESIAN_POINT('',(19.937778673365,-20.5010848301527,-15.));
#2897=CARTESIAN_POINT('Origin',(-21.320673598209,-20.5010848301527,-20.));
#2898=CARTESIAN_POINT('',(-21.320673598209,-20.5010848301527,-20.));
#2899=CARTESIAN_POINT('',(-21.320673598209,-20.5010848301527,-20.));
#2900=CARTESIAN_POINT('',(-21.320673598209,-25.7045102695778,-20.));
#2901=CARTESIAN_POINT('',(-21.320673598209,-25.7045102695778,-20.));
#2902=CARTESIAN_POINT('',(-21.320673598209,-25.7045102695778,-20.));
#2903=CARTESIAN_POINT('Origin',(-14.7939698528406,-53.5764820798123,-20.));
#2904=CARTESIAN_POINT('',(-14.7939698528406,-25.7045102695778,-20.));
#2905=CARTESIAN_POINT('',(-14.7939698528406,-53.5764820798123,-20.));
#2906=CARTESIAN_POINT('',(-14.7939698528406,-25.7045102695778,-20.));
#2907=CARTESIAN_POINT('',(-14.7939698528406,-25.7045102695778,-20.));
#2908=CARTESIAN_POINT('',(-14.7939698528406,-53.5764820798123,-20.));
#2909=CARTESIAN_POINT('Origin',(-21.3332985038671,-53.5764820798123,-20.));
#2910=CARTESIAN_POINT('',(-21.3332985038671,-53.5764820798123,-20.));
#2911=CARTESIAN_POINT('',(-14.7939698528406,-53.5764820798123,-20.));
#2912=CARTESIAN_POINT('',(-21.3332985038671,-53.5764820798123,-20.));
#2913=CARTESIAN_POINT('Origin',(-21.3332985038671,-25.7045102695778,-20.));
#2914=CARTESIAN_POINT('',(-21.3332985038671,-25.7045102695778,-20.));
#2915=CARTESIAN_POINT('',(-21.3332985038671,-53.5764820798123,-20.));
#2916=CARTESIAN_POINT('',(-21.3332985038671,-25.7045102695778,-20.));
#2917=CARTESIAN_POINT('Origin',(-21.320673598209,-25.7045102695778,-20.));
#2918=CARTESIAN_POINT('',(-21.3332985038671,-25.7045102695778,-20.));
#2919=CARTESIAN_POINT('Origin',(19.937778673365,-20.5010848301527,-20.));
#2920=CARTESIAN_POINT('',(19.937778673365,-20.5010848301527,-20.));
#2921=CARTESIAN_POINT('',(19.937778673365,-20.5010848301527,-20.));
#2922=CARTESIAN_POINT('',(-21.320673598209,-20.5010848301527,-20.));
#2923=CARTESIAN_POINT('Origin',(19.937778673365,-25.7045102695778,-20.));
#2924=CARTESIAN_POINT('',(19.937778673365,-25.7045102695778,-20.));
#2925=CARTESIAN_POINT('',(19.937778673365,-25.7045102695778,-20.));
#2926=CARTESIAN_POINT('',(19.937778673365,-20.5010848301527,-20.));
#2927=CARTESIAN_POINT('Origin',(20.0000002980232,-25.7045102695778,-20.));
#2928=CARTESIAN_POINT('',(20.0000002980232,-25.7045102695778,-20.));
#2929=CARTESIAN_POINT('',(10.7904400020835,-25.7045102695778,-20.));
#2930=CARTESIAN_POINT('',(20.0000002980232,-25.7045102695778,-20.));
#2931=CARTESIAN_POINT('Origin',(20.0000002980232,-54.0000008046627,-20.));
#2932=CARTESIAN_POINT('',(20.0000002980232,-54.0000008046627,-20.));
#2933=CARTESIAN_POINT('',(20.0000002980232,-25.7045102695778,-20.));
#2934=CARTESIAN_POINT('',(20.0000002980232,-54.0000008046627,-20.));
#2935=CARTESIAN_POINT('Origin',(10.7904400020835,-54.0000008046627,-20.));
#2936=CARTESIAN_POINT('',(10.7904400020835,-54.0000008046627,-20.));
#2937=CARTESIAN_POINT('',(20.0000002980232,-54.0000008046627,-20.));
#2938=CARTESIAN_POINT('',(10.7904400020835,-54.0000008046627,-20.));
#2939=CARTESIAN_POINT('Origin',(10.7904400020835,-25.7045102695778,-20.));
#2940=CARTESIAN_POINT('',(10.7904400020835,-25.7045102695778,-20.));
#2941=CARTESIAN_POINT('',(10.7904400020835,-54.0000008046627,-20.));
#2942=CARTESIAN_POINT('',(10.7904400020835,-25.7045102695778,-20.));
#2943=CARTESIAN_POINT('Origin',(-14.7939698528406,-25.7045102695778,-20.));
#2944=CARTESIAN_POINT('',(19.937778673365,-25.7045102695778,-20.));
#2945=CARTESIAN_POINT('Origin',(-0.691447462421966,-23.1027975498653,-20.));
#2946=CARTESIAN_POINT('Origin',(-16.0000002384186,-127.499999925494,-25.500000372529));
#2947=CARTESIAN_POINT('',(26.9999995678663,-126.999999925494,-25.500000372529));
#2948=CARTESIAN_POINT('',(-29.0000004321337,-126.999999925494,-25.500000372529));
#2949=CARTESIAN_POINT('',(-16.0000002384186,-126.999999925494,-25.500000372529));
#2950=CARTESIAN_POINT('',(-29.5000004321337,-127.499999925494,-25.000000372529));
#2951=CARTESIAN_POINT('Origin',(-29.5000004321337,-127.499999925494,-25.500000372529));
#2952=CARTESIAN_POINT('',(27.4999995678663,-127.499999925494,-25.000000372529));
#2953=CARTESIAN_POINT('',(-16.0000002384186,-127.499999925494,-25.000000372529));
#2954=CARTESIAN_POINT('Origin',(27.4999995678663,-127.499999925494,-25.500000372529));
#2955=CARTESIAN_POINT('Origin',(27.4999995678663,-116.999999776483,-25.500000372529));
#2956=CARTESIAN_POINT('',(27.4999995678663,-124.49999935925,-25.000000372529));
#2957=CARTESIAN_POINT('',(27.4999995678663,-116.999999776483,-25.000000372529));
#2958=CARTESIAN_POINT('',(26.9999995678663,-124.99999935925,-25.500000372529));
#2959=CARTESIAN_POINT('Origin',(27.4999995678663,-124.49999935925,-25.500000372529));
#2960=CARTESIAN_POINT('',(26.9999995678663,-116.999999776483,-25.500000372529));
#2961=CARTESIAN_POINT('Origin',(12.9999997764826,-124.49999935925,-25.500000372529));
#2962=CARTESIAN_POINT('',(3.01258537829692,-124.49999935925,-25.000000372529));
#2963=CARTESIAN_POINT('',(12.9999997764826,-124.49999935925,-25.000000372529));
#2964=CARTESIAN_POINT('',(2.51258537829692,-124.99999935925,-25.500000372529));
#2965=CARTESIAN_POINT('Origin',(3.01258537829692,-124.49999935925,-25.500000372529));
#2966=CARTESIAN_POINT('',(12.9999997764826,-124.99999935925,-25.500000372529));
#2967=CARTESIAN_POINT('Origin',(3.01258537829692,-115.999999493361,-25.500000372529));
#2968=CARTESIAN_POINT('',(3.01258537829692,-122.27653465406,-25.000000372529));
#2969=CARTESIAN_POINT('',(3.01258537829692,-115.999999493361,-25.000000372529));
#2970=CARTESIAN_POINT('',(2.51258537829692,-122.77653465406,-25.500000372529));
#2971=CARTESIAN_POINT('Origin',(3.01258537829692,-122.27653465406,-25.500000372529));
#2972=CARTESIAN_POINT('',(2.51258537829692,-115.999999493361,-25.500000372529));
#2973=CARTESIAN_POINT('Origin',(-7.16713283832601,-114.888267140765,-25.500000372529));
#2974=CARTESIAN_POINT('',(-6.66713283832601,-124.99999935925,-25.500000372529));
#2975=CARTESIAN_POINT('',(-6.66713283832601,-122.77653465406,-25.500000372529));
#2976=CARTESIAN_POINT('',(-6.66713283832601,-114.888267140765,-25.500000372529));
#2977=CARTESIAN_POINT('',(-7.16713283832601,-122.27653465406,-25.000000372529));
#2978=CARTESIAN_POINT('Origin',(-7.16713283832601,-122.27653465406,-25.500000372529));
#2979=CARTESIAN_POINT('',(-7.16713283832601,-124.49999935925,-25.000000372529));
#2980=CARTESIAN_POINT('',(-7.16713283832601,-114.888267140765,-25.000000372529));
#2981=CARTESIAN_POINT('Origin',(-7.16713283832601,-124.49999935925,-25.500000372529));
#2982=CARTESIAN_POINT('Origin',(0.75629268169788,-122.27653465406,-25.500000372529));
#2983=CARTESIAN_POINT('',(0.75629268169788,-122.27653465406,-25.000000372529));
#2984=CARTESIAN_POINT('',(0.75629268169788,-122.77653465406,-25.500000372529));
#2985=CARTESIAN_POINT('Origin',(-3.83356642661359,-124.49999935925,-25.500000372529));
#2986=CARTESIAN_POINT('',(-29.0000004321337,-124.99999935925,-25.500000372529));
#2987=CARTESIAN_POINT('',(-3.83356642661359,-124.99999935925,-25.500000372529));
#2988=CARTESIAN_POINT('',(-29.5000004321337,-124.49999935925,-25.000000372529));
#2989=CARTESIAN_POINT('',(-3.83356642661359,-124.49999935925,-25.000000372529));
#2990=CARTESIAN_POINT('Origin',(-29.5000004321337,-124.49999935925,-25.500000372529));
#2991=CARTESIAN_POINT('Origin',(-29.5000004321337,-97.9999994933605,-25.500000372529));
#2992=CARTESIAN_POINT('',(-29.0000004321337,-97.9999994933605,-25.500000372529));
#2993=CARTESIAN_POINT('',(-29.5000004321337,-97.9999994933605,-25.000000372529));
#2994=CARTESIAN_POINT('Origin',(26.9999995678663,-124.99999935925,-25.000000372529));
#2995=CARTESIAN_POINT('',(2.51258537829692,-124.99999935925,-27.000000372529));
#2996=CARTESIAN_POINT('',(2.51258537829692,-124.99999935925,-25.000000372529));
#2997=CARTESIAN_POINT('',(26.9999995678663,-124.99999935925,-27.000000372529));
#2998=CARTESIAN_POINT('',(26.9999995678663,-124.99999935925,-27.000000372529));
#2999=CARTESIAN_POINT('',(26.9999995678663,-124.99999935925,-25.000000372529));
#3000=CARTESIAN_POINT('Origin',(2.51258537829692,-124.99999935925,-25.000000372529));
#3001=CARTESIAN_POINT('',(2.51258537829692,-122.77653465406,-27.000000372529));
#3002=CARTESIAN_POINT('',(2.51258537829692,-122.77653465406,-25.000000372529));
#3003=CARTESIAN_POINT('',(2.51258537829692,-122.77653465406,-27.000000372529));
#3004=CARTESIAN_POINT('Origin',(2.51258537829692,-122.77653465406,-25.000000372529));
#3005=CARTESIAN_POINT('',(-6.66713283832601,-122.77653465406,-27.000000372529));
#3006=CARTESIAN_POINT('',(-6.66713283832601,-122.77653465406,-25.000000372529));
#3007=CARTESIAN_POINT('',(-6.66713283832601,-122.77653465406,-27.000000372529));
#3008=CARTESIAN_POINT('Origin',(-6.66713283832601,-122.77653465406,-25.000000372529));
#3009=CARTESIAN_POINT('',(-6.66713283832601,-124.99999935925,-27.000000372529));
#3010=CARTESIAN_POINT('',(-6.66713283832601,-124.99999935925,-25.000000372529));
#3011=CARTESIAN_POINT('',(-6.66713283832601,-126.203422704522,-27.000000372529));
#3012=CARTESIAN_POINT('Origin',(-1.00000001490116,-106.999999627471,-25.000000372529));
#3013=CARTESIAN_POINT('',(-32.0000005364418,-132.,-25.000000372529));
#3014=CARTESIAN_POINT('',(-32.0000005364418,-86.9999992549419,-25.000000372529));
#3015=CARTESIAN_POINT('',(-32.0000005364418,-132.,-25.000000372529));
#3016=CARTESIAN_POINT('',(30.0000005066395,-132.,-25.000000372529));
#3017=CARTESIAN_POINT('',(34.0000005066395,-132.,-25.000000372529));
#3018=CARTESIAN_POINT('',(30.0000005066395,-86.9999992549419,-25.000000372529));
#3019=CARTESIAN_POINT('',(30.0000005066395,-81.9999992549419,-25.000000372529));
#3020=CARTESIAN_POINT('',(29.0000005066395,-85.9999992549419,-25.000000372529));
#3021=CARTESIAN_POINT('Origin',(29.0000005066395,-86.9999992549419,-25.000000372529));
#3022=CARTESIAN_POINT('',(-31.0000005364418,-85.9999992549419,-25.000000372529));
#3023=CARTESIAN_POINT('',(-36.0000005364418,-85.9999992549419,-25.000000372529));
#3024=CARTESIAN_POINT('Origin',(-31.0000005364418,-86.9999992549419,-25.000000372529));
#3025=CARTESIAN_POINT('Origin',(30.0000005066395,-81.9999992549419,-30.000000372529));
#3026=CARTESIAN_POINT('',(34.0000005066395,-132.,-27.000000372529));
#3027=CARTESIAN_POINT('Origin',(30.0000005066395,-132.,-30.000000372529));
#3028=CARTESIAN_POINT('',(34.0000005066395,-86.9999992549419,-27.000000372529));
#3029=CARTESIAN_POINT('',(34.0000005066395,-81.9999992549419,-27.000000372529));
#3030=CARTESIAN_POINT('Origin',(30.0000005066395,-86.9999992549419,-30.000000372529));
#3031=CARTESIAN_POINT('Ctrl Pts',(29.0000005066395,-81.9999992549419,-27.0000003725291));
#3032=CARTESIAN_POINT('Ctrl Pts',(34.0000005066395,-81.9999992549419,-27.0000003725291));
#3033=CARTESIAN_POINT('Ctrl Pts',(34.0000005066395,-86.9999992549419,-27.0000003725291));
#3034=CARTESIAN_POINT('Ctrl Pts',(29.0000005066395,-83.4999992549419,-25.000000372529));
#3035=CARTESIAN_POINT('Ctrl Pts',(32.5000005066395,-83.4999992549419,-25.000000372529));
#3036=CARTESIAN_POINT('Ctrl Pts',(32.5000005066395,-86.9999992549419,-25.000000372529));
#3037=CARTESIAN_POINT('Ctrl Pts',(29.0000005066395,-85.9999992549419,-25.000000372529));
#3038=CARTESIAN_POINT('Ctrl Pts',(30.0000005066395,-85.9999992549419,-25.000000372529));
#3039=CARTESIAN_POINT('Ctrl Pts',(30.0000005066395,-86.9999992549419,-25.000000372529));
#3040=CARTESIAN_POINT('',(29.0000005066395,-81.9999992549419,-27.000000372529));
#3041=CARTESIAN_POINT('Origin',(29.0000005066395,-85.9999992549419,-30.000000372529));
#3042=CARTESIAN_POINT('Origin',(29.0000005066395,-86.9999992549419,-27.000000372529));
#3043=CARTESIAN_POINT('Origin',(-36.0000005364418,-85.9999992549419,-30.000000372529));
#3044=CARTESIAN_POINT('',(-31.0000005364418,-81.9999992549419,-27.000000372529));
#3045=CARTESIAN_POINT('Origin',(-31.0000005364418,-85.9999992549419,-30.000000372529));
#3046=CARTESIAN_POINT('',(-36.0000005364418,-81.9999992549419,-27.000000372529));
#3047=CARTESIAN_POINT('Ctrl Pts',(-36.0000005364418,-86.9999992549419,-27.0000003725291));
#3048=CARTESIAN_POINT('Ctrl Pts',(-36.0000005364418,-81.9999992549419,-27.0000003725291));
#3049=CARTESIAN_POINT('Ctrl Pts',(-31.0000005364418,-81.9999992549419,-27.0000003725291));
#3050=CARTESIAN_POINT('Ctrl Pts',(-34.5000005364418,-86.9999992549419,-25.000000372529));
#3051=CARTESIAN_POINT('Ctrl Pts',(-34.5000005364418,-83.4999992549419,-25.000000372529));
#3052=CARTESIAN_POINT('Ctrl Pts',(-31.0000005364418,-83.4999992549419,-25.000000372529));
#3053=CARTESIAN_POINT('Ctrl Pts',(-32.0000005364418,-86.9999992549419,-25.000000372529));
#3054=CARTESIAN_POINT('Ctrl Pts',(-32.0000005364418,-85.9999992549419,-25.000000372529));
#3055=CARTESIAN_POINT('Ctrl Pts',(-31.0000005364418,-85.9999992549419,-25.000000372529));
#3056=CARTESIAN_POINT('',(-36.0000005364418,-86.9999992549419,-27.000000372529));
#3057=CARTESIAN_POINT('Origin',(-32.0000005364418,-86.9999992549419,-30.000000372529));
#3058=CARTESIAN_POINT('Origin',(-31.0000005364418,-86.9999992549419,-27.000000372529));
#3059=CARTESIAN_POINT('Origin',(-32.0000005364418,-132.,-30.000000372529));
#3060=CARTESIAN_POINT('',(-36.0000005364418,-132.,-27.000000372529));
#3061=CARTESIAN_POINT('Origin',(-32.0000005364418,-132.,-30.000000372529));
#3062=CARTESIAN_POINT('',(-36.0000005364418,-132.,-27.000000372529));
#3063=CARTESIAN_POINT('Origin',(-29.0000004321337,-126.999999925494,-25.000000372529));
#3064=CARTESIAN_POINT('',(-31.000000461936,-126.999999925494,-27.000000372529));
#3065=CARTESIAN_POINT('',(-29.0000004321337,-126.999999925494,-27.000000372529));
#3066=CARTESIAN_POINT('',(29.0000004321337,-126.999999925494,-27.000000372529));
#3067=CARTESIAN_POINT('',(-31.000000461936,-126.999999925494,-29.000000372529));
#3068=CARTESIAN_POINT('',(-31.000000461936,-126.999999925494,-25.000000372529));
#3069=CARTESIAN_POINT('',(-29.0000004321337,-126.999999925494,-29.000000372529));
#3070=CARTESIAN_POINT('',(29.0000004321337,-126.999999925494,-29.000000372529));
#3071=CARTESIAN_POINT('',(-29.0000004321337,-126.999999925494,-25.000000372529));
#3072=CARTESIAN_POINT('Origin',(26.9999995678663,-126.999999925494,-25.000000372529));
#3073=CARTESIAN_POINT('',(26.9999995678663,-88.9999993592501,-27.000000372529));
#3074=CARTESIAN_POINT('',(26.9999995678663,-88.9999993592501,-27.000000372529));
#3075=CARTESIAN_POINT('',(26.9999995678663,-88.9999993592501,-29.000000372529));
#3076=CARTESIAN_POINT('',(26.9999995678663,-88.9999993592501,-25.000000372529));
#3077=CARTESIAN_POINT('',(26.9999995678663,-126.999999925494,-29.000000372529));
#3078=CARTESIAN_POINT('',(26.9999995678663,-124.99999935925,-29.000000372529));
#3079=CARTESIAN_POINT('',(26.9999995678663,-126.999999925494,-27.000000372529));
#3080=CARTESIAN_POINT('',(26.9999995678663,-126.999999925494,-25.000000372529));
#3081=CARTESIAN_POINT('',(26.9999995678663,-126.999999925494,-25.000000372529));
#3082=CARTESIAN_POINT('Origin',(26.9999995678663,-88.9999993592501,-25.000000372529));
#3083=CARTESIAN_POINT('',(-29.0000004321337,-88.9999993592501,-27.000000372529));
#3084=CARTESIAN_POINT('',(-29.0000004321337,-88.9999993592501,-27.000000372529));
#3085=CARTESIAN_POINT('',(-29.0000004321337,-88.9999993592501,-29.000000372529));
#3086=CARTESIAN_POINT('',(-29.0000004321337,-88.9999993592501,-25.000000372529));
#3087=CARTESIAN_POINT('',(-29.0000004321337,-88.9999993592501,-29.000000372529));
#3088=CARTESIAN_POINT('Origin',(-29.0000004321337,-88.9999993592501,-25.000000372529));
#3089=CARTESIAN_POINT('',(-29.0000004321337,-126.999999925494,-25.000000372529));
#3090=CARTESIAN_POINT('',(-29.0000004321337,-124.99999935925,-29.000000372529));
#3091=CARTESIAN_POINT('',(-29.0000004321337,-124.99999935925,-27.000000372529));
#3092=CARTESIAN_POINT('',(-29.0000004321337,-124.99999935925,-27.000000372529));
#3093=CARTESIAN_POINT('',(-29.0000004321337,-124.99999935925,-25.000000372529));
#3094=CARTESIAN_POINT('Origin',(29.0000004321337,-126.999999925494,-25.000000372529));
#3095=CARTESIAN_POINT('',(29.0000004321337,-126.999999925494,-27.000000372529));
#3096=CARTESIAN_POINT('',(29.0000004321337,-126.999999925494,-27.000000372529));
#3097=CARTESIAN_POINT('',(29.0000004321337,-126.999999925494,-29.000000372529));
#3098=CARTESIAN_POINT('',(29.0000004321337,-126.999999925494,-29.000000372529));
#3099=CARTESIAN_POINT('',(29.0000004321337,-126.999999925494,-25.000000372529));
#3100=CARTESIAN_POINT('Origin',(29.0000004321337,-86.9999993294477,-25.000000372529));
#3101=CARTESIAN_POINT('',(29.0000004321337,-86.9999993294477,-27.000000372529));
#3102=CARTESIAN_POINT('',(29.0000004321337,-86.9999993294477,-27.000000372529));
#3103=CARTESIAN_POINT('',(29.0000004321337,-86.9999993294477,-29.000000372529));
#3104=CARTESIAN_POINT('',(29.0000004321337,-86.9999993294477,-29.000000372529));
#3105=CARTESIAN_POINT('',(29.0000004321337,-86.9999993294477,-25.000000372529));
#3106=CARTESIAN_POINT('Origin',(-31.000000461936,-86.9999993294477,-25.000000372529));
#3107=CARTESIAN_POINT('',(-31.000000461936,-86.9999993294477,-27.000000372529));
#3108=CARTESIAN_POINT('',(-31.000000461936,-86.9999993294477,-27.000000372529));
#3109=CARTESIAN_POINT('',(-31.000000461936,-86.9999993294477,-29.000000372529));
#3110=CARTESIAN_POINT('',(-31.000000461936,-86.9999993294477,-29.000000372529));
#3111=CARTESIAN_POINT('',(-31.000000461936,-86.9999993294477,-25.000000372529));
#3112=CARTESIAN_POINT('Origin',(-31.000000461936,-126.999999925494,-25.000000372529));
#3113=CARTESIAN_POINT('',(-31.000000461936,-126.999999925494,-27.000000372529));
#3114=CARTESIAN_POINT('',(-31.000000461936,-126.999999925494,-29.000000372529));
#3115=CARTESIAN_POINT('Origin',(-1.00000001490116,-106.999999627471,-29.000000372529));
#3116=CARTESIAN_POINT('Origin',(-31.000000461936,-126.999999925494,-25.000000372529));
#3117=CARTESIAN_POINT('',(29.0000004321337,-126.999999925494,-27.000000372529));
#3118=CARTESIAN_POINT('Origin',(34.0000005066395,-132.,-25.000000372529));
#3119=CARTESIAN_POINT('',(34.0000005066395,-132.,-27.000000372529));
#3120=CARTESIAN_POINT('Origin',(-1.00000001490116,-106.999999627471,-27.000000372529));
#3121=CARTESIAN_POINT('Origin',(-6.66713283832601,-124.99999935925,-25.000000372529));
#3122=CARTESIAN_POINT('',(26.9999995678663,-124.99999935925,-27.000000372529));
#3123=CARTESIAN_POINT('Origin',(-1.00000043213367,-106.99999935925,-27.000000372529));
#3124=CARTESIAN_POINT('',(0.,-5.,0.));
#3125=UNCERTAINTY_MEASURE_WITH_UNIT(LENGTH_MEASURE(0.01),#3131,
'DISTANCE_ACCURACY_VALUE',
'Maximum model space distance between geometric entities at asserted c
onnectivities');
#3126=UNCERTAINTY_MEASURE_WITH_UNIT(LENGTH_MEASURE(0.01),#3131,
'DISTANCE_ACCURACY_VALUE',
'Maximum model space distance between geometric entities at asserted c
onnectivities');
#3127=UNCERTAINTY_MEASURE_WITH_UNIT(LENGTH_MEASURE(0.01),#3131,
'DISTANCE_ACCURACY_VALUE',
'Maximum model space distance between geometric entities at asserted c
onnectivities');
#3128=(
GEOMETRIC_REPRESENTATION_CONTEXT(3)
GLOBAL_UNCERTAINTY_ASSIGNED_CONTEXT((#3125))
GLOBAL_UNIT_ASSIGNED_CONTEXT((#3131,#3133,#3134))
REPRESENTATION_CONTEXT('','3D')
);
#3129=(
GEOMETRIC_REPRESENTATION_CONTEXT(3)
GLOBAL_UNCERTAINTY_ASSIGNED_CONTEXT((#3126))
GLOBAL_UNIT_ASSIGNED_CONTEXT((#3131,#3133,#3134))
REPRESENTATION_CONTEXT('','3D')
);
#3130=(
GEOMETRIC_REPRESENTATION_CONTEXT(3)
GLOBAL_UNCERTAINTY_ASSIGNED_CONTEXT((#3127))
GLOBAL_UNIT_ASSIGNED_CONTEXT((#3131,#3133,#3134))
REPRESENTATION_CONTEXT('','3D')
);
#3131=(
LENGTH_UNIT()
NAMED_UNIT(*)
SI_UNIT(.MILLI.,.METRE.)
);
#3132=(
LENGTH_UNIT()
NAMED_UNIT(*)
SI_UNIT($,.METRE.)
);
#3133=(
NAMED_UNIT(*)
PLANE_ANGLE_UNIT()
SI_UNIT($,.RADIAN.)
);
#3134=(
NAMED_UNIT(*)
SI_UNIT($,.STERADIAN.)
SOLID_ANGLE_UNIT()
);
#3135=SHAPE_DEFINITION_REPRESENTATION(#3137,#3140);
#3136=SHAPE_DEFINITION_REPRESENTATION(#3138,#3141);
#3137=PRODUCT_DEFINITION_SHAPE('',$,#3143);
#3138=PRODUCT_DEFINITION_SHAPE('',$,#3144);
#3139=PRODUCT_DEFINITION_SHAPE($,$,#16);
#3140=SHAPE_REPRESENTATION('',(#1879,#2045),#3128);
#3141=SHAPE_REPRESENTATION('',(#1880),#3129);
#3142=PRODUCT_DEFINITION_CONTEXT('part definition',#3150,'design');
#3143=PRODUCT_DEFINITION(
'127afa8c28322fe3a27d315b693679e020221009-1-1ix8i7g',
'Spotify Display v10',#3145,#3142);
#3144=PRODUCT_DEFINITION('Varsay\X2\0131\X0\lan','Varsay\X2\0131\X0\la
n',#3146,#3142);
#3145=PRODUCT_DEFINITION_FORMATION('',$,#3152);
#3146=PRODUCT_DEFINITION_FORMATION('',$,#3153);
#3147=PRODUCT_RELATED_PRODUCT_CATEGORY('Spotify Display v10',
'Spotify Display v10',(#3152));
#3148=PRODUCT_RELATED_PRODUCT_CATEGORY('Varsay\X2\0131\X0\lan',
'Varsay\X2\0131\X0\lan',(#3153));
#3149=APPLICATION_PROTOCOL_DEFINITION('international standard',
'automotive_design',2009,#3150);
#3150=APPLICATION_CONTEXT(
'Core Data for Automotive Mechanical Design Process');
#3151=PRODUCT_CONTEXT('part definition',#3150,'mechanical');
#3152=PRODUCT('127afa8c28322fe3a27d315b693679e020221009-1-1ix8i7g',
'Spotify Display v10','HOOPS Exchange Step',(#3151));
#3153=PRODUCT('Varsay\X2\0131\X0\lan','Varsay\X2\0131\X0\lan',$,(#3151));
#3154=PRESENTATION_STYLE_ASSIGNMENT((#3162));
#3155=PRESENTATION_STYLE_ASSIGNMENT((#3163));
#3156=PRESENTATION_STYLE_ASSIGNMENT((#3164));
#3157=PRESENTATION_STYLE_ASSIGNMENT((#3165));
#3158=PRESENTATION_STYLE_ASSIGNMENT((#3166));
#3159=PRESENTATION_STYLE_ASSIGNMENT((#3167));
#3160=PRESENTATION_STYLE_ASSIGNMENT((#3168));
#3161=PRESENTATION_STYLE_ASSIGNMENT((#3169));
#3162=SURFACE_STYLE_USAGE(.BOTH.,#3170);
#3163=SURFACE_STYLE_USAGE(.BOTH.,#3171);
#3164=SURFACE_STYLE_USAGE(.BOTH.,#3172);
#3165=SURFACE_STYLE_USAGE(.BOTH.,#3173);
#3166=SURFACE_STYLE_USAGE(.BOTH.,#3174);
#3167=SURFACE_STYLE_USAGE(.BOTH.,#3175);
#3168=SURFACE_STYLE_USAGE(.BOTH.,#3176);
#3169=SURFACE_STYLE_USAGE(.BOTH.,#3177);
#3170=SURFACE_SIDE_STYLE('',(#3178));
#3171=SURFACE_SIDE_STYLE('',(#3179));
#3172=SURFACE_SIDE_STYLE('',(#3180));
#3173=SURFACE_SIDE_STYLE('',(#3181));
#3174=SURFACE_SIDE_STYLE('',(#3182));
#3175=SURFACE_SIDE_STYLE('',(#3183));
#3176=SURFACE_SIDE_STYLE('',(#3184));
#3177=SURFACE_SIDE_STYLE('',(#3185));
#3178=SURFACE_STYLE_FILL_AREA(#3186);
#3179=SURFACE_STYLE_FILL_AREA(#3187);
#3180=SURFACE_STYLE_FILL_AREA(#3188);
#3181=SURFACE_STYLE_FILL_AREA(#3189);
#3182=SURFACE_STYLE_FILL_AREA(#3190);
#3183=SURFACE_STYLE_FILL_AREA(#3191);
#3184=SURFACE_STYLE_FILL_AREA(#3192);
#3185=SURFACE_STYLE_FILL_AREA(#3193);
#3186=FILL_AREA_STYLE('Steel - Satin',(#3194));
#3187=FILL_AREA_STYLE('Opaque(73,169,84)',(#3195));
#3188=FILL_AREA_STYLE('Opaque(26,26,26)',(#3196));
#3189=FILL_AREA_STYLE('Opaque(255,0,0)',(#3197));
#3190=FILL_AREA_STYLE('Opaque(255,255,255)',(#3198));
#3191=FILL_AREA_STYLE('Opaque(202,209,238)',(#3199));
#3192=FILL_AREA_STYLE('Opaque(63,63,63)',(#3200));
#3193=FILL_AREA_STYLE('Opaque(196,196,196)',(#3201));
#3194=FILL_AREA_STYLE_COLOUR('Steel - Satin',#3202);
#3195=FILL_AREA_STYLE_COLOUR('Opaque(73,169,84)',#3203);
#3196=FILL_AREA_STYLE_COLOUR('Opaque(26,26,26)',#3204);
#3197=FILL_AREA_STYLE_COLOUR('Opaque(255,0,0)',#3205);
#3198=FILL_AREA_STYLE_COLOUR('Opaque(255,255,255)',#3206);
#3199=FILL_AREA_STYLE_COLOUR('Opaque(202,209,238)',#3207);
#3200=FILL_AREA_STYLE_COLOUR('Opaque(63,63,63)',#3208);
#3201=FILL_AREA_STYLE_COLOUR('Opaque(196,196,196)',#3209);
#3202=COLOUR_RGB('Steel - Satin',0.627450980392157,0.627450980392157,0.627450980392157);
#3203=COLOUR_RGB('Opaque(73,169,84)',0.286274509803922,0.662745098039216,
0.329411764705882);
#3204=COLOUR_RGB('Opaque(26,26,26)',0.101960784313725,0.101960784313725,
0.101960784313725);
#3205=COLOUR_RGB('Opaque(255,0,0)',1.,0.,0.);
#3206=COLOUR_RGB('Opaque(255,255,255)',1.,1.,1.);
#3207=COLOUR_RGB('Opaque(202,209,238)',0.792156862745098,0.819607843137255,
0.933333333333333);
#3208=COLOUR_RGB('Opaque(63,63,63)',0.250980392156863,0.250980392156863,
0.250980392156863);
#3209=COLOUR_RGB('Opaque(196,196,196)',0.768627450980392,0.768627450980392,
0.768627450980392);
ENDSEC;
END-ISO-10303-21;
